{"type":"FeatureCollection","name":"Microsoft AI footprint subset near requested coordinates","features":[{"type":"Feature","properties":{"height":-1,"confidence":-1,"footprintSource":"Microsoft Global ML Building Footprints","footprintMethod":"AI detected from imagery; not surveyed","heightMethod":"No supplied height"},"geometry":{"type":"Polygon","coordinates":[[[-100.44877307614396,20.70086810471099],[-100.44870874258302,20.700885546325196],[-100.44875822456908,20.701045254952348],[-100.44887565949729,20.701013416940853],[-100.44884940323416,20.700928651457502],[-100.44879629502248,20.70094304625981],[-100.44877307614396,20.70086810471099]]]},"id":"microsoft-023310003-867"},{"type":"Feature","properties":{"height":-1,"confidence":-1,"footprintSource":"Microsoft Global ML Building Footprints","footprintMethod":"AI detected from imagery; not surveyed","heightMethod":"No supplied height"},"geometry":{"type":"Polygon","coordinates":[[[-100.44987520544409,20.703758086426177],[-100.44984271240087,20.70380253668],[-100.44985916128446,20.703813057908448],[-100.44979542493047,20.703900248747075],[-100.44987035873355,20.703948178750963],[-100.44991409936867,20.703888341925236],[-100.44993237590599,20.703900032172385],[-100.44998486466812,20.70382822795588],[-100.44987520544409,20.703758086426177]]]},"id":"microsoft-023310003-875"},{"type":"Feature","properties":{"height":-1,"confidence":-1,"footprintSource":"Microsoft Global ML Building Footprints","footprintMethod":"AI detected from imagery; not surveyed","heightMethod":"No supplied height"},"geometry":{"type":"Polygon","coordinates":[[[-100.45228033227183,20.699179423368392],[-100.45227480750656,20.699131128830444],[-100.45218994860153,20.699139623642054],[-100.45219547273844,20.69918791268435],[-100.45228033227183,20.699179423368392]]]},"id":"microsoft-023310003-889"},{"type":"Feature","properties":{"height":-1,"confidence":-1,"footprintSource":"Microsoft Global ML Building Footprints","footprintMethod":"AI detected from imagery; not surveyed","heightMethod":"No supplied height"},"geometry":{"type":"Polygon","coordinates":[[[-100.45242365798498,20.70141591887031],[-100.45246378569786,20.70146138185632],[-100.45250046905717,20.70143304948661],[-100.45252153890425,20.701456920723103],[-100.45260925998083,20.70138916939345],[-100.45254805814623,20.701319830288497],[-100.45242365798498,20.70141591887031]]]},"id":"microsoft-023310003-891"},{"type":"Feature","properties":{"height":-1,"confidence":-1,"footprintSource":"Microsoft Global ML Building Footprints","footprintMethod":"AI detected from imagery; not surveyed","heightMethod":"No supplied height"},"geometry":{"type":"Polygon","coordinates":[[[-100.43658865047814,20.699764089815744],[-100.43665029606025,20.699762527891494],[-100.43664884413707,20.699712383463975],[-100.43658719855496,20.699713945388737],[-100.43658865047814,20.699764089815744]]]},"id":"microsoft-023310003-2183"},{"type":"Feature","properties":{"height":-1,"confidence":-1,"footprintSource":"Microsoft Global ML Building Footprints","footprintMethod":"AI detected from imagery; not surveyed","heightMethod":"No supplied height"},"geometry":{"type":"Polygon","coordinates":[[[-100.43693415130878,20.710164566172466],[-100.43675624389537,20.71023436617986],[-100.43682705093862,20.7103922433827],[-100.43689091513829,20.710367186999605],[-100.43690274135609,20.710393555694992],[-100.43701678172246,20.710348805802568],[-100.43693415130878,20.710164566172466]]]},"id":"microsoft-023310003-2186"},{"type":"Feature","properties":{"height":-1,"confidence":-1,"footprintSource":"Microsoft Global ML Building Footprints","footprintMethod":"AI detected from imagery; not surveyed","heightMethod":"No supplied height"},"geometry":{"type":"Polygon","coordinates":[[[-100.4486232873062,20.69794401363106],[-100.44860968725835,20.697855515263043],[-100.44848736319067,20.697871965222745],[-100.44850096972564,20.697960462708807],[-100.4486232873062,20.69794401363106]]]},"id":"microsoft-023310003-2244"},{"type":"Feature","properties":{"height":-1,"confidence":-1,"footprintSource":"Microsoft Global ML Building Footprints","footprintMethod":"AI detected from imagery; not surveyed","heightMethod":"No supplied height"},"geometry":{"type":"Polygon","coordinates":[[[-100.44875268112006,20.697894374690634],[-100.44870943106329,20.697782626720354],[-100.44864777692112,20.697803512051763],[-100.44869102559664,20.69791525643788],[-100.44875268112006,20.697894374690634]]]},"id":"microsoft-023310003-2247"},{"type":"Feature","properties":{"height":-1,"confidence":-1,"footprintSource":"Microsoft Global ML Building Footprints","footprintMethod":"AI detected from imagery; not surveyed","heightMethod":"No supplied height"},"geometry":{"type":"Polygon","coordinates":[[[-100.44905027035347,20.696052953809513],[-100.44904674027454,20.696151662850127],[-100.44916302847238,20.696155302175796],[-100.44916655144587,20.696056585301974],[-100.44905027035347,20.696052953809513]]]},"id":"microsoft-023310003-2250"},{"type":"Feature","properties":{"height":-1,"confidence":-1,"footprintSource":"Microsoft Global ML Building Footprints","footprintMethod":"AI detected from imagery; not surveyed","heightMethod":"No supplied height"},"geometry":{"type":"Polygon","coordinates":[[[-100.44925158116844,20.701981853461476],[-100.44927423459706,20.70205881664951],[-100.44933905779256,20.702042120924432],[-100.44931640436396,20.701965157727912],[-100.44925158116844,20.701981853461476]]]},"id":"microsoft-023310003-2252"},{"type":"Feature","properties":{"height":-1,"confidence":-1,"footprintSource":"Microsoft Global ML Building Footprints","footprintMethod":"AI detected from imagery; not surveyed","heightMethod":"No supplied height"},"geometry":{"type":"Polygon","coordinates":[[[-100.45066324641411,20.70127583147118],[-100.45061768880784,20.701158305711175],[-100.45057847138965,20.701171608283246],[-100.45055391173948,20.701108239057447],[-100.45049464618305,20.701128338096296],[-100.45057764845971,20.701342501842987],[-100.45063217154886,20.70132400759853],[-100.4506192800862,20.701290744864707],[-100.45066324641411,20.70127583147118]]]},"id":"microsoft-023310003-2264"},{"type":"Feature","properties":{"height":-1,"confidence":-1,"footprintSource":"Microsoft Global ML Building Footprints","footprintMethod":"AI detected from imagery; not surveyed","heightMethod":"No supplied height"},"geometry":{"type":"Polygon","coordinates":[[[-100.45493120900585,20.70077521873533],[-100.45493597150268,20.700882923296234],[-100.45502165559175,20.70087960793002],[-100.4550168930949,20.70077190336677],[-100.45493120900585,20.70077521873533]]]},"id":"microsoft-023310003-2288"},{"type":"Feature","properties":{"height":-1,"confidence":-1,"footprintSource":"Microsoft Global ML Building Footprints","footprintMethod":"AI detected from imagery; not surveyed","heightMethod":"No supplied height"},"geometry":{"type":"Polygon","coordinates":[[[-100.45704780682732,20.695389710001407],[-100.45703481933886,20.695298490232076],[-100.45659469784844,20.695353326907338],[-100.45660768533689,20.69544454664367],[-100.45682115743705,20.69541794923282],[-100.45683063479348,20.695484514963425],[-100.45692287582442,20.695473022258653],[-100.45691339846798,20.695406456523003],[-100.45704780682732,20.695389710001407]]]},"id":"microsoft-023310003-2299"},{"type":"Feature","properties":{"height":-1,"confidence":-1,"footprintSource":"Microsoft Global ML Building Footprints","footprintMethod":"AI detected from imagery; not surveyed","heightMethod":"No supplied height"},"geometry":{"type":"Polygon","coordinates":[[[-100.44870341575246,20.703275584791314],[-100.44870780381021,20.703400900688834],[-100.44877478732424,20.703398852728995],[-100.44877039926651,20.703273536829755],[-100.44870341575246,20.703275584791314]]]},"id":"microsoft-023310003-3578"},{"type":"Feature","properties":{"height":-1,"confidence":-1,"footprintSource":"Microsoft Global ML Building Footprints","footprintMethod":"AI detected from imagery; not surveyed","heightMethod":"No supplied height"},"geometry":{"type":"Polygon","coordinates":[[[-100.44890509132706,20.698748998546435],[-100.44895821782333,20.69889519461516],[-100.44894379160813,20.698899782051328],[-100.44896290230372,20.698952371754174],[-100.44908071890724,20.698914914615656],[-100.44900847920269,20.698716121884786],[-100.44890509132706,20.698748998546435]]]},"id":"microsoft-023310003-3580"},{"type":"Feature","properties":{"height":-1,"confidence":-1,"footprintSource":"Microsoft Global ML Building Footprints","footprintMethod":"AI detected from imagery; not surveyed","heightMethod":"No supplied height"},"geometry":{"type":"Polygon","coordinates":[[[-100.45063072566165,20.700850079331744],[-100.45063459613543,20.700872064459062],[-100.45067637831743,20.70086562785312],[-100.45067250784366,20.700843642724863],[-100.45063072566165,20.700850079331744]]]},"id":"microsoft-023310003-3591"},{"type":"Feature","properties":{"height":-1,"confidence":-1,"footprintSource":"Microsoft Global ML Building Footprints","footprintMethod":"AI detected from imagery; not surveyed","heightMethod":"No supplied height"},"geometry":{"type":"Polygon","coordinates":[[[-100.45166847831834,20.702544419372842],[-100.45171035405657,20.702570593272924],[-100.45173761057026,20.70253243130024],[-100.45169573680597,20.702506258627395],[-100.45166847831834,20.702544419372842]]]},"id":"microsoft-023310003-3599"},{"type":"Feature","properties":{"height":-1,"confidence":-1,"footprintSource":"Microsoft Global ML Building Footprints","footprintMethod":"AI detected from imagery; not surveyed","heightMethod":"No supplied height"},"geometry":{"type":"Polygon","coordinates":[[[-100.45251356181076,20.700832448471147],[-100.45251988508407,20.70087548004922],[-100.4525699024728,20.70086905191134],[-100.45256357872724,20.700826017117535],[-100.45251356181076,20.700832448471147]]]},"id":"microsoft-023310003-3607"},{"type":"Feature","properties":{"height":-1,"confidence":-1,"footprintSource":"Microsoft Global ML Building Footprints","footprintMethod":"AI detected from imagery; not surveyed","heightMethod":"No supplied height"},"geometry":{"type":"Polygon","coordinates":[[[-100.45310150081905,20.69585932294295],[-100.45308977370216,20.695906980131753],[-100.45314427764856,20.695918716936873],[-100.45315600137927,20.695871059022593],[-100.45310150081905,20.69585932294295]]]},"id":"microsoft-023310003-3609"},{"type":"Feature","properties":{"height":-1,"confidence":-1,"footprintSource":"Microsoft Global ML Building Footprints","footprintMethod":"AI detected from imagery; not surveyed","heightMethod":"No supplied height"},"geometry":{"type":"Polygon","coordinates":[[[-100.45392653433063,20.704500086233338],[-100.4539020411559,20.704389417884997],[-100.45384194503794,20.70440105981973],[-100.45386644615246,20.70451172662146],[-100.45392653433063,20.704500086233338]]]},"id":"microsoft-023310003-3614"},{"type":"Feature","properties":{"height":-1,"confidence":-1,"footprintSource":"Microsoft Global ML Building Footprints","footprintMethod":"AI detected from imagery; not surveyed","heightMethod":"No supplied height"},"geometry":{"type":"Polygon","coordinates":[[[-100.45445284102965,20.70100312522804],[-100.45439383261198,20.701003028645758],[-100.45439371528445,20.701065754436087],[-100.45445272370213,20.701065851018342],[-100.45445284102965,20.70100312522804]]]},"id":"microsoft-023310003-3619"},{"type":"Feature","properties":{"height":-1,"confidence":-1,"footprintSource":"Microsoft Global ML Building Footprints","footprintMethod":"AI detected from imagery; not surveyed","heightMethod":"No supplied height"},"geometry":{"type":"Polygon","coordinates":[[[-100.43671636046237,20.69978362867421],[-100.4366654322751,20.699784855698113],[-100.43666936737579,20.69992777723995],[-100.43672029556309,20.6999265502172],[-100.43671636046237,20.69978362867421]]]},"id":"microsoft-023310003-4880"},{"type":"Feature","properties":{"height":-1,"confidence":-1,"footprintSource":"Microsoft Global ML Building Footprints","footprintMethod":"AI detected from imagery; not surveyed","heightMethod":"No supplied height"},"geometry":{"type":"Polygon","coordinates":[[[-100.44309662712656,20.694941105008695],[-100.44309365691417,20.6948583965126],[-100.4429131654333,20.694864056993183],[-100.44291612946468,20.69494676568003],[-100.44309662712656,20.694941105008695]]]},"id":"microsoft-023310003-4898"},{"type":"Feature","properties":{"height":-1,"confidence":-1,"footprintSource":"Microsoft Global ML Building Footprints","footprintMethod":"AI detected from imagery; not surveyed","heightMethod":"No supplied height"},"geometry":{"type":"Polygon","coordinates":[[[-100.45146021864032,20.702840022793694],[-100.45157345970888,20.702938893499763],[-100.45167380390919,20.70283832831292],[-100.45166435746073,20.702830080621666],[-100.4517432980615,20.702750972051987],[-100.45161142699052,20.70263583535359],[-100.45149636103008,20.702751146223918],[-100.45152443892853,20.702775661039837],[-100.45146021864032,20.702840022793694]]]},"id":"microsoft-023310003-4932"},{"type":"Feature","properties":{"height":-1,"confidence":-1,"footprintSource":"Microsoft Global ML Building Footprints","footprintMethod":"AI detected from imagery; not surveyed","heightMethod":"No supplied height"},"geometry":{"type":"Polygon","coordinates":[[[-100.45711868217032,20.700458808774727],[-100.45707605095018,20.700345956455422],[-100.4568638344206,20.700416106807296],[-100.45690646097472,20.700528946722628],[-100.45711868217032,20.700458808774727]]]},"id":"microsoft-023310003-4964"},{"type":"Feature","properties":{"height":-1,"confidence":-1,"footprintSource":"Microsoft Global ML Building Footprints","footprintMethod":"AI detected from imagery; not surveyed","heightMethod":"No supplied height"},"geometry":{"type":"Polygon","coordinates":[[[-100.45778938466951,20.701093388083336],[-100.4578003383146,20.701129052208103],[-100.45788210061303,20.701107072840117],[-100.45787114848667,20.701071413654986],[-100.45778938466951,20.701093388083336]]]},"id":"microsoft-023310003-4968"},{"type":"Feature","properties":{"height":-1,"confidence":-1,"footprintSource":"Microsoft Global ML Building Footprints","footprintMethod":"AI detected from imagery; not surveyed","heightMethod":"No supplied height"},"geometry":{"type":"Polygon","coordinates":[[[-100.43603187755122,20.695825905205595],[-100.43594607188653,20.695824534437108],[-100.4359448813089,20.69588975266626],[-100.43603068697361,20.695891123434137],[-100.43603187755122,20.695825905205595]]]},"id":"microsoft-023310003-6232"},{"type":"Feature","properties":{"height":-1,"confidence":-1,"footprintSource":"Microsoft Global ML Building Footprints","footprintMethod":"AI detected from imagery; not surveyed","heightMethod":"No supplied height"},"geometry":{"type":"Polygon","coordinates":[[[-100.44562060357455,20.698690075783475],[-100.44561773958573,20.698647590395396],[-100.44546405311182,20.69865665628997],[-100.44547147398332,20.69876661795648],[-100.44568392713964,20.698754085451228],[-100.4456793784515,20.6986866086813],[-100.44562060357455,20.698690075783475]]]},"id":"microsoft-023310003-6271"},{"type":"Feature","properties":{"height":-1,"confidence":-1,"footprintSource":"Microsoft Global ML Building Footprints","footprintMethod":"AI detected from imagery; not surveyed","heightMethod":"No supplied height"},"geometry":{"type":"Polygon","coordinates":[[[-100.4493371486561,20.699663455949164],[-100.44937091521095,20.69980176789595],[-100.44949073015373,20.6997761717234],[-100.4494730346446,20.69970368875299],[-100.44950362522911,20.69969715165267],[-100.44949803392373,20.699674248973494],[-100.44946489362043,20.699681328771092],[-100.44945441434479,20.699638404353223],[-100.4493371486561,20.699663455949164]]]},"id":"microsoft-023310003-6284"},{"type":"Feature","properties":{"height":-1,"confidence":-1,"footprintSource":"Microsoft Global ML Building Footprints","footprintMethod":"AI detected from imagery; not surveyed","heightMethod":"No supplied height"},"geometry":{"type":"Polygon","coordinates":[[[-100.44985882984783,20.704568306807886],[-100.44985159143464,20.70457544862053],[-100.44992645429593,20.70464184474305],[-100.45002019500238,20.70454935507169],[-100.44991284448432,20.704454145470365],[-100.44982634105577,20.704539494505923],[-100.44985882984783,20.704568306807886]]]},"id":"microsoft-023310003-6289"},{"type":"Feature","properties":{"height":-1,"confidence":-1,"footprintSource":"Microsoft Global ML Building Footprints","footprintMethod":"AI detected from imagery; not surveyed","heightMethod":"No supplied height"},"geometry":{"type":"Polygon","coordinates":[[[-100.45105136731992,20.69841773242321],[-100.45108862798855,20.69855167999586],[-100.4511326640595,20.698540960645175],[-100.45115880531026,20.698634960481172],[-100.45122028424986,20.698619995159675],[-100.45113951268742,20.698329631195904],[-100.45108173327935,20.698343692214408],[-100.4510990973211,20.69840611387815],[-100.45105136731992,20.69841773242321]]]},"id":"microsoft-023310003-6300"},{"type":"Feature","properties":{"height":-1,"confidence":-1,"footprintSource":"Microsoft Global ML Building Footprints","footprintMethod":"AI detected from imagery; not surveyed","heightMethod":"No supplied height"},"geometry":{"type":"Polygon","coordinates":[[[-100.43571736703116,20.6985030731974],[-100.43563809679358,20.698475872814825],[-100.4355733997975,20.698640864985222],[-100.43565265736113,20.6986680661784],[-100.43571736703116,20.6985030731974]]]},"id":"microsoft-023310003-7562"},{"type":"Feature","properties":{"height":-1,"confidence":-1,"footprintSource":"Microsoft Global ML Building Footprints","footprintMethod":"AI detected from imagery; not surveyed","heightMethod":"No supplied height"},"geometry":{"type":"Polygon","coordinates":[[[-100.44271925569538,20.718087535285008],[-100.44266076187284,20.718112758019373],[-100.44268013561116,20.71815207036822],[-100.44273863185971,20.718126846594288],[-100.44271925569538,20.718087535285008]]]},"id":"microsoft-023310003-7588"},{"type":"Feature","properties":{"height":-1,"confidence":-1,"footprintSource":"Microsoft Global ML Building Footprints","footprintMethod":"AI detected from imagery; not surveyed","heightMethod":"No supplied height"},"geometry":{"type":"Polygon","coordinates":[[[-100.44844777765985,20.700386265203022],[-100.44840476898862,20.70040034981713],[-100.44843100767255,20.700470460849687],[-100.44847401728256,20.70045637875053],[-100.44844777765985,20.700386265203022]]]},"id":"microsoft-023310003-7614"},{"type":"Feature","properties":{"height":-1,"confidence":-1,"footprintSource":"Microsoft Global ML Building Footprints","footprintMethod":"AI detected from imagery; not surveyed","heightMethod":"No supplied height"},"geometry":{"type":"Polygon","coordinates":[[[-100.4503136762319,20.69837459583634],[-100.45018764478299,20.698372706255682],[-100.45018773073879,20.698367689377633],[-100.45014750793594,20.698367086319976],[-100.45014497224031,20.69851508415269],[-100.45024955152769,20.698516652101162],[-100.45024998130661,20.698491567733143],[-100.45031165627098,20.69849249242081],[-100.4503136762319,20.69837459583634]]]},"id":"microsoft-023310003-7625"},{"type":"Feature","properties":{"height":-1,"confidence":-1,"footprintSource":"Microsoft Global ML Building Footprints","footprintMethod":"AI detected from imagery; not surveyed","heightMethod":"No supplied height"},"geometry":{"type":"Polygon","coordinates":[[[-100.45109107263238,20.703503411103256],[-100.45111748721348,20.70347396417327],[-100.45095694014312,20.703347949261087],[-100.4508850502251,20.70342809207243],[-100.45103300026956,20.70354422908858],[-100.45107848070529,20.70349352758643],[-100.45109107263238,20.703503411103256]]]},"id":"microsoft-023310003-7630"},{"type":"Feature","properties":{"height":-1,"confidence":-1,"footprintSource":"Microsoft Global ML Building Footprints","footprintMethod":"AI detected from imagery; not surveyed","heightMethod":"No supplied height"},"geometry":{"type":"Polygon","coordinates":[[[-100.4515140769618,20.70252987884342],[-100.45146239502375,20.70248011658167],[-100.45141547847123,20.70252275045199],[-100.4514671620504,20.702572514279908],[-100.4515140769618,20.70252987884342]]]},"id":"microsoft-023310003-7632"},{"type":"Feature","properties":{"height":-1,"confidence":-1,"footprintSource":"Microsoft Global ML Building Footprints","footprintMethod":"AI detected from imagery; not surveyed","heightMethod":"No supplied height"},"geometry":{"type":"Polygon","coordinates":[[[-100.45202189122038,20.71700875078389],[-100.45204199523418,20.71710142841762],[-100.45220687142661,20.717070149354385],[-100.45218676516406,20.71697746133495],[-100.45202189122038,20.71700875078389]]]},"id":"microsoft-023310003-7635"},{"type":"Feature","properties":{"height":-1,"confidence":-1,"footprintSource":"Microsoft Global ML Building Footprints","footprintMethod":"AI detected from imagery; not surveyed","heightMethod":"No supplied height"},"geometry":{"type":"Polygon","coordinates":[[[-100.45230836213526,20.701535613181605],[-100.45219918269326,20.70142769740403],[-100.45208739952311,20.70152665004055],[-100.45219658287095,20.701634569608345],[-100.45230836213526,20.701535613181605]]]},"id":"microsoft-023310003-7637"},{"type":"Feature","properties":{"height":-1,"confidence":-1,"footprintSource":"Microsoft Global ML Building Footprints","footprintMethod":"AI detected from imagery; not surveyed","heightMethod":"No supplied height"},"geometry":{"type":"Polygon","coordinates":[[[-100.45415866413283,20.701733558143843],[-100.45416208253957,20.70176332271282],[-100.4542098110694,20.70175852305148],[-100.45420483119743,20.701715162572242],[-100.45422869563973,20.70171276428539],[-100.45421629843338,20.701604819927255],[-100.45409167393882,20.701617352388723],[-100.45410563243303,20.70173889110177],[-100.45415866413283,20.701733558143843]]]},"id":"microsoft-023310003-7647"},{"type":"Feature","properties":{"height":-1,"confidence":-1,"footprintSource":"Microsoft Global ML Building Footprints","footprintMethod":"AI detected from imagery; not surveyed","heightMethod":"No supplied height"},"geometry":{"type":"Polygon","coordinates":[[[-100.45470798505708,20.70418230970924],[-100.45466002125248,20.70405800317991],[-100.4546187895466,20.70407192664605],[-100.45466676157957,20.70419623038535],[-100.45470798505708,20.70418230970924]]]},"id":"microsoft-023310003-7651"},{"type":"Feature","properties":{"height":-1,"confidence":-1,"footprintSource":"Microsoft Global ML Building Footprints","footprintMethod":"AI detected from imagery; not surveyed","heightMethod":"No supplied height"},"geometry":{"type":"Polygon","coordinates":[[[-100.4554663174327,20.718332602021732],[-100.4554286153994,20.718309671121816],[-100.45540164741575,20.71834846138644],[-100.45543934944902,20.718371392280474],[-100.4554663174327,20.718332602021732]]]},"id":"microsoft-023310003-7655"},{"type":"Feature","properties":{"height":-1,"confidence":-1,"footprintSource":"Microsoft Global ML Building Footprints","footprintMethod":"AI detected from imagery; not surveyed","heightMethod":"No supplied height"},"geometry":{"type":"Polygon","coordinates":[[[-100.45741498122439,20.703296484216267],[-100.4573496253409,20.703312315761835],[-100.45736563487615,20.703370161860263],[-100.45743099186946,20.703354334330754],[-100.45741498122439,20.703296484216267]]]},"id":"microsoft-023310003-7664"},{"type":"Feature","properties":{"height":-1,"confidence":-1,"footprintSource":"Microsoft Global ML Building Footprints","footprintMethod":"AI detected from imagery; not surveyed","heightMethod":"No supplied height"},"geometry":{"type":"Polygon","coordinates":[[[-100.44732908551941,20.698047076034683],[-100.44731198964809,20.698003733855472],[-100.44727314079691,20.698017143141257],[-100.44729023293102,20.69806048406285],[-100.44732908551941,20.698047076034683]]]},"id":"microsoft-023310003-8978"},{"type":"Feature","properties":{"height":-1,"confidence":-1,"footprintSource":"Microsoft Global ML Building Footprints","footprintMethod":"AI detected from imagery; not surveyed","heightMethod":"No supplied height"},"geometry":{"type":"Polygon","coordinates":[[[-100.45383991633206,20.704293721146414],[-100.45381498403232,20.704216710192085],[-100.45364145416136,20.70426586832238],[-100.45368311189779,20.704394570530567],[-100.4537903148003,20.704364201756462],[-100.45377357925507,20.704312508987854],[-100.45383991633206,20.704293721146414]]]},"id":"microsoft-023310003-9017"},{"type":"Feature","properties":{"height":-1,"confidence":-1,"footprintSource":"Microsoft Global ML Building Footprints","footprintMethod":"AI detected from imagery; not surveyed","heightMethod":"No supplied height"},"geometry":{"type":"Polygon","coordinates":[[[-100.45768011118881,20.703502669697386],[-100.45758905180385,20.703528203122957],[-100.45760941875695,20.7035917591938],[-100.45761529762378,20.703590111121102],[-100.4576701676371,20.703761375531315],[-100.45773074938141,20.703744388187985],[-100.45771009283786,20.703679928500634],[-100.45776518777514,20.703664479669897],[-100.45773568474918,20.70357239257268],[-100.45770519413453,20.703580942262818],[-100.45768011118881,20.703502669697386]]]},"id":"microsoft-023310003-9034"},{"type":"Feature","properties":{"height":-1,"confidence":-1,"footprintSource":"Microsoft Global ML Building Footprints","footprintMethod":"AI detected from imagery; not surveyed","heightMethod":"No supplied height"},"geometry":{"type":"Polygon","coordinates":[[[-100.44832198855435,20.69810552049448],[-100.44828165546987,20.69811915160406],[-100.44833479904445,20.698256754382157],[-100.44837513212894,20.698243123284954],[-100.44832198855435,20.69810552049448]]]},"id":"microsoft-023310003-10271"},{"type":"Feature","properties":{"height":-1,"confidence":-1,"footprintSource":"Microsoft Global ML Building Footprints","footprintMethod":"AI detected from imagery; not surveyed","heightMethod":"No supplied height"},"geometry":{"type":"Polygon","coordinates":[[[-100.44883600421151,20.703512500953295],[-100.44884380172444,20.703584523198657],[-100.44897389567296,20.70357219891335],[-100.44896609816006,20.70350017666216],[-100.44883600421151,20.703512500953295]]]},"id":"microsoft-023310003-10280"},{"type":"Feature","properties":{"height":-1,"confidence":-1,"footprintSource":"Microsoft Global ML Building Footprints","footprintMethod":"AI detected from imagery; not surveyed","heightMethod":"No supplied height"},"geometry":{"type":"Polygon","coordinates":[[[-100.44939106618766,20.702675423242283],[-100.44939599941976,20.70270379439424],[-100.44930192970419,20.702718113351395],[-100.44931867182125,20.702814397673293],[-100.44946654329375,20.702791898899036],[-100.44944485781465,20.702667238791932],[-100.44939106618766,20.702675423242283]]]},"id":"microsoft-023310003-10283"},{"type":"Feature","properties":{"height":-1,"confidence":-1,"footprintSource":"Microsoft Global ML Building Footprints","footprintMethod":"AI detected from imagery; not surveyed","heightMethod":"No supplied height"},"geometry":{"type":"Polygon","coordinates":[[[-100.45077535205492,20.699932196780395],[-100.45066807150381,20.6999480844476],[-100.45069483242132,20.70010613849351],[-100.45081519466488,20.700088305636953],[-100.45080400519996,20.700022218968854],[-100.45074382407816,20.70003113540126],[-100.4507363644349,20.699987077609123],[-100.45078346270411,20.69998009952957],[-100.45077535205492,20.699932196780395]]]},"id":"microsoft-023310003-10294"},{"type":"Feature","properties":{"height":-1,"confidence":-1,"footprintSource":"Microsoft Global ML Building Footprints","footprintMethod":"AI detected from imagery; not surveyed","heightMethod":"No supplied height"},"geometry":{"type":"Polygon","coordinates":[[[-100.45151542709057,20.70078071089425],[-100.45152970038056,20.70083246629767],[-100.45156993848397,20.700822758538564],[-100.45155566519396,20.700771003131834],[-100.45151542709057,20.70078071089425]]]},"id":"microsoft-023310003-10298"},{"type":"Feature","properties":{"height":-1,"confidence":-1,"footprintSource":"Microsoft Global ML Building Footprints","footprintMethod":"AI detected from imagery; not surveyed","heightMethod":"No supplied height"},"geometry":{"type":"Polygon","coordinates":[[[-100.45295199675324,20.70146783926228],[-100.45311521535271,20.7012719079912],[-100.45304922321384,20.701223799114317],[-100.4530024061685,20.701279994343167],[-100.4529189703126,20.701219168836644],[-100.45286955232028,20.70127848602384],[-100.45286621488603,20.701276053004023],[-100.45277190614956,20.701389253189234],[-100.45300052815286,20.701555905519797],[-100.45302783902274,20.7015231239194],[-100.45295199675324,20.70146783926228]]]},"id":"microsoft-023310003-10304"},{"type":"Feature","properties":{"height":-1,"confidence":-1,"footprintSource":"Microsoft Global ML Building Footprints","footprintMethod":"AI detected from imagery; not surveyed","heightMethod":"No supplied height"},"geometry":{"type":"Polygon","coordinates":[[[-100.45386823212608,20.702749954666515],[-100.45392089834621,20.702743241358093],[-100.45391049208646,20.702671806496966],[-100.45385782586634,20.702678519808558],[-100.45386823212608,20.702749954666515]]]},"id":"microsoft-023310003-10312"},{"type":"Feature","properties":{"height":-1,"confidence":-1,"footprintSource":"Microsoft Global ML Building Footprints","footprintMethod":"AI detected from imagery; not surveyed","heightMethod":"No supplied height"},"geometry":{"type":"Polygon","coordinates":[[[-100.45414730779295,20.700456353567645],[-100.45409916592719,20.70046441604498],[-100.45411824265565,20.70056409216737],[-100.4541663917474,20.70055602848521],[-100.45414730779295,20.700456353567645]]]},"id":"microsoft-023310003-10313"},{"type":"Feature","properties":{"height":-1,"confidence":-1,"footprintSource":"Microsoft Global ML Building Footprints","footprintMethod":"AI detected from imagery; not surveyed","heightMethod":"No supplied height"},"geometry":{"type":"Polygon","coordinates":[[[-100.44079119731283,20.699016325886433],[-100.44078951345061,20.69907650238771],[-100.44083239941052,20.69907755250003],[-100.44083408327278,20.699017375999162],[-100.44079119731283,20.699016325886433]]]},"id":"microsoft-023310003-11612"},{"type":"Feature","properties":{"height":-1,"confidence":-1,"footprintSource":"Microsoft Global ML Building Footprints","footprintMethod":"AI detected from imagery; not surveyed","heightMethod":"No supplied height"},"geometry":{"type":"Polygon","coordinates":[[[-100.44722754182574,20.697691205885747],[-100.44730384832759,20.697824560895754],[-100.44734252259762,20.697805195667087],[-100.4472662249776,20.697671838725327],[-100.44722754182574,20.697691205885747]]]},"id":"microsoft-023310003-11636"},{"type":"Feature","properties":{"height":-1,"confidence":-1,"footprintSource":"Microsoft Global ML Building Footprints","footprintMethod":"AI detected from imagery; not surveyed","heightMethod":"No supplied height"},"geometry":{"type":"Polygon","coordinates":[[[-100.45155021442287,20.696298526852345],[-100.45139361923938,20.696360996125946],[-100.45146373409193,20.696514803903966],[-100.45162033323014,20.696452343368975],[-100.45155021442287,20.696298526852345]]]},"id":"microsoft-023310003-11666"},{"type":"Feature","properties":{"height":-1,"confidence":-1,"footprintSource":"Microsoft Global ML Building Footprints","footprintMethod":"AI detected from imagery; not surveyed","heightMethod":"No supplied height"},"geometry":{"type":"Polygon","coordinates":[[[-100.45344700669186,20.701071221277203],[-100.45345170907952,20.701342125788358],[-100.45359651018904,20.70133992639761],[-100.45359533459212,20.701272200314193],[-100.45354170455155,20.70127301490372],[-100.4535396146015,20.701152612903655],[-100.45361469665826,20.70115147247739],[-100.45361325981762,20.701068696046235],[-100.45344700669186,20.701071221277203]]]},"id":"microsoft-023310003-11675"},{"type":"Feature","properties":{"height":-1,"confidence":-1,"footprintSource":"Microsoft Global ML Building Footprints","footprintMethod":"AI detected from imagery; not surveyed","heightMethod":"No supplied height"},"geometry":{"type":"Polygon","coordinates":[[[-100.45465389219625,20.713427149670693],[-100.45466086852502,20.713473907301392],[-100.45470927835522,20.713467591206765],[-100.45470230545833,20.713420833126364],[-100.45465389219625,20.713427149670693]]]},"id":"microsoft-023310003-11682"},{"type":"Feature","properties":{"height":-1,"confidence":-1,"footprintSource":"Microsoft Global ML Building Footprints","footprintMethod":"AI detected from imagery; not surveyed","heightMethod":"No supplied height"},"geometry":{"type":"Polygon","coordinates":[[[-100.44898373261988,20.700319114310844],[-100.44899999511689,20.700358384037997],[-100.44908395484846,20.700327958795356],[-100.44906769235148,20.70028868906033],[-100.44898373261988,20.700319114310844]]]},"id":"microsoft-023310003-12972"},{"type":"Feature","properties":{"height":-1,"confidence":-1,"footprintSource":"Microsoft Global ML Building Footprints","footprintMethod":"AI detected from imagery; not surveyed","heightMethod":"No supplied height"},"geometry":{"type":"Polygon","coordinates":[[[-100.44914588629084,20.696389206168575],[-100.44908264409895,20.696387918440962],[-100.44908063757768,20.696474153298297],[-100.4491438732242,20.696475445032092],[-100.44914588629084,20.696389206168575]]]},"id":"microsoft-023310003-12973"},{"type":"Feature","properties":{"height":-1,"confidence":-1,"footprintSource":"Microsoft Global ML Building Footprints","footprintMethod":"AI detected from imagery; not surveyed","heightMethod":"No supplied height"},"geometry":{"type":"Polygon","coordinates":[[[-100.45011948502467,20.699321844188148],[-100.45010819443809,20.699268745511148],[-100.44996886754484,20.699294669835737],[-100.44998015813145,20.699347768503685],[-100.45011948502467,20.699321844188148]]]},"id":"microsoft-023310003-12985"},{"type":"Feature","properties":{"height":-1,"confidence":-1,"footprintSource":"Microsoft Global ML Building Footprints","footprintMethod":"AI detected from imagery; not surveyed","heightMethod":"No supplied height"},"geometry":{"type":"Polygon","coordinates":[[[-100.45030083924036,20.703661960478854],[-100.45038566440053,20.703722442770328],[-100.45045808115009,20.7036335738337],[-100.45037325598992,20.703573091506783],[-100.45030083924036,20.703661960478854]]]},"id":"microsoft-023310003-12986"},{"type":"Feature","properties":{"height":-1,"confidence":-1,"footprintSource":"Microsoft Global ML Building Footprints","footprintMethod":"AI detected from imagery; not surveyed","heightMethod":"No supplied height"},"geometry":{"type":"Polygon","coordinates":[[[-100.45129961807756,20.699150407778106],[-100.45129803743683,20.699218120481532],[-100.45133557052338,20.699218884710106],[-100.45133715116411,20.69915117200705],[-100.45129961807756,20.699150407778106]]]},"id":"microsoft-023310003-12996"},{"type":"Feature","properties":{"height":-1,"confidence":-1,"footprintSource":"Microsoft Global ML Building Footprints","footprintMethod":"AI detected from imagery; not surveyed","heightMethod":"No supplied height"},"geometry":{"type":"Polygon","coordinates":[[[-100.45259207119288,20.699993354370662],[-100.45254002218311,20.699803953887354],[-100.45242932250063,20.699830581511435],[-100.45247231484863,20.69998702581239],[-100.45253269751267,20.699972505377517],[-100.45254175230619,20.700005454731482],[-100.45259207119288,20.699993354370662]]]},"id":"microsoft-023310003-13004"},{"type":"Feature","properties":{"height":-1,"confidence":-1,"footprintSource":"Microsoft Global ML Building Footprints","footprintMethod":"AI detected from imagery; not surveyed","heightMethod":"No supplied height"},"geometry":{"type":"Polygon","coordinates":[[[-100.45322323118233,20.69453651317569],[-100.45316526176364,20.694534535756773],[-100.4531522959374,20.694867809637614],[-100.4532102404549,20.694869786202787],[-100.45322323118233,20.69453651317569]]]},"id":"microsoft-023310003-13005"},{"type":"Feature","properties":{"height":-1,"confidence":-1,"footprintSource":"Microsoft Global ML Building Footprints","footprintMethod":"AI detected from imagery; not surveyed","heightMethod":"No supplied height"},"geometry":{"type":"Polygon","coordinates":[[[-100.44298908641655,20.718366183819256],[-100.44294224404149,20.71840690289919],[-100.4429863838527,20.718451321905164],[-100.44303322444438,20.718410604387415],[-100.44298908641655,20.718366183819256]]]},"id":"microsoft-023310003-14390"},{"type":"Feature","properties":{"height":-1,"confidence":-1,"footprintSource":"Microsoft Global ML Building Footprints","footprintMethod":"AI detected from imagery; not surveyed","heightMethod":"No supplied height"},"geometry":{"type":"Polygon","coordinates":[[[-100.44447260534898,20.697121784062162],[-100.4444596484851,20.697051098387732],[-100.44430852385558,20.697075339699182],[-100.44432148071947,20.697146025362272],[-100.44447260534898,20.697121784062162]]]},"id":"microsoft-023310003-14401"},{"type":"Feature","properties":{"height":-1,"confidence":-1,"footprintSource":"Microsoft Global ML Building Footprints","footprintMethod":"AI detected from imagery; not surveyed","heightMethod":"No supplied height"},"geometry":{"type":"Polygon","coordinates":[[[-100.44725522312929,20.69785438666044],[-100.44721020961018,20.69786969391845],[-100.44723120356684,20.697923718028875],[-100.44727621607439,20.697908408173305],[-100.44725522312929,20.69785438666044]]]},"id":"microsoft-023310003-14419"},{"type":"Feature","properties":{"height":-1,"confidence":-1,"footprintSource":"Microsoft Global ML Building Footprints","footprintMethod":"AI detected from imagery; not surveyed","heightMethod":"No supplied height"},"geometry":{"type":"Polygon","coordinates":[[[-100.4489625061417,20.697516418948098],[-100.4489022651196,20.697423635783437],[-100.44880342799782,20.69747978495488],[-100.44881963814538,20.6975047546824],[-100.44885686799502,20.697483602047612],[-100.4489008968672,20.697551423068546],[-100.4489625061417,20.697516418948098]]]},"id":"microsoft-023310003-14425"},{"type":"Feature","properties":{"height":-1,"confidence":-1,"footprintSource":"Microsoft Global ML Building Footprints","footprintMethod":"AI detected from imagery; not surveyed","heightMethod":"No supplied height"},"geometry":{"type":"Polygon","coordinates":[[[-100.45138207475163,20.699273474696056],[-100.45136918542954,20.699226379373798],[-100.45130877122484,20.699240844178846],[-100.45132166054694,20.6992879394966],[-100.45138207475163,20.699273474696056]]]},"id":"microsoft-023310003-14446"},{"type":"Feature","properties":{"height":-1,"confidence":-1,"footprintSource":"Microsoft Global ML Building Footprints","footprintMethod":"AI detected from imagery; not surveyed","heightMethod":"No supplied height"},"geometry":{"type":"Polygon","coordinates":[[[-100.4514353004728,20.698707598397093],[-100.45146243331992,20.69878012848619],[-100.45153298365065,20.69875703805282],[-100.45155434615482,20.698814154574535],[-100.45159974915055,20.698799291649152],[-100.4515512570947,20.698669639316762],[-100.4514353004728,20.698707598397093]]]},"id":"microsoft-023310003-14448"},{"type":"Feature","properties":{"height":-1,"confidence":-1,"footprintSource":"Microsoft Global ML Building Footprints","footprintMethod":"AI detected from imagery; not surveyed","heightMethod":"No supplied height"},"geometry":{"type":"Polygon","coordinates":[[[-100.45263512464213,20.69840548093721],[-100.4525387829186,20.698433808444477],[-100.45259054495234,20.698587892785454],[-100.45263563619444,20.698574637503526],[-100.45264064056269,20.69858953109761],[-100.45277489785681,20.698550055255097],[-100.45274881076112,20.69847241692429],[-100.45266581534295,20.698496820186108],[-100.45263512464213,20.69840548093721]]]},"id":"microsoft-023310003-14454"},{"type":"Feature","properties":{"height":-1,"confidence":-1,"footprintSource":"Microsoft Global ML Building Footprints","footprintMethod":"AI detected from imagery; not surveyed","heightMethod":"No supplied height"},"geometry":{"type":"Polygon","coordinates":[[[-100.45319987021969,20.695137897538757],[-100.45315636076766,20.6951244204257],[-100.45313955292751,20.695171906044962],[-100.45318306237951,20.6951853831538],[-100.45319987021969,20.695137897538757]]]},"id":"microsoft-023310003-14459"},{"type":"Feature","properties":{"height":-1,"confidence":-1,"footprintSource":"Microsoft Global ML Building Footprints","footprintMethod":"AI detected from imagery; not surveyed","heightMethod":"No supplied height"},"geometry":{"type":"Polygon","coordinates":[[[-100.45525965778448,20.69851017958014],[-100.45540298213241,20.698616439703713],[-100.45551265733042,20.698486989730725],[-100.45550364806044,20.69848031028893],[-100.45554543135435,20.698430997662328],[-100.4554111140103,20.698331415177435],[-100.45525965778448,20.69851017958014]]]},"id":"microsoft-023310003-14469"},{"type":"Feature","properties":{"height":-1,"confidence":-1,"footprintSource":"Microsoft Global ML Building Footprints","footprintMethod":"AI detected from imagery; not surveyed","heightMethod":"No supplied height"},"geometry":{"type":"Polygon","coordinates":[[[-100.4503563533199,20.702626453215885],[-100.45054002133038,20.702780344580376],[-100.4506205687286,20.702696226216517],[-100.45050832977131,20.702602190990774],[-100.45046833974303,20.702643957220914],[-100.45039690080905,20.70258410475965],[-100.4503563533199,20.702626453215885]]]},"id":"microsoft-023310003-15877"},{"type":"Feature","properties":{"height":-1,"confidence":-1,"footprintSource":"Microsoft Global ML Building Footprints","footprintMethod":"AI detected from imagery; not surveyed","heightMethod":"No supplied height"},"geometry":{"type":"Polygon","coordinates":[[[-100.45090229283512,20.699764517503922],[-100.45098246118252,20.69973670475396],[-100.45091949911388,20.699577895684854],[-100.45083933076648,20.69960570846392],[-100.45090229283512,20.699764517503922]]]},"id":"microsoft-023310003-15884"},{"type":"Feature","properties":{"height":-1,"confidence":-1,"footprintSource":"Microsoft Global ML Building Footprints","footprintMethod":"AI detected from imagery; not surveyed","heightMethod":"No supplied height"},"geometry":{"type":"Polygon","coordinates":[[[-100.45090289994694,20.70144675609022],[-100.45081925192845,20.70146313062783],[-100.45082647181113,20.701495414768942],[-100.4507827860845,20.701503963616048],[-100.45081611619898,20.701653001137146],[-100.45089063890907,20.701638417823787],[-100.45089470720028,20.70165660941329],[-100.4509475329692,20.70164626850584],[-100.45090289994694,20.70144675609022]]]},"id":"microsoft-023310003-15885"},{"type":"Feature","properties":{"height":-1,"confidence":-1,"footprintSource":"Microsoft Global ML Building Footprints","footprintMethod":"AI detected from imagery; not surveyed","heightMethod":"No supplied height"},"geometry":{"type":"Polygon","coordinates":[[[-100.45184911022625,20.699092434616972],[-100.45180477099994,20.699108464614497],[-100.4518201033382,20.699145575706993],[-100.45186444256449,20.69912954571336],[-100.45184911022625,20.699092434616972]]]},"id":"microsoft-023310003-15891"},{"type":"Feature","properties":{"height":-1,"confidence":-1,"footprintSource":"Microsoft Global ML Building Footprints","footprintMethod":"AI detected from imagery; not surveyed","heightMethod":"No supplied height"},"geometry":{"type":"Polygon","coordinates":[[[-100.4544221197369,20.697796218444097],[-100.4543811121284,20.69776062830647],[-100.45431557959137,20.697826698760935],[-100.45435658985642,20.697862291188656],[-100.4544221197369,20.697796218444097]]]},"id":"microsoft-023310003-15903"},{"type":"Feature","properties":{"height":-1,"confidence":-1,"footprintSource":"Microsoft Global ML Building Footprints","footprintMethod":"AI detected from imagery; not surveyed","heightMethod":"No supplied height"},"geometry":{"type":"Polygon","coordinates":[[[-100.45541159150629,20.70237936806076],[-100.4553946395242,20.702220371297898],[-100.45526298188742,20.70223264557812],[-100.45527448361497,20.7023405988443],[-100.45522289867952,20.702345411418193],[-100.45522966495356,20.702408873915658],[-100.45533324156409,20.702399217606427],[-100.45533191719048,20.702386795991984],[-100.45541159150629,20.70237936806076]]]},"id":"microsoft-023310003-15906"},{"type":"Feature","properties":{"height":-1,"confidence":-1,"footprintSource":"Microsoft Global ML Building Footprints","footprintMethod":"AI detected from imagery; not surveyed","heightMethod":"No supplied height"},"geometry":{"type":"Polygon","coordinates":[[[-100.45695925479123,20.709122606303197],[-100.456946706826,20.709185651890266],[-100.45699596103668,20.709194232304938],[-100.45700850900191,20.70913118672142],[-100.45695925479123,20.709122606303197]]]},"id":"microsoft-023310003-15913"},{"type":"Feature","properties":{"height":-1,"confidence":-1,"footprintSource":"Microsoft Global ML Building Footprints","footprintMethod":"AI detected from imagery; not surveyed","heightMethod":"No supplied height"},"geometry":{"type":"Polygon","coordinates":[[[-100.43664844492366,20.70119463403148],[-100.43667244383458,20.70112962430936],[-100.43649990044366,20.701073887682156],[-100.43652307180594,20.701011119625093],[-100.43642961080252,20.70098092893096],[-100.43638244052933,20.701108706759484],[-100.43664844492366,20.70119463403148]]]},"id":"microsoft-023310003-17180"},{"type":"Feature","properties":{"height":-1,"confidence":-1,"footprintSource":"Microsoft Global ML Building Footprints","footprintMethod":"AI detected from imagery; not surveyed","heightMethod":"No supplied height"},"geometry":{"type":"Polygon","coordinates":[[[-100.44798325085586,20.696534717300423],[-100.44802126170119,20.696700205903397],[-100.44832742919276,20.696638666489363],[-100.44831365285937,20.696578707709037],[-100.4483777480243,20.69656582462534],[-100.44834723852951,20.696433037956865],[-100.44821542899291,20.69645954023416],[-100.44822699734479,20.696509905650814],[-100.44812957269407,20.696529494323414],[-100.448124614829,20.696507909149673],[-100.44804513682446,20.696523889383002],[-100.44804478309867,20.69652234935873],[-100.44798325085586,20.696534717300423]]]},"id":"microsoft-023310003-17228"},{"type":"Feature","properties":{"height":-1,"confidence":-1,"footprintSource":"Microsoft Global ML Building Footprints","footprintMethod":"AI detected from imagery; not surveyed","heightMethod":"No supplied height"},"geometry":{"type":"Polygon","coordinates":[[[-100.45425208793503,20.69864161253659],[-100.45417782286,20.69847181976543],[-100.4542835114235,20.69843136798815],[-100.45434040614063,20.6985614468378],[-100.45440933515547,20.69853506912645],[-100.45434679836207,20.698392090721512],[-100.45396431976145,20.698538482509363],[-100.45404421351331,20.69872117532738],[-100.45425208793503,20.69864161253659]]]},"id":"microsoft-023310003-17276"},{"type":"Feature","properties":{"height":-1,"confidence":-1,"footprintSource":"Microsoft Global ML Building Footprints","footprintMethod":"AI detected from imagery; not surveyed","heightMethod":"No supplied height"},"geometry":{"type":"Polygon","coordinates":[[[-100.45536302079542,20.702702625982198],[-100.45533589238072,20.70260793236794],[-100.45528437962713,20.702620842348026],[-100.45531150233268,20.70271554075792],[-100.45536302079542,20.702702625982198]]]},"id":"microsoft-023310003-17284"},{"type":"Feature","properties":{"height":-1,"confidence":-1,"footprintSource":"Microsoft Global ML Building Footprints","footprintMethod":"AI detected from imagery; not surveyed","heightMethod":"No supplied height"},"geometry":{"type":"Polygon","coordinates":[[[-100.45695071763171,20.699771788723254],[-100.4567561896469,20.699801858143303],[-100.45676610861102,20.699858033268953],[-100.4567361018425,20.699862671602588],[-100.45674084765157,20.69988953765639],[-100.45696538649614,20.699854829287602],[-100.45695071763171,20.699771788723254]]]},"id":"microsoft-023310003-17294"},{"type":"Feature","properties":{"height":-1,"confidence":-1,"footprintSource":"Microsoft Global ML Building Footprints","footprintMethod":"AI detected from imagery; not surveyed","heightMethod":"No supplied height"},"geometry":{"type":"Polygon","coordinates":[[[-100.44957677351518,20.70042832073956],[-100.44967815720892,20.700421397687975],[-100.44968049431608,20.700451346687416],[-100.44970984222742,20.700449342646493],[-100.44969671528321,20.700281126556234],[-100.4495659843425,20.70029006217092],[-100.44957677351518,20.70042832073956]]]},"id":"microsoft-023310003-18639"},{"type":"Feature","properties":{"height":-1,"confidence":-1,"footprintSource":"Microsoft Global ML Building Footprints","footprintMethod":"AI detected from imagery; not surveyed","heightMethod":"No supplied height"},"geometry":{"type":"Polygon","coordinates":[[[-100.45095576149703,20.694986524634515],[-100.45100667319151,20.694985027969437],[-100.45100439965144,20.694917348026777],[-100.45095348795695,20.694918844692495],[-100.45095576149703,20.694986524634515]]]},"id":"microsoft-023310003-18648"},{"type":"Feature","properties":{"height":-1,"confidence":-1,"footprintSource":"Microsoft Global ML Building Footprints","footprintMethod":"AI detected from imagery; not surveyed","heightMethod":"No supplied height"},"geometry":{"type":"Polygon","coordinates":[[[-100.45297158954254,20.715693112032653],[-100.45291232526465,20.715710919700925],[-100.45295177932994,20.715825794070383],[-100.45301105019102,20.715807980557415],[-100.45297158954254,20.715693112032653]]]},"id":"microsoft-023310003-18656"},{"type":"Feature","properties":{"height":-1,"confidence":-1,"footprintSource":"Microsoft Global ML Building Footprints","footprintMethod":"AI detected from imagery; not surveyed","heightMethod":"No supplied height"},"geometry":{"type":"Polygon","coordinates":[[[-100.45339284659771,20.697611557429582],[-100.45338409262317,20.69765388889175],[-100.45342545989911,20.697661374860942],[-100.45343421333378,20.697619046011525],[-100.45339284659771,20.697611557429582]]]},"id":"microsoft-023310003-18662"},{"type":"Feature","properties":{"height":-1,"confidence":-1,"footprintSource":"Microsoft Global ML Building Footprints","footprintMethod":"AI detected from imagery; not surveyed","heightMethod":"No supplied height"},"geometry":{"type":"Polygon","coordinates":[[[-100.45350828879491,20.697889639935198],[-100.45360753491103,20.697973234030442],[-100.45364087886327,20.697938592075815],[-100.45354163274715,20.697854997961485],[-100.45350828879491,20.697889639935198]]]},"id":"microsoft-023310003-18663"},{"type":"Feature","properties":{"height":-1,"confidence":-1,"footprintSource":"Microsoft Global ML Building Footprints","footprintMethod":"AI detected from imagery; not surveyed","heightMethod":"No supplied height"},"geometry":{"type":"Polygon","coordinates":[[[-100.45361819408852,20.699700724020957],[-100.45360548923253,20.69964690192984],[-100.45351853270571,20.699664857997206],[-100.45353123884311,20.699718685510376],[-100.45361819408852,20.699700724020957]]]},"id":"microsoft-023310003-18664"},{"type":"Feature","properties":{"height":-1,"confidence":-1,"footprintSource":"Microsoft Global ML Building Footprints","footprintMethod":"AI detected from imagery; not surveyed","heightMethod":"No supplied height"},"geometry":{"type":"Polygon","coordinates":[[[-100.4539563732873,20.69676619671901],[-100.45388487148219,20.69680785619292],[-100.45391737254862,20.696856665869092],[-100.45398887435374,20.6968150064086],[-100.4539563732873,20.69676619671901]]]},"id":"microsoft-023310003-18667"},{"type":"Feature","properties":{"height":-1,"confidence":-1,"footprintSource":"Microsoft Global ML Building Footprints","footprintMethod":"AI detected from imagery; not surveyed","heightMethod":"No supplied height"},"geometry":{"type":"Polygon","coordinates":[[[-100.4550059710759,20.704359769240256],[-100.45492521365195,20.704180922017784],[-100.45483872065712,20.704215095760915],[-100.45482333829065,20.704181029607042],[-100.45468904653553,20.704234088836444],[-100.4547217340643,20.7043064793789],[-100.45480367479621,20.704274104273537],[-100.4548671270579,20.704414627022572],[-100.4550059710759,20.704359769240256]]]},"id":"microsoft-023310003-18673"},{"type":"Feature","properties":{"height":-1,"confidence":-1,"footprintSource":"Microsoft Global ML Building Footprints","footprintMethod":"AI detected from imagery; not surveyed","heightMethod":"No supplied height"},"geometry":{"type":"Polygon","coordinates":[[[-100.45639791026792,20.716979207861513],[-100.4563101415967,20.716944446829558],[-100.45629088306111,20.71698699494324],[-100.4563786490326,20.717021754896194],[-100.45639791026792,20.716979207861513]]]},"id":"microsoft-023310003-18683"},{"type":"Feature","properties":{"height":-1,"confidence":-1,"footprintSource":"Microsoft Global ML Building Footprints","footprintMethod":"AI detected from imagery; not surveyed","heightMethod":"No supplied height"},"geometry":{"type":"Polygon","coordinates":[[[-100.43652260863492,20.70850972666659],[-100.43651888647665,20.70847748675631],[-100.43648829337631,20.708480577133514],[-100.43649814051258,20.7085658140018],[-100.43654198342401,20.708561382320553],[-100.43654445467365,20.708582787328098],[-100.43665580879289,20.708571538843785],[-100.43664721919691,20.708497139070843],[-100.43652260863492,20.70850972666659]]]},"id":"microsoft-023310003-19918"},{"type":"Feature","properties":{"height":-1,"confidence":-1,"footprintSource":"Microsoft Global ML Building Footprints","footprintMethod":"AI detected from imagery; not surveyed","heightMethod":"No supplied height"},"geometry":{"type":"Polygon","coordinates":[[[-100.44812259659666,20.70061143956842],[-100.44825512211554,20.70058576582892],[-100.44822955573517,20.700470284434886],[-100.44809703850127,20.70049595658891],[-100.44812259659666,20.70061143956842]]]},"id":"microsoft-023310003-19965"},{"type":"Feature","properties":{"height":-1,"confidence":-1,"footprintSource":"Microsoft Global ML Building Footprints","footprintMethod":"AI detected from imagery; not surveyed","heightMethod":"No supplied height"},"geometry":{"type":"Polygon","coordinates":[[[-100.4488705804342,20.70174692294222],[-100.44892314829521,20.70173377599103],[-100.44888741409075,20.7016087813071],[-100.44878978976844,20.701633203057796],[-100.44879916165576,20.701665984989702],[-100.448737688241,20.70168136320541],[-100.44876914332073,20.70179141869336],[-100.44887568179973,20.701764767000284],[-100.4488705804342,20.70174692294222]]]},"id":"microsoft-023310003-19968"},{"type":"Feature","properties":{"height":-1,"confidence":-1,"footprintSource":"Microsoft Global ML Building Footprints","footprintMethod":"AI detected from imagery; not surveyed","heightMethod":"No supplied height"},"geometry":{"type":"Polygon","coordinates":[[[-100.44903910554734,20.703014675272726],[-100.44906281294611,20.703143846797303],[-100.44918787431138,20.703123770620053],[-100.44918653238315,20.703116459026276],[-100.44927616573331,20.703102070127585],[-100.44925408212173,20.702981696826555],[-100.44931555512181,20.70297182449353],[-100.44930320537492,20.702904535916858],[-100.44926258035218,20.702911057486247],[-100.4492449681697,20.70281505692772],[-100.44920221247074,20.702821923339627],[-100.44919120332916,20.702761939099503],[-100.44901510394386,20.702790208507935],[-100.44903343636715,20.702890134973032],[-100.4491131415459,20.702877339830977],[-100.44913550701642,20.702999199873148],[-100.44903910554734,20.703014675272726]]]},"id":"microsoft-023310003-19970"},{"type":"Feature","properties":{"height":-1,"confidence":-1,"footprintSource":"Microsoft Global ML Building Footprints","footprintMethod":"AI detected from imagery; not surveyed","heightMethod":"No supplied height"},"geometry":{"type":"Polygon","coordinates":[[[-100.45001736506842,20.699510324335236],[-100.44998880220139,20.699517888623703],[-100.44995956284981,20.699421274642162],[-100.44987264974725,20.69944428611369],[-100.44991243571747,20.699575748672203],[-100.44991243571747,20.699575748672203],[-100.44995039780503,20.69970118457087],[-100.44999757833807,20.699688689791003],[-100.44997930029591,20.69962829473664],[-100.45004758721932,20.699610210360603],[-100.45001736506842,20.699510324335236]]]},"id":"microsoft-023310003-19974"},{"type":"Feature","properties":{"height":-1,"confidence":-1,"footprintSource":"Microsoft Global ML Building Footprints","footprintMethod":"AI detected from imagery; not surveyed","heightMethod":"No supplied height"},"geometry":{"type":"Polygon","coordinates":[[[-100.45352137805239,20.698075306101344],[-100.45335396141735,20.697946777269195],[-100.45331581659633,20.697990256390568],[-100.45348323517523,20.698118786678208],[-100.45352137805239,20.698075306101344]]]},"id":"microsoft-023310003-20007"},{"type":"Feature","properties":{"height":-1,"confidence":-1,"footprintSource":"Microsoft Global ML Building Footprints","footprintMethod":"AI detected from imagery; not surveyed","heightMethod":"No supplied height"},"geometry":{"type":"Polygon","coordinates":[[[-100.45739147885186,20.715659554549035],[-100.4573489172827,20.715477595651365],[-100.45724652988669,20.71549854822902],[-100.4572549301964,20.715534461181676],[-100.45720885586816,20.715543889838486],[-100.4572262165082,20.715618109909087],[-100.45729788768544,20.715603443116578],[-100.45731468830483,20.715675268963693],[-100.45739147885186,20.715659554549035]]]},"id":"microsoft-023310003-20017"},{"type":"Feature","properties":{"height":-1,"confidence":-1,"footprintSource":"Microsoft Global ML Building Footprints","footprintMethod":"AI detected from imagery; not surveyed","heightMethod":"No supplied height"},"geometry":{"type":"Polygon","coordinates":[[[-100.4433517009605,20.717026713874986],[-100.44332111536295,20.717027546803763],[-100.44332236080105,20.71706765327444],[-100.44335294939712,20.717066820264222],[-100.4433517009605,20.717026713874986]]]},"id":"microsoft-023310003-21239"},{"type":"Feature","properties":{"height":-1,"confidence":-1,"footprintSource":"Microsoft Global ML Building Footprints","footprintMethod":"AI detected from imagery; not surveyed","heightMethod":"No supplied height"},"geometry":{"type":"Polygon","coordinates":[[[-100.45014995633096,20.698695572701],[-100.45015886684526,20.69873126212167],[-100.45007238883996,20.6987501555967],[-100.45009318003996,20.698833430868618],[-100.45014913639633,20.69882120568589],[-100.45015745287633,20.698854515784546],[-100.45028716988426,20.69882617559064],[-100.45024915168999,20.69867390076577],[-100.45014995633096,20.698695572701]]]},"id":"microsoft-023310003-21268"},{"type":"Feature","properties":{"height":-1,"confidence":-1,"footprintSource":"Microsoft Global ML Building Footprints","footprintMethod":"AI detected from imagery; not surveyed","heightMethod":"No supplied height"},"geometry":{"type":"Polygon","coordinates":[[[-100.45231353849853,20.698458327550938],[-100.45229613557467,20.698412611485253],[-100.45224614806914,20.69842926321894],[-100.4522635520986,20.698474982183996],[-100.45231353849853,20.698458327550938]]]},"id":"microsoft-023310003-21285"},{"type":"Feature","properties":{"height":-1,"confidence":-1,"footprintSource":"Microsoft Global ML Building Footprints","footprintMethod":"AI detected from imagery; not surveyed","heightMethod":"No supplied height"},"geometry":{"type":"Polygon","coordinates":[[[-100.45346151380195,20.69833884559725],[-100.45338362068219,20.698406397078486],[-100.45335152623574,20.698374012444063],[-100.4534077823778,20.698325225255758],[-100.45337568793134,20.698292840603983],[-100.45325961803957,20.698393500260025],[-100.45339066504162,20.698525742071254],[-100.4535110676499,20.698421325029685],[-100.45354048755912,20.698451010935585],[-100.45359962863154,20.698399721865812],[-100.45355215772288,20.6983518217354],[-100.45351032477289,20.69838809791044],[-100.45346151380195,20.69833884559725]]]},"id":"microsoft-023310003-21291"},{"type":"Feature","properties":{"height":-1,"confidence":-1,"footprintSource":"Microsoft Global ML Building Footprints","footprintMethod":"AI detected from imagery; not surveyed","heightMethod":"No supplied height"},"geometry":{"type":"Polygon","coordinates":[[[-100.45725233015241,20.703116415520213],[-100.45733580799245,20.703304848187344],[-100.45739394494802,20.703282311801004],[-100.45731047914056,20.70309387444152],[-100.45725233015241,20.703116415520213]]]},"id":"microsoft-023310003-21317"},{"type":"Feature","properties":{"height":-1,"confidence":-1,"footprintSource":"Microsoft Global ML Building Footprints","footprintMethod":"AI detected from imagery; not surveyed","heightMethod":"No supplied height"},"geometry":{"type":"Polygon","coordinates":[[[-100.43604729808551,20.69799805618807],[-100.43595325468779,20.697912791817828],[-100.43572536992164,20.698132725523237],[-100.4358194133194,20.698217989769816],[-100.43604729808551,20.69799805618807]]]},"id":"microsoft-023310003-22487"},{"type":"Feature","properties":{"height":-1,"confidence":-1,"footprintSource":"Microsoft Global ML Building Footprints","footprintMethod":"AI detected from imagery; not surveyed","heightMethod":"No supplied height"},"geometry":{"type":"Polygon","coordinates":[[[-100.44832791736536,20.697742701681946],[-100.44827979205533,20.697633252197306],[-100.44816406122423,20.69767777514815],[-100.44821217953013,20.69778722729521],[-100.44832791736536,20.697742701681946]]]},"id":"microsoft-023310003-22527"},{"type":"Feature","properties":{"height":-1,"confidence":-1,"footprintSource":"Microsoft Global ML Building Footprints","footprintMethod":"AI detected from imagery; not surveyed","heightMethod":"No supplied height"},"geometry":{"type":"Polygon","coordinates":[[[-100.44872340636621,20.702433805716623],[-100.44854679783731,20.702441830078897],[-100.44855174395785,20.702536947925935],[-100.4486090565143,20.702534343881695],[-100.4486110876658,20.702573460813213],[-100.44868333660943,20.70257017339236],[-100.4486793560896,20.702493514538745],[-100.44872640007075,20.70249137705528],[-100.44872340636621,20.702433805716623]]]},"id":"microsoft-023310003-22532"},{"type":"Feature","properties":{"height":-1,"confidence":-1,"footprintSource":"Microsoft Global ML Building Footprints","footprintMethod":"AI detected from imagery; not surveyed","heightMethod":"No supplied height"},"geometry":{"type":"Polygon","coordinates":[[[-100.44882818523246,20.698220968597965],[-100.4488543765861,20.6983282855128],[-100.44890281462108,20.698317943894963],[-100.44887662326744,20.698210626972823],[-100.44882818523246,20.698220968597965]]]},"id":"microsoft-023310003-22535"},{"type":"Feature","properties":{"height":-1,"confidence":-1,"footprintSource":"Microsoft Global ML Building Footprints","footprintMethod":"AI detected from imagery; not surveyed","heightMethod":"No supplied height"},"geometry":{"type":"Polygon","coordinates":[[[-100.45584951649121,20.69778141070836],[-100.45590030215048,20.697856890726626],[-100.45626531844589,20.697641974276436],[-100.45621453278663,20.69756649415119],[-100.45584951649121,20.69778141070836]]]},"id":"microsoft-023310003-22575"},{"type":"Feature","properties":{"height":-1,"confidence":-1,"footprintSource":"Microsoft Global ML Building Footprints","footprintMethod":"AI detected from imagery; not surveyed","heightMethod":"No supplied height"},"geometry":{"type":"Polygon","coordinates":[[[-100.44955334992903,20.695084595188234],[-100.44955048596356,20.695134634300842],[-100.44960932566649,20.69513758523513],[-100.44961218963198,20.695087546123474],[-100.44955334992903,20.695084595188234]]]},"id":"microsoft-023310003-23933"},{"type":"Feature","properties":{"height":-1,"confidence":-1,"footprintSource":"Microsoft Global ML Building Footprints","footprintMethod":"AI detected from imagery; not surveyed","heightMethod":"No supplied height"},"geometry":{"type":"Polygon","coordinates":[[[-100.45060076193647,20.69936784533681],[-100.45061498939349,20.699422301122524],[-100.45064789273493,20.699414778621232],[-100.45063366527795,20.69936032283283],[-100.45060076193647,20.69936784533681]]]},"id":"microsoft-023310003-23940"},{"type":"Feature","properties":{"height":-1,"confidence":-1,"footprintSource":"Microsoft Global ML Building Footprints","footprintMethod":"AI detected from imagery; not surveyed","heightMethod":"No supplied height"},"geometry":{"type":"Polygon","coordinates":[[[-100.45134595885604,20.698134774008636],[-100.45135634743059,20.6981669677201],[-100.45138830422876,20.698157943818572],[-100.4513779156542,20.69812575010519],[-100.45134595885604,20.698134774008636]]]},"id":"microsoft-023310003-23944"},{"type":"Feature","properties":{"height":-1,"confidence":-1,"footprintSource":"Microsoft Global ML Building Footprints","footprintMethod":"AI detected from imagery; not surveyed","heightMethod":"No supplied height"},"geometry":{"type":"Polygon","coordinates":[[[-100.45299347249076,20.715940218341572],[-100.45295382851322,20.715826914024888],[-100.45289810583367,20.715843971214866],[-100.45293774981121,20.715957275518775],[-100.45299347249076,20.715940218341572]]]},"id":"microsoft-023310003-23950"},{"type":"Feature","properties":{"height":-1,"confidence":-1,"footprintSource":"Microsoft Global ML Building Footprints","footprintMethod":"AI detected from imagery; not surveyed","heightMethod":"No supplied height"},"geometry":{"type":"Polygon","coordinates":[[[-100.45416239981661,20.704628173477445],[-100.45418661019471,20.70456619741796],[-100.45415348264422,20.704554874031757],[-100.45416991111507,20.704512818830963],[-100.45403740091307,20.70446752526506],[-100.45397773962416,20.70462025203672],[-100.45421199873131,20.70470032450089],[-100.45423102117125,20.704651629050915],[-100.45416239981661,20.704628173477445]]]},"id":"microsoft-023310003-23955"},{"type":"Feature","properties":{"height":-1,"confidence":-1,"footprintSource":"Microsoft Global ML Building Footprints","footprintMethod":"AI detected from imagery; not surveyed","heightMethod":"No supplied height"},"geometry":{"type":"Polygon","coordinates":[[[-100.45577254527674,20.704555689759516],[-100.45569485184718,20.704553207555747],[-100.45569320479568,20.70459831658698],[-100.45566105579036,20.704597289468452],[-100.45565831070452,20.704672471157863],[-100.45563151986674,20.70467161522619],[-100.45562932379806,20.704731760551212],[-100.45576595707072,20.704736125801006],[-100.45577254527674,20.704555689759516]]]},"id":"microsoft-023310003-23967"},{"type":"Feature","properties":{"height":-1,"confidence":-1,"footprintSource":"Microsoft Global ML Building Footprints","footprintMethod":"AI detected from imagery; not surveyed","heightMethod":"No supplied height"},"geometry":{"type":"Polygon","coordinates":[[[-100.45633706066377,20.697357004774204],[-100.45616881016542,20.697430589326586],[-100.4562140835518,20.69752118928858],[-100.45638233961274,20.69744760234734],[-100.45633706066377,20.697357004774204]]]},"id":"microsoft-023310003-23969"},{"type":"Feature","properties":{"height":-1,"confidence":-1,"footprintSource":"Microsoft Global ML Building Footprints","footprintMethod":"AI detected from imagery; not surveyed","heightMethod":"No supplied height"},"geometry":{"type":"Polygon","coordinates":[[[-100.44278766791551,20.7181123064007],[-100.44272154147826,20.71813956931048],[-100.442753215581,20.71820679074888],[-100.44281934622997,20.71817952611478],[-100.44278766791551,20.7181123064007]]]},"id":"microsoft-023310003-25265"},{"type":"Feature","properties":{"height":-1,"confidence":-1,"footprintSource":"Microsoft Global ML Building Footprints","footprintMethod":"AI detected from imagery; not surveyed","heightMethod":"No supplied height"},"geometry":{"type":"Polygon","coordinates":[[[-100.44923115451496,20.701436725663797],[-100.44923602812004,20.701496595281867],[-100.44929202978426,20.70149260620947],[-100.44928715617918,20.701432736589865],[-100.44923115451496,20.701436725663797]]]},"id":"microsoft-023310003-25288"},{"type":"Feature","properties":{"height":-1,"confidence":-1,"footprintSource":"Microsoft Global ML Building Footprints","footprintMethod":"AI detected from imagery; not surveyed","heightMethod":"No supplied height"},"geometry":{"type":"Polygon","coordinates":[[[-100.44959884676013,20.701118071222012],[-100.44953939217781,20.70112885733603],[-100.44955493336796,20.701203818040213],[-100.4496143879503,20.70119303193154],[-100.44959884676013,20.701118071222012]]]},"id":"microsoft-023310003-25294"},{"type":"Feature","properties":{"height":-1,"confidence":-1,"footprintSource":"Microsoft Global ML Building Footprints","footprintMethod":"AI detected from imagery; not surveyed","heightMethod":"No supplied height"},"geometry":{"type":"Polygon","coordinates":[[[-100.45378621341645,20.702160229832756],[-100.45384923656101,20.7021569083184],[-100.45384448413091,20.702078101484318],[-100.4537814671117,20.70208142680329],[-100.45378621341645,20.702160229832756]]]},"id":"microsoft-023310003-25323"},{"type":"Feature","properties":{"height":-1,"confidence":-1,"footprintSource":"Microsoft Global ML Building Footprints","footprintMethod":"AI detected from imagery; not surveyed","heightMethod":"No supplied height"},"geometry":{"type":"Polygon","coordinates":[[[-100.45400621956385,20.70465723565802],[-100.45389959232503,20.704700858268467],[-100.45393651315716,20.704779810995305],[-100.45404313269758,20.70473618457686],[-100.45400621956385,20.70465723565802]]]},"id":"microsoft-023310003-25326"},{"type":"Feature","properties":{"height":-1,"confidence":-1,"footprintSource":"Microsoft Global ML Building Footprints","footprintMethod":"AI detected from imagery; not surveyed","heightMethod":"No supplied height"},"geometry":{"type":"Polygon","coordinates":[[[-100.45442054246081,20.69988911877084],[-100.45434690055939,20.69988611022751],[-100.4543444452993,20.699938700136187],[-100.4543712163282,20.699939793831106],[-100.45436841031666,20.699999896561124],[-100.45441528960468,20.700001811751534],[-100.45442054246081,20.69988911877084]]]},"id":"microsoft-023310003-25327"},{"type":"Feature","properties":{"height":-1,"confidence":-1,"footprintSource":"Microsoft Global ML Building Footprints","footprintMethod":"AI detected from imagery; not surveyed","heightMethod":"No supplied height"},"geometry":{"type":"Polygon","coordinates":[[[-100.44505175719605,20.69852592471682],[-100.44503041049295,20.698456386609863],[-100.44497837510768,20.698470364803683],[-100.44499972181079,20.698539902904287],[-100.44505175719605,20.69852592471682]]]},"id":"microsoft-023310003-26634"},{"type":"Feature","properties":{"height":-1,"confidence":-1,"footprintSource":"Microsoft Global ML Building Footprints","footprintMethod":"AI detected from imagery; not surveyed","heightMethod":"No supplied height"},"geometry":{"type":"Polygon","coordinates":[[[-100.45191835105004,20.698834798952817],[-100.45194157276288,20.698910187584644],[-100.45207412024044,20.698874460146712],[-100.45205946779919,20.698826879847985],[-100.45197397057211,20.698849919562278],[-100.45196540705578,20.698822118342747],[-100.45191835105004,20.698834798952817]]]},"id":"microsoft-023310003-26673"},{"type":"Feature","properties":{"height":-1,"confidence":-1,"footprintSource":"Microsoft Global ML Building Footprints","footprintMethod":"AI detected from imagery; not surveyed","heightMethod":"No supplied height"},"geometry":{"type":"Polygon","coordinates":[[[-100.45364618342275,20.701692989290535],[-100.45362070127503,20.701538600721506],[-100.45348971330348,20.701557518879895],[-100.45350467900926,20.70164819153929],[-100.45346946228653,20.701653277770347],[-100.45347998338461,20.701716992986093],[-100.45364618342275,20.701692989290535]]]},"id":"microsoft-023310003-26683"},{"type":"Feature","properties":{"height":-1,"confidence":-1,"footprintSource":"Microsoft Global ML Building Footprints","footprintMethod":"AI detected from imagery; not surveyed","heightMethod":"No supplied height"},"geometry":{"type":"Polygon","coordinates":[[[-100.45493310380716,20.702270876842803],[-100.45494515488342,20.702372496837498],[-100.45500986625514,20.702365786020977],[-100.45498943945931,20.702193429471663],[-100.45491260038027,20.702201403017398],[-100.45492098302175,20.7022721338154],[-100.45493310380716,20.702270876842803]]]},"id":"microsoft-023310003-26690"},{"type":"Feature","properties":{"height":-1,"confidence":-1,"footprintSource":"Microsoft Global ML Building Footprints","footprintMethod":"AI detected from imagery; not surveyed","heightMethod":"No supplied height"},"geometry":{"type":"Polygon","coordinates":[[[-100.45742541505017,20.715515645141963],[-100.45745160824399,20.715506934421242],[-100.45746261429177,20.715535888680378],[-100.45752214427773,20.715516091589777],[-100.4574747336103,20.71539136549461],[-100.45733900524232,20.715436502894633],[-100.45736779029042,20.715512229442098],[-100.45741779547862,20.71549559988354],[-100.45742541505017,20.715515645141963]]]},"id":"microsoft-023310003-26703"},{"type":"Feature","properties":{"height":-1,"confidence":-1,"footprintSource":"Microsoft Global ML Building Footprints","footprintMethod":"AI detected from imagery; not surveyed","heightMethod":"No supplied height"},"geometry":{"type":"Polygon","coordinates":[[[-100.43672417117926,20.694966778519102],[-100.43682597942218,20.69495683334111],[-100.43682071520753,20.694909673913443],[-100.43671891045487,20.69491961875356],[-100.43672417117926,20.694966778519102]]]},"id":"microsoft-023310003-27941"},{"type":"Feature","properties":{"height":-1,"confidence":-1,"footprintSource":"Microsoft Global ML Building Footprints","footprintMethod":"AI detected from imagery; not surveyed","heightMethod":"No supplied height"},"geometry":{"type":"Polygon","coordinates":[[[-100.44923569607894,20.69941250217147],[-100.4492233558584,20.699370512504103],[-100.4491635062077,20.69938590401472],[-100.44917584642823,20.69942789367785],[-100.44923569607894,20.69941250217147]]]},"id":"microsoft-023310003-27984"},{"type":"Feature","properties":{"height":-1,"confidence":-1,"footprintSource":"Microsoft Global ML Building Footprints","footprintMethod":"AI detected from imagery; not surveyed","heightMethod":"No supplied height"},"geometry":{"type":"Polygon","coordinates":[[[-100.4509720402319,20.701010604960686],[-100.45095773792049,20.701013241792012],[-100.45094502061593,20.700952860401927],[-100.4508804718246,20.700964760879373],[-100.45089239159502,20.701021355596936],[-100.45090788351057,20.70101850045984],[-100.45094123713876,20.701176862391094],[-100.45100718958182,20.70116470314774],[-100.451004136385,20.701150211823233],[-100.451062118665,20.701139521987614],[-100.45101938852169,20.700936640590626],[-100.45095880971245,20.700947809147266],[-100.4509720402319,20.701010604960686]]]},"id":"microsoft-023310003-27992"},{"type":"Feature","properties":{"height":-1,"confidence":-1,"footprintSource":"Microsoft Global ML Building Footprints","footprintMethod":"AI detected from imagery; not surveyed","heightMethod":"No supplied height"},"geometry":{"type":"Polygon","coordinates":[[[-100.45393052014377,20.69793183463773],[-100.4537922038516,20.698036863480908],[-100.45385455763987,20.698108721378844],[-100.45378428693282,20.698162075956617],[-100.45383809640258,20.6982240924891],[-100.45404668489749,20.698065717102807],[-100.45393052014377,20.69793183463773]]]},"id":"microsoft-023310003-28010"},{"type":"Feature","properties":{"height":-1,"confidence":-1,"footprintSource":"Microsoft Global ML Building Footprints","footprintMethod":"AI detected from imagery; not surveyed","heightMethod":"No supplied height"},"geometry":{"type":"Polygon","coordinates":[[[-100.44253745190743,20.70060145416494],[-100.44285464202886,20.70057794643148],[-100.44284576473798,20.700473224345387],[-100.44252857461655,20.700496732095075],[-100.44253745190743,20.70060145416494]]]},"id":"microsoft-023310003-29376"},{"type":"Feature","properties":{"height":-1,"confidence":-1,"footprintSource":"Microsoft Global ML Building Footprints","footprintMethod":"AI detected from imagery; not surveyed","heightMethod":"No supplied height"},"geometry":{"type":"Polygon","coordinates":[[[-100.44918479674703,20.695677506119637],[-100.44930111971831,20.695679973688286],[-100.4493038099734,20.69556864868437],[-100.44918749514228,20.69556618890205],[-100.44918479674703,20.695677506119637]]]},"id":"microsoft-023310003-29408"},{"type":"Feature","properties":{"height":-1,"confidence":-1,"footprintSource":"Microsoft Global ML Building Footprints","footprintMethod":"AI detected from imagery; not surveyed","heightMethod":"No supplied height"},"geometry":{"type":"Polygon","coordinates":[[[-100.44874780429207,20.699545133685078],[-100.44869677214109,20.699555932171336],[-100.4487187118943,20.699646634079755],[-100.44876974404528,20.699635835599963],[-100.44874780429207,20.699545133685078]]]},"id":"microsoft-023310003-30694"},{"type":"Feature","properties":{"height":-1,"confidence":-1,"footprintSource":"Microsoft Global ML Building Footprints","footprintMethod":"AI detected from imagery; not surveyed","heightMethod":"No supplied height"},"geometry":{"type":"Polygon","coordinates":[[[-100.45100118327522,20.69986304100631],[-100.45091944377451,20.699885051886895],[-100.45096650348424,20.70003797738177],[-100.45108539730347,20.70000596158671],[-100.45105687626726,20.699913279467452],[-100.45101972194875,20.699923284410232],[-100.45100118327522,20.69986304100631]]]},"id":"microsoft-023310003-30712"},{"type":"Feature","properties":{"height":-1,"confidence":-1,"footprintSource":"Microsoft Global ML Building Footprints","footprintMethod":"AI detected from imagery; not surveyed","heightMethod":"No supplied height"},"geometry":{"type":"Polygon","coordinates":[[[-100.45108551018521,20.70061738883433],[-100.45102816453505,20.70063215504311],[-100.45106110778087,20.70074410649218],[-100.45117579908121,20.700714574095016],[-100.45113286199519,20.700568660407612],[-100.45107551531804,20.700583423131064],[-100.45108551018521,20.70061738883433]]]},"id":"microsoft-023310003-30714"},{"type":"Feature","properties":{"height":-1,"confidence":-1,"footprintSource":"Microsoft Global ML Building Footprints","footprintMethod":"AI detected from imagery; not surveyed","heightMethod":"No supplied height"},"geometry":{"type":"Polygon","coordinates":[[[-100.45191427226821,20.702283871320404],[-100.45196820110509,20.702330112897727],[-100.45200961836939,20.70228784679368],[-100.45195568953251,20.70224160520347],[-100.45191427226821,20.702283871320404]]]},"id":"microsoft-023310003-30720"},{"type":"Feature","properties":{"height":-1,"confidence":-1,"footprintSource":"Microsoft Global ML Building Footprints","footprintMethod":"AI detected from imagery; not surveyed","heightMethod":"No supplied height"},"geometry":{"type":"Polygon","coordinates":[[[-100.45369302793921,20.698067485814022],[-100.45372239809508,20.698093087388145],[-100.45383143374418,20.697983619321192],[-100.45373811097312,20.69790227713959],[-100.45371403126241,20.697926452366318],[-100.45368962376843,20.697905178253478],[-100.45363745106191,20.697957557905525],[-100.45372581146388,20.698034574749983],[-100.45369302793921,20.698067485814022]]]},"id":"microsoft-023310003-30734"},{"type":"Feature","properties":{"height":-1,"confidence":-1,"footprintSource":"Microsoft Global ML Building Footprints","footprintMethod":"AI detected from imagery; not surveyed","heightMethod":"No supplied height"},"geometry":{"type":"Polygon","coordinates":[[[-100.43655119333154,20.698878356554644],[-100.43640938200348,20.698884911441425],[-100.4364132106981,20.698957497622942],[-100.43655502202616,20.6989509427393],[-100.43655119333154,20.698878356554644]]]},"id":"microsoft-023310003-32015"},{"type":"Feature","properties":{"height":-1,"confidence":-1,"footprintSource":"Microsoft Global ML Building Footprints","footprintMethod":"AI detected from imagery; not surveyed","heightMethod":"No supplied height"},"geometry":{"type":"Polygon","coordinates":[[[-100.44830467848968,20.697937273438257],[-100.44834843353001,20.698056163691746],[-100.4485114966511,20.698003648545154],[-100.44846774161074,20.69788475825048],[-100.44830467848968,20.697937273438257]]]},"id":"microsoft-023310003-32075"},{"type":"Feature","properties":{"height":-1,"confidence":-1,"footprintSource":"Microsoft Global ML Building Footprints","footprintMethod":"AI detected from imagery; not surveyed","heightMethod":"No supplied height"},"geometry":{"type":"Polygon","coordinates":[[[-100.44853214298087,20.698048601724736],[-100.44856195461159,20.698155140773963],[-100.44868359680393,20.698125355092955],[-100.44865377562748,20.69801881039676],[-100.44853214298087,20.698048601724736]]]},"id":"microsoft-023310003-32078"},{"type":"Feature","properties":{"height":-1,"confidence":-1,"footprintSource":"Microsoft Global ML Building Footprints","footprintMethod":"AI detected from imagery; not surveyed","heightMethod":"No supplied height"},"geometry":{"type":"Polygon","coordinates":[[[-100.45096583745365,20.703080598175205],[-100.45090062989438,20.703007404067364],[-100.45085883618619,20.703039986794963],[-100.4509240455386,20.703113176753035],[-100.45096583745365,20.703080598175205]]]},"id":"microsoft-023310003-32093"},{"type":"Feature","properties":{"height":-1,"confidence":-1,"footprintSource":"Microsoft Global ML Building Footprints","footprintMethod":"AI detected from imagery; not surveyed","heightMethod":"No supplied height"},"geometry":{"type":"Polygon","coordinates":[[[-100.45143687550177,20.698348447789513],[-100.45131226448328,20.69836619241255],[-100.45132942379924,20.698471639475713],[-100.45145402710703,20.698453895963013],[-100.45143687550177,20.698348447789513]]]},"id":"microsoft-023310003-32100"},{"type":"Feature","properties":{"height":-1,"confidence":-1,"footprintSource":"Microsoft Global ML Building Footprints","footprintMethod":"AI detected from imagery; not surveyed","heightMethod":"No supplied height"},"geometry":{"type":"Polygon","coordinates":[[[-100.45167396627758,20.700007519292555],[-100.4516810041104,20.700050295559663],[-100.45172292644595,20.700044260008568],[-100.45171588817202,20.700001481058607],[-100.45167396627758,20.700007519292555]]]},"id":"microsoft-023310003-32103"},{"type":"Feature","properties":{"height":-1,"confidence":-1,"footprintSource":"Microsoft Global ML Building Footprints","footprintMethod":"AI detected from imagery; not surveyed","heightMethod":"No supplied height"},"geometry":{"type":"Polygon","coordinates":[[[-100.4530882420264,20.715301386692772],[-100.45299529412934,20.715324009757794],[-100.453010010496,20.715376907420122],[-100.45310295680765,20.71535427866425],[-100.4530882420264,20.715301386692772]]]},"id":"microsoft-023310003-32118"},{"type":"Feature","properties":{"height":-1,"confidence":-1,"footprintSource":"Microsoft Global ML Building Footprints","footprintMethod":"AI detected from imagery; not surveyed","heightMethod":"No supplied height"},"geometry":{"type":"Polygon","coordinates":[[[-100.45368347014146,20.719882522683633],[-100.4536316710802,20.719826827447008],[-100.45358891965797,20.719861611185237],[-100.45364071871923,20.719917306409087],[-100.45368347014146,20.719882522683633]]]},"id":"microsoft-023310003-32119"},{"type":"Feature","properties":{"height":-1,"confidence":-1,"footprintSource":"Microsoft Global ML Building Footprints","footprintMethod":"AI detected from imagery; not surveyed","heightMethod":"No supplied height"},"geometry":{"type":"Polygon","coordinates":[[[-100.45443964989019,20.700271135829837],[-100.45432305883624,20.70027302124835],[-100.45432607185418,20.700436060809693],[-100.4544426507133,20.700434175590416],[-100.45443964989019,20.700271135829837]]]},"id":"microsoft-023310003-32126"},{"type":"Feature","properties":{"height":-1,"confidence":-1,"footprintSource":"Microsoft Global ML Building Footprints","footprintMethod":"AI detected from imagery; not surveyed","heightMethod":"No supplied height"},"geometry":{"type":"Polygon","coordinates":[[[-100.45523324379555,20.69961074551371],[-100.45523126308734,20.699625568284304],[-100.45535010557907,20.699639464630422],[-100.45536231994629,20.69954805753038],[-100.45528573256271,20.699539102102065],[-100.45529134456928,20.699497104224335],[-100.45524116662834,20.699491236872845],[-100.45523390403162,20.699545587067462],[-100.45512562531691,20.699532925944297],[-100.45511704224806,20.699597157972732],[-100.45523324379555,20.69961074551371]]]},"id":"microsoft-023310003-32128"},{"type":"Feature","properties":{"height":-1,"confidence":-1,"footprintSource":"Microsoft Global ML Building Footprints","footprintMethod":"AI detected from imagery; not surveyed","heightMethod":"No supplied height"},"geometry":{"type":"Polygon","coordinates":[[[-100.45549616217613,20.717352082014898],[-100.45545783455917,20.717316232774778],[-100.45542028494707,20.717351356776476],[-100.45545861124992,20.717387204779143],[-100.45549616217613,20.717352082014898]]]},"id":"microsoft-023310003-32130"},{"type":"Feature","properties":{"height":-1,"confidence":-1,"footprintSource":"Microsoft Global ML Building Footprints","footprintMethod":"AI detected from imagery; not surveyed","heightMethod":"No supplied height"},"geometry":{"type":"Polygon","coordinates":[[[-100.45630157083254,20.71769658252208],[-100.45627864639403,20.717662344290915],[-100.45622855490755,20.717691686013566],[-100.45625147934602,20.717725924238124],[-100.45630157083254,20.71769658252208]]]},"id":"microsoft-023310003-32136"},{"type":"Feature","properties":{"height":-1,"confidence":-1,"footprintSource":"Microsoft Global ML Building Footprints","footprintMethod":"AI detected from imagery; not surveyed","heightMethod":"No supplied height"},"geometry":{"type":"Polygon","coordinates":[[[-100.45731559154277,20.70305385321508],[-100.45735010002963,20.703129376068574],[-100.45738411837871,20.703115774826344],[-100.45734960903141,20.703040250082992],[-100.45731559154277,20.70305385321508]]]},"id":"microsoft-023310003-32140"},{"type":"Feature","properties":{"height":-1,"confidence":-1,"footprintSource":"Microsoft Global ML Building Footprints","footprintMethod":"AI detected from imagery; not surveyed","heightMethod":"No supplied height"},"geometry":{"type":"Polygon","coordinates":[[[-100.44826064461292,20.697621016349686],[-100.44822115182619,20.69751897610041],[-100.44815001243138,20.69754307460137],[-100.4481895052181,20.697645114834444],[-100.44826064461292,20.697621016349686]]]},"id":"microsoft-023310003-33408"},{"type":"Feature","properties":{"height":-1,"confidence":-1,"footprintSource":"Microsoft Global ML Building Footprints","footprintMethod":"AI detected from imagery; not surveyed","heightMethod":"No supplied height"},"geometry":{"type":"Polygon","coordinates":[[[-100.44960408354753,20.6948349403808],[-100.44960558049699,20.694696951726556],[-100.44954657797531,20.694696391581985],[-100.44954611528182,20.694739042634126],[-100.44948174889454,20.6947384315675],[-100.44948147672191,20.694763520416203],[-100.4494010187378,20.69476275658303],[-100.44940169916937,20.694700034453177],[-100.44933562518543,20.694699407175193],[-100.44933419261784,20.694832378154686],[-100.44960408354753,20.6948349403808]]]},"id":"microsoft-023310003-33420"},{"type":"Feature","properties":{"height":-1,"confidence":-1,"footprintSource":"Microsoft Global ML Building Footprints","footprintMethod":"AI detected from imagery; not surveyed","heightMethod":"No supplied height"},"geometry":{"type":"Polygon","coordinates":[[[-100.44962578716675,20.69860360579517],[-100.44963219219474,20.698602155700385],[-100.44961257413115,20.698526306654784],[-100.44956562304115,20.69853693636047],[-100.44959628464191,20.69865544857285],[-100.44963682534302,20.698646270183545],[-100.44962578716675,20.69860360579517]]]},"id":"microsoft-023310003-33421"},{"type":"Feature","properties":{"height":-1,"confidence":-1,"footprintSource":"Microsoft Global ML Building Footprints","footprintMethod":"AI detected from imagery; not surveyed","heightMethod":"No supplied height"},"geometry":{"type":"Polygon","coordinates":[[[-100.44983342900971,20.70417746875765],[-100.44986541879231,20.70420547207857],[-100.44993500586244,20.704135920100455],[-100.44982633480983,20.70404079121292],[-100.44973265990774,20.704134418927097],[-100.4498093421381,20.704201545280057],[-100.44983342900971,20.70417746875765]]]},"id":"microsoft-023310003-33423"},{"type":"Feature","properties":{"height":-1,"confidence":-1,"footprintSource":"Microsoft Global ML Building Footprints","footprintMethod":"AI detected from imagery; not surveyed","heightMethod":"No supplied height"},"geometry":{"type":"Polygon","coordinates":[[[-100.45125228913638,20.70240736993395],[-100.45113424072073,20.702433206570333],[-100.45114885852573,20.702491631485557],[-100.45109652279004,20.702503089353584],[-100.45110961240204,20.702555421964334],[-100.45121133071497,20.702533152770485],[-100.45120921284801,20.702524685482942],[-100.45127787377523,20.70250965803622],[-100.45125228913638,20.70240736993395]]]},"id":"microsoft-023310003-33436"},{"type":"Feature","properties":{"height":-1,"confidence":-1,"footprintSource":"Microsoft Global ML Building Footprints","footprintMethod":"AI detected from imagery; not surveyed","heightMethod":"No supplied height"},"geometry":{"type":"Polygon","coordinates":[[[-100.45371357384137,20.70474119600216],[-100.45376969501461,20.7047380215172],[-100.45376694776155,20.704695524283125],[-100.45371082658829,20.704698698768993],[-100.45371357384137,20.70474119600216]]]},"id":"microsoft-023310003-33448"},{"type":"Feature","properties":{"height":-1,"confidence":-1,"footprintSource":"Microsoft Global ML Building Footprints","footprintMethod":"AI detected from imagery; not surveyed","heightMethod":"No supplied height"},"geometry":{"type":"Polygon","coordinates":[[[-100.45432281258756,20.699006426721738],[-100.45435100297819,20.69913793962776],[-100.45445930281792,20.699117632444313],[-100.45443111096617,20.698986112704233],[-100.45432281258756,20.699006426721738]]]},"id":"microsoft-023310003-33457"},{"type":"Feature","properties":{"height":-1,"confidence":-1,"footprintSource":"Microsoft Global ML Building Footprints","footprintMethod":"AI detected from imagery; not surveyed","heightMethod":"No supplied height"},"geometry":{"type":"Polygon","coordinates":[[[-100.44895447722594,20.704197242166714],[-100.4489103173159,20.704204695412216],[-100.44891641035666,20.704236283863168],[-100.44896057026666,20.704228830619215],[-100.44895447722594,20.704197242166714]]]},"id":"microsoft-023310003-34762"},{"type":"Feature","properties":{"height":-1,"confidence":-1,"footprintSource":"Microsoft Global ML Building Footprints","footprintMethod":"AI detected from imagery; not surveyed","heightMethod":"No supplied height"},"geometry":{"type":"Polygon","coordinates":[[[-100.4492533441802,20.695128892085194],[-100.44925018564027,20.695229170470284],[-100.44940663232971,20.69523348276563],[-100.44940655355362,20.695235989729497],[-100.44949665585139,20.695238473308436],[-100.44949531347193,20.695281091599426],[-100.44955963064793,20.695282864436976],[-100.44955884101293,20.69530793401401],[-100.44960439901259,20.695309189773724],[-100.44960550450156,20.695274092364983],[-100.4497153796772,20.695277120962587],[-100.44971964370612,20.695141745169835],[-100.4492533441802,20.695128892085194]]]},"id":"microsoft-023310003-34764"},{"type":"Feature","properties":{"height":-1,"confidence":-1,"footprintSource":"Microsoft Global ML Building Footprints","footprintMethod":"AI detected from imagery; not surveyed","heightMethod":"No supplied height"},"geometry":{"type":"Polygon","coordinates":[[[-100.45282092076411,20.6974587686163],[-100.4527304312889,20.697372954160457],[-100.45267061813611,20.697428151174762],[-100.45276110551838,20.697513963614554],[-100.45282092076411,20.6974587686163]]]},"id":"microsoft-023310003-34790"},{"type":"Feature","properties":{"height":-1,"confidence":-1,"footprintSource":"Microsoft Global ML Building Footprints","footprintMethod":"AI detected from imagery; not surveyed","heightMethod":"No supplied height"},"geometry":{"type":"Polygon","coordinates":[[[-100.43617917620459,20.697908191632578],[-100.43618449248014,20.698028422247916],[-100.43628088708031,20.698024692390703],[-100.43627557080478,20.697904461772396],[-100.43617917620459,20.697908191632578]]]},"id":"microsoft-023310003-36043"},{"type":"Feature","properties":{"height":-1,"confidence":-1,"footprintSource":"Microsoft Global ML Building Footprints","footprintMethod":"AI detected from imagery; not surveyed","heightMethod":"No supplied height"},"geometry":{"type":"Polygon","coordinates":[[[-100.44992192459881,20.696323501274776],[-100.44984202334103,20.69631721323921],[-100.44984144233482,20.696323679267024],[-100.4496816388858,20.696311113584912],[-100.44967604199965,20.696373401413354],[-100.44975594372417,20.696379684251966],[-100.44975652522984,20.696373212668064],[-100.44979647585872,20.69637635668471],[-100.44978716344401,20.696479994626443],[-100.44990701603079,20.69648941887762],[-100.44992192459881,20.696323501274776]]]},"id":"microsoft-023310003-36104"},{"type":"Feature","properties":{"height":-1,"confidence":-1,"footprintSource":"Microsoft Global ML Building Footprints","footprintMethod":"AI detected from imagery; not surveyed","heightMethod":"No supplied height"},"geometry":{"type":"Polygon","coordinates":[[[-100.4505977371852,20.702638232660618],[-100.45066054169894,20.702682981134856],[-100.45069600226132,20.702639432091757],[-100.45063319562871,20.702594686206865],[-100.4505977371852,20.702638232660618]]]},"id":"microsoft-023310003-36111"},{"type":"Feature","properties":{"height":-1,"confidence":-1,"footprintSource":"Microsoft Global ML Building Footprints","footprintMethod":"AI detected from imagery; not surveyed","heightMethod":"No supplied height"},"geometry":{"type":"Polygon","coordinates":[[[-100.4530233690922,20.716592546174112],[-100.45293769895605,20.71661080667343],[-100.45296357152144,20.71671696724175],[-100.45304923280729,20.716698703033984],[-100.4530233690922,20.716592546174112]]]},"id":"microsoft-023310003-36121"},{"type":"Feature","properties":{"height":-1,"confidence":-1,"footprintSource":"Microsoft Global ML Building Footprints","footprintMethod":"AI detected from imagery; not surveyed","heightMethod":"No supplied height"},"geometry":{"type":"Polygon","coordinates":[[[-100.45580305253138,20.717543437329823],[-100.45577562081768,20.717519673995298],[-100.45580370136085,20.717491315297877],[-100.45574966891803,20.717444508468134],[-100.45566943553128,20.717525530501916],[-100.45575090295121,20.71759610345984],[-100.45580305253138,20.717543437329823]]]},"id":"microsoft-023310003-36131"},{"type":"Feature","properties":{"height":-1,"confidence":-1,"footprintSource":"Microsoft Global ML Building Footprints","footprintMethod":"AI detected from imagery; not surveyed","heightMethod":"No supplied height"},"geometry":{"type":"Polygon","coordinates":[[[-100.45661103099687,20.719407319404723],[-100.45660874342533,20.71946996469221],[-100.45668107868732,20.719472275482076],[-100.45668336625886,20.719409630195514],[-100.45661103099687,20.719407319404723]]]},"id":"microsoft-023310003-36136"},{"type":"Feature","properties":{"height":-1,"confidence":-1,"footprintSource":"Microsoft Global ML Building Footprints","footprintMethod":"AI detected from imagery; not surveyed","heightMethod":"No supplied height"},"geometry":{"type":"Polygon","coordinates":[[[-100.43667026573611,20.710273992222582],[-100.43672248590684,20.710426440350446],[-100.43681367054876,20.710399117931686],[-100.43676146072323,20.71024666667651],[-100.43667026573611,20.710273992222582]]]},"id":"microsoft-023310003-37379"},{"type":"Feature","properties":{"height":-1,"confidence":-1,"footprintSource":"Microsoft Global ML Building Footprints","footprintMethod":"AI detected from imagery; not surveyed","heightMethod":"No supplied height"},"geometry":{"type":"Polygon","coordinates":[[[-100.43701294731014,20.71102479878344],[-100.43701096601868,20.71077962014766],[-100.43690262204318,20.7108174178949],[-100.43689528180136,20.710817469792744],[-100.43669709527293,20.710886610708272],[-100.43672645624011,20.710886403116888],[-100.4366485365457,20.710913586787456],[-100.43673072110408,20.711119698272384],[-100.4367411367237,20.711119624630754],[-100.43701294731014,20.71102479878344]]]},"id":"microsoft-023310003-37380"},{"type":"Feature","properties":{"height":-1,"confidence":-1,"footprintSource":"Microsoft Global ML Building Footprints","footprintMethod":"AI detected from imagery; not surveyed","heightMethod":"No supplied height"},"geometry":{"type":"Polygon","coordinates":[[[-100.44916491006435,20.69614949524791],[-100.44921780630138,20.696155379286907],[-100.44922881370178,20.696068784495694],[-100.44917591746474,20.696062900453356],[-100.44916491006435,20.69614949524791]]]},"id":"microsoft-023310003-37429"},{"type":"Feature","properties":{"height":-1,"confidence":-1,"footprintSource":"Microsoft Global ML Building Footprints","footprintMethod":"AI detected from imagery; not surveyed","heightMethod":"No supplied height"},"geometry":{"type":"Polygon","coordinates":[[[-100.45067606558108,20.69831947696224],[-100.45068715163433,20.698385596387908],[-100.45076045110075,20.69837484660144],[-100.45072701725907,20.698175440420982],[-100.45063277609763,20.69818926761505],[-100.45065512287638,20.698322548330978],[-100.45067606558108,20.69831947696224]]]},"id":"microsoft-023310003-37441"},{"type":"Feature","properties":{"height":-1,"confidence":-1,"footprintSource":"Microsoft Global ML Building Footprints","footprintMethod":"AI detected from imagery; not surveyed","heightMethod":"No supplied height"},"geometry":{"type":"Polygon","coordinates":[[[-100.45281749571737,20.69976789164504],[-100.45272580704129,20.69978114609721],[-100.45273490365973,20.699836235421145],[-100.45274932912501,20.699834151031027],[-100.45276187893005,20.699910118476993],[-100.45283913755765,20.69989895509049],[-100.45281749571737,20.69976789164504]]]},"id":"microsoft-023310003-37451"},{"type":"Feature","properties":{"height":-1,"confidence":-1,"footprintSource":"Microsoft Global ML Building Footprints","footprintMethod":"AI detected from imagery; not surveyed","heightMethod":"No supplied height"},"geometry":{"type":"Polygon","coordinates":[[[-100.434702420003,20.699204532456747],[-100.43470121125706,20.699292335305117],[-100.43475752830669,20.699293013736792],[-100.43475873705263,20.699205210888806],[-100.434702420003,20.699204532456747]]]},"id":"microsoft-023310003-38699"},{"type":"Feature","properties":{"height":-1,"confidence":-1,"footprintSource":"Microsoft Global ML Building Footprints","footprintMethod":"AI detected from imagery; not surveyed","heightMethod":"No supplied height"},"geometry":{"type":"Polygon","coordinates":[[[-100.44845637634612,20.700665621149184],[-100.44849621156654,20.700798162852138],[-100.44854095553333,20.700786398384338],[-100.44853440672193,20.700764608863537],[-100.44855926402796,20.70075807153853],[-100.4485804894265,20.700828693698895],[-100.44865506270446,20.700809086256015],[-100.44858936953393,20.70059050866456],[-100.44850105421396,20.70061372931565],[-100.4485122334504,20.70065093470693],[-100.44845637634612,20.700665621149184]]]},"id":"microsoft-023310003-38765"},{"type":"Feature","properties":{"height":-1,"confidence":-1,"footprintSource":"Microsoft Global ML Building Footprints","footprintMethod":"AI detected from imagery; not surveyed","heightMethod":"No supplied height"},"geometry":{"type":"Polygon","coordinates":[[[-100.44985308533631,20.698080022284756],[-100.44988813581736,20.698207049751346],[-100.45000883990816,20.698177904725497],[-100.44997378942715,20.69805087723448],[-100.44985308533631,20.698080022284756]]]},"id":"microsoft-023310003-38774"},{"type":"Feature","properties":{"height":-1,"confidence":-1,"footprintSource":"Microsoft Global ML Building Footprints","footprintMethod":"AI detected from imagery; not surveyed","heightMethod":"No supplied height"},"geometry":{"type":"Polygon","coordinates":[[[-100.45045257491299,20.696188903956894],[-100.45036679511075,20.69618694952038],[-100.45036411824421,20.6962897623945],[-100.45044989804641,20.69629171682969],[-100.45045257491299,20.696188903956894]]]},"id":"microsoft-023310003-38779"},{"type":"Feature","properties":{"height":-1,"confidence":-1,"footprintSource":"Microsoft Global ML Building Footprints","footprintMethod":"AI detected from imagery; not surveyed","heightMethod":"No supplied height"},"geometry":{"type":"Polygon","coordinates":[[[-100.45098297338696,20.700515760715845],[-100.45100473971554,20.700563735573155],[-100.45113093576327,20.70051362592163],[-100.45110916957005,20.70046565925682],[-100.45098297338696,20.700515760715845]]]},"id":"microsoft-023310003-38786"},{"type":"Feature","properties":{"height":-1,"confidence":-1,"footprintSource":"Microsoft Global ML Building Footprints","footprintMethod":"AI detected from imagery; not surveyed","heightMethod":"No supplied height"},"geometry":{"type":"Polygon","coordinates":[[[-100.4518179457564,20.699037965831877],[-100.45180038165208,20.698945541902376],[-100.45171458031089,20.698959810364258],[-100.45173214441522,20.69905223428505],[-100.4518179457564,20.699037965831877]]]},"id":"microsoft-023310003-38790"},{"type":"Feature","properties":{"height":-1,"confidence":-1,"footprintSource":"Microsoft Global ML Building Footprints","footprintMethod":"AI detected from imagery; not surveyed","heightMethod":"No supplied height"},"geometry":{"type":"Polygon","coordinates":[[[-100.45394044131092,20.701914718164474],[-100.45394301932556,20.70200375260852],[-100.45399930442224,20.702002326524834],[-100.45399672630099,20.701913288397705],[-100.45394044131092,20.701914718164474]]]},"id":"microsoft-023310003-38802"},{"type":"Feature","properties":{"height":-1,"confidence":-1,"footprintSource":"Microsoft Global ML Building Footprints","footprintMethod":"AI detected from imagery; not surveyed","heightMethod":"No supplied height"},"geometry":{"type":"Polygon","coordinates":[[[-100.45597436936463,20.718254802372172],[-100.45591640163056,20.718290537299197],[-100.45597925606678,20.718379736317303],[-100.45603722380086,20.718344001411324],[-100.45597436936463,20.718254802372172]]]},"id":"microsoft-023310003-38808"},{"type":"Feature","properties":{"height":-1,"confidence":-1,"footprintSource":"Microsoft Global ML Building Footprints","footprintMethod":"AI detected from imagery; not surveyed","heightMethod":"No supplied height"},"geometry":{"type":"Polygon","coordinates":[[[-100.430968070569,20.69585422546787],[-100.43101558333305,20.695907408200014],[-100.43105822187087,20.695874073148076],[-100.43101070910679,20.695820890404235],[-100.430968070569,20.69585422546787]]]},"id":"microsoft-023310003-40053"},{"type":"Feature","properties":{"height":-1,"confidence":-1,"footprintSource":"Microsoft Global ML Building Footprints","footprintMethod":"AI detected from imagery; not surveyed","heightMethod":"No supplied height"},"geometry":{"type":"Polygon","coordinates":[[[-100.43576209811683,20.698384568457186],[-100.43573788103113,20.69842793392759],[-100.43577890306476,20.69844798047832],[-100.43580311760144,20.69840461376802],[-100.43576209811683,20.698384568457186]]]},"id":"microsoft-023310003-40067"},{"type":"Feature","properties":{"height":-1,"confidence":-1,"footprintSource":"Microsoft Global ML Building Footprints","footprintMethod":"AI detected from imagery; not surveyed","heightMethod":"No supplied height"},"geometry":{"type":"Polygon","coordinates":[[[-100.45093372465297,20.703542543921344],[-100.45090893497571,20.703450535625947],[-100.45076769988529,20.7034838231542],[-100.45079248956253,20.703575831429404],[-100.45093372465297,20.703542543921344]]]},"id":"microsoft-023310003-40129"},{"type":"Feature","properties":{"height":-1,"confidence":-1,"footprintSource":"Microsoft Global ML Building Footprints","footprintMethod":"AI detected from imagery; not surveyed","heightMethod":"No supplied height"},"geometry":{"type":"Polygon","coordinates":[[[-100.45169834895378,20.701376375494235],[-100.45168447733599,20.70133254542901],[-100.45174008191239,20.701317146395084],[-100.45171452337827,20.70123640829803],[-100.45168111894432,20.701245659268523],[-100.4516691072516,20.70120770596519],[-100.45160252475465,20.701226149577494],[-100.45165395977685,20.701388668550422],[-100.45169834895378,20.701376375494235]]]},"id":"microsoft-023310003-40133"},{"type":"Feature","properties":{"height":-1,"confidence":-1,"footprintSource":"Microsoft Global ML Building Footprints","footprintMethod":"AI detected from imagery; not surveyed","heightMethod":"No supplied height"},"geometry":{"type":"Polygon","coordinates":[[[-100.45189792292118,20.69779413036207],[-100.45183228925775,20.69760030618859],[-100.45175780760043,20.69762237693844],[-100.45182345444263,20.697816197178554],[-100.45189792292118,20.69779413036207]]]},"id":"microsoft-023310003-40136"},{"type":"Feature","properties":{"height":-1,"confidence":-1,"footprintSource":"Microsoft Global ML Building Footprints","footprintMethod":"AI detected from imagery; not surveyed","heightMethod":"No supplied height"},"geometry":{"type":"Polygon","coordinates":[[[-100.45205287470374,20.70178331035342],[-100.45206765948546,20.701832077747767],[-100.45217828538578,20.70180273049749],[-100.45215715944467,20.70173306405283],[-100.45219797378714,20.70172223666586],[-100.45218811726599,20.701689725047828],[-100.45208136770876,20.701718043988578],[-100.45209756056491,20.70177145591886],[-100.45205287470374,20.70178331035342]]]},"id":"microsoft-023310003-40141"},{"type":"Feature","properties":{"height":-1,"confidence":-1,"footprintSource":"Microsoft Global ML Building Footprints","footprintMethod":"AI detected from imagery; not surveyed","heightMethod":"No supplied height"},"geometry":{"type":"Polygon","coordinates":[[[-100.45210704791434,20.716555786208446],[-100.45202365712387,20.71656577626834],[-100.45203785276581,20.71666944447361],[-100.45212123592425,20.716659455334835],[-100.45210704791434,20.716555786208446]]]},"id":"microsoft-023310003-40142"},{"type":"Feature","properties":{"height":-1,"confidence":-1,"footprintSource":"Microsoft Global ML Building Footprints","footprintMethod":"AI detected from imagery; not surveyed","heightMethod":"No supplied height"},"geometry":{"type":"Polygon","coordinates":[[[-100.45746894853144,20.69756453174878],[-100.4573283582705,20.697538666602682],[-100.45731261452562,20.69761355213386],[-100.45745321018076,20.697639418259584],[-100.45746894853144,20.69756453174878]]]},"id":"microsoft-023310003-40163"},{"type":"Feature","properties":{"height":-1,"confidence":-1,"footprintSource":"Microsoft Global ML Building Footprints","footprintMethod":"AI detected from imagery; not surveyed","heightMethod":"No supplied height"},"geometry":{"type":"Polygon","coordinates":[[[-100.45755654270349,20.701697016099885],[-100.45764797457488,20.70183850386131],[-100.45775208429409,20.701779626863114],[-100.45770933692566,20.701713476731655],[-100.45767005023917,20.701735694479197],[-100.45762136573623,20.701660356805334],[-100.45755654270349,20.701697016099885]]]},"id":"microsoft-023310003-40164"},{"type":"Feature","properties":{"height":-1,"confidence":-1,"footprintSource":"Microsoft Global ML Building Footprints","footprintMethod":"AI detected from imagery; not surveyed","heightMethod":"No supplied height"},"geometry":{"type":"Polygon","coordinates":[[[-100.44705581703776,20.695703395352453],[-100.44702831024613,20.69578007017347],[-100.44709822065604,20.69580201786667],[-100.44712572744767,20.695725343056736],[-100.44705581703776,20.695703395352453]]]},"id":"microsoft-023310003-41409"},{"type":"Feature","properties":{"height":-1,"confidence":-1,"footprintSource":"Microsoft Global ML Building Footprints","footprintMethod":"AI detected from imagery; not surveyed","heightMethod":"No supplied height"},"geometry":{"type":"Polygon","coordinates":[[[-100.44878927265164,20.70037460890883],[-100.44876312066948,20.700275252223292],[-100.44866449373498,20.70029796848773],[-100.44869064571716,20.700397325158406],[-100.44878927265164,20.70037460890883]]]},"id":"microsoft-023310003-41423"},{"type":"Feature","properties":{"height":-1,"confidence":-1,"footprintSource":"Microsoft Global ML Building Footprints","footprintMethod":"AI detected from imagery; not surveyed","heightMethod":"No supplied height"},"geometry":{"type":"Polygon","coordinates":[[[-100.44888394372224,20.696348325075263],[-100.44887960847616,20.696442544014687],[-100.44894118519971,20.69644502342409],[-100.44894552026062,20.696350808510303],[-100.44888394372224,20.696348325075263]]]},"id":"microsoft-023310003-41424"},{"type":"Feature","properties":{"height":-1,"confidence":-1,"footprintSource":"Microsoft Global ML Building Footprints","footprintMethod":"AI detected from imagery; not surveyed","heightMethod":"No supplied height"},"geometry":{"type":"Polygon","coordinates":[[[-100.45167456166308,20.701585222508996],[-100.45169913259407,20.70165675427154],[-100.45181340124776,20.70162241575997],[-100.45178882798749,20.701550877200177],[-100.45167456166308,20.701585222508996]]]},"id":"microsoft-023310003-41436"},{"type":"Feature","properties":{"height":-1,"confidence":-1,"footprintSource":"Microsoft Global ML Building Footprints","footprintMethod":"AI detected from imagery; not surveyed","heightMethod":"No supplied height"},"geometry":{"type":"Polygon","coordinates":[[[-100.45198329988924,20.71690643089528],[-100.45197439007397,20.716847396694064],[-100.45192705364337,20.716853646974272],[-100.45193596345865,20.716912681173014],[-100.45198329988924,20.71690643089528]]]},"id":"microsoft-023310003-41440"},{"type":"Feature","properties":{"height":-1,"confidence":-1,"footprintSource":"Microsoft Global ML Building Footprints","footprintMethod":"AI detected from imagery; not surveyed","heightMethod":"No supplied height"},"geometry":{"type":"Polygon","coordinates":[[[-100.45597959167677,20.7114427452169],[-100.4559564653641,20.71138572043229],[-100.45590722463277,20.711403192226342],[-100.45593035094544,20.711460217004387],[-100.45597959167677,20.7114427452169]]]},"id":"microsoft-023310003-41458"},{"type":"Feature","properties":{"height":-1,"confidence":-1,"footprintSource":"Microsoft Global ML Building Footprints","footprintMethod":"AI detected from imagery; not surveyed","heightMethod":"No supplied height"},"geometry":{"type":"Polygon","coordinates":[[[-100.436714002537,20.700359275873225],[-100.43671133319519,20.70035944923815],[-100.43670614397082,20.700289532831945],[-100.43656466885558,20.700298721176082],[-100.43657059939771,20.700378625632837],[-100.43663594062969,20.700374381936697],[-100.43664927096262,20.700554167684885],[-100.43672808757455,20.700549048813457],[-100.436714002537,20.700359275873225]]]},"id":"microsoft-023310003-42713"},{"type":"Feature","properties":{"height":-1,"confidence":-1,"footprintSource":"Microsoft Global ML Building Footprints","footprintMethod":"AI detected from imagery; not surveyed","heightMethod":"No supplied height"},"geometry":{"type":"Polygon","coordinates":[[[-100.44878388196904,20.697477210592425],[-100.44866840854233,20.697517363027615],[-100.4487043234447,20.697607747664875],[-100.4488197968714,20.69756759525363],[-100.44878388196904,20.697477210592425]]]},"id":"microsoft-023310003-42756"},{"type":"Feature","properties":{"height":-1,"confidence":-1,"footprintSource":"Microsoft Global ML Building Footprints","footprintMethod":"AI detected from imagery; not surveyed","heightMethod":"No supplied height"},"geometry":{"type":"Polygon","coordinates":[[[-100.44947541354549,20.701051456553046],[-100.44935990450234,20.701062815269466],[-100.4493771837053,20.701216676428047],[-100.4494927041344,20.70120531660352],[-100.44947541354549,20.701051456553046]]]},"id":"microsoft-023310003-42764"},{"type":"Feature","properties":{"height":-1,"confidence":-1,"footprintSource":"Microsoft Global ML Building Footprints","footprintMethod":"AI detected from imagery; not surveyed","heightMethod":"No supplied height"},"geometry":{"type":"Polygon","coordinates":[[[-100.44987668908284,20.696727061617878],[-100.44977332211273,20.6967238605221],[-100.44975946180199,20.69711635092156],[-100.44986279967837,20.697119544342357],[-100.44987668908284,20.696727061617878]]]},"id":"microsoft-023310003-42766"},{"type":"Feature","properties":{"height":-1,"confidence":-1,"footprintSource":"Microsoft Global ML Building Footprints","footprintMethod":"AI detected from imagery; not surveyed","heightMethod":"No supplied height"},"geometry":{"type":"Polygon","coordinates":[[[-100.45323443556666,20.71874821140419],[-100.45318623628275,20.71878353122402],[-100.45324483241666,20.71885348625983],[-100.45329303170055,20.71881816645633],[-100.45323443556666,20.71874821140419]]]},"id":"microsoft-023310003-42786"},{"type":"Feature","properties":{"height":-1,"confidence":-1,"footprintSource":"Microsoft Global ML Building Footprints","footprintMethod":"AI detected from imagery; not surveyed","heightMethod":"No supplied height"},"geometry":{"type":"Polygon","coordinates":[[[-100.45354765145596,20.695183358349766],[-100.45346169361,20.6951082597525],[-100.45340549854788,20.695164547685437],[-100.45350005217844,20.695247156109758],[-100.45353015531634,20.69521700324087],[-100.45369490210264,20.69536094784442],[-100.45379860248346,20.695257076201273],[-100.45377424776044,20.695235798279498],[-100.45388663788466,20.695123222445616],[-100.45373764428501,20.6949930514684],[-100.45354765145596,20.695183358349766]]]},"id":"microsoft-023310003-42788"},{"type":"Feature","properties":{"height":-1,"confidence":-1,"footprintSource":"Microsoft Global ML Building Footprints","footprintMethod":"AI detected from imagery; not surveyed","heightMethod":"No supplied height"},"geometry":{"type":"Polygon","coordinates":[[[-100.45450656165418,20.70291393332998],[-100.45431340547283,20.70293507712178],[-100.45432393307583,20.70301923096372],[-100.45425513772356,20.7030267616244],[-100.45426907131576,20.70313814163201],[-100.45439607811997,20.70312423888376],[-100.45439824556765,20.70314156465696],[-100.45425536291293,20.703157205246868],[-100.45426527124518,20.703236408748083],[-100.45434994244796,20.70322714025538],[-100.45436047005097,20.70331129393523],[-100.4545800859832,20.70328725379305],[-100.45456831983867,20.70319319966228],[-100.4545418600878,20.70319609606696],[-100.45450656165418,20.70291393332998]]]},"id":"microsoft-023310003-42795"},{"type":"Feature","properties":{"height":-1,"confidence":-1,"footprintSource":"Microsoft Global ML Building Footprints","footprintMethod":"AI detected from imagery; not surveyed","heightMethod":"No supplied height"},"geometry":{"type":"Polygon","coordinates":[[[-100.45487743272462,20.702964775398243],[-100.45487634378428,20.702927167944708],[-100.45495029891389,20.702925289328704],[-100.45494782427589,20.70284004589365],[-100.45487655575715,20.70284185626508],[-100.45487514275632,20.70279305707261],[-100.45480277620345,20.702794890599222],[-100.45480774654644,20.702966545573418],[-100.45487743272462,20.702964775398243]]]},"id":"microsoft-023310003-42799"},{"type":"Feature","properties":{"height":-1,"confidence":-1,"footprintSource":"Microsoft Global ML Building Footprints","footprintMethod":"AI detected from imagery; not surveyed","heightMethod":"No supplied height"},"geometry":{"type":"Polygon","coordinates":[[[-100.4369458323694,20.709323482642972],[-100.43693263133027,20.70902292139411],[-100.43676929227186,20.709029198343927],[-100.43678249331099,20.709329759580342],[-100.4369458323694,20.709323482642972]]]},"id":"microsoft-023310003-44111"},{"type":"Feature","properties":{"height":-1,"confidence":-1,"footprintSource":"Microsoft Global ML Building Footprints","footprintMethod":"AI detected from imagery; not surveyed","heightMethod":"No supplied height"},"geometry":{"type":"Polygon","coordinates":[[[-100.4493115528685,20.69606372880405],[-100.4492499016357,20.69606226760972],[-100.44924718512732,20.696162568055286],[-100.44930883636012,20.696164029248635],[-100.4493115528685,20.69606372880405]]]},"id":"microsoft-023310003-44153"},{"type":"Feature","properties":{"height":-1,"confidence":-1,"footprintSource":"Microsoft Global ML Building Footprints","footprintMethod":"AI detected from imagery; not surveyed","heightMethod":"No supplied height"},"geometry":{"type":"Polygon","coordinates":[[[-100.45012436176376,20.69488625158715],[-100.45002255320146,20.694883045388707],[-100.45002074933518,20.694933171393785],[-100.45012255789746,20.694936377591162],[-100.45012436176376,20.69488625158715]]]},"id":"microsoft-023310003-44160"},{"type":"Feature","properties":{"height":-1,"confidence":-1,"footprintSource":"Microsoft Global ML Building Footprints","footprintMethod":"AI detected from imagery; not surveyed","heightMethod":"No supplied height"},"geometry":{"type":"Polygon","coordinates":[[[-100.45279274006614,20.719742925171346],[-100.45279516706867,20.719686615822965],[-100.45270679753847,20.719683289531133],[-100.45270437078483,20.719739593105288],[-100.45279274006614,20.719742925171346]]]},"id":"microsoft-023310003-44174"},{"type":"Feature","properties":{"height":-1,"confidence":-1,"footprintSource":"Microsoft Global ML Building Footprints","footprintMethod":"AI detected from imagery; not surveyed","heightMethod":"No supplied height"},"geometry":{"type":"Polygon","coordinates":[[[-100.45365228459934,20.69987768611327],[-100.45358256708609,20.699893351310322],[-100.45359596786211,20.699945539490088],[-100.45356807300665,20.69995180733018],[-100.45355162659972,20.69988775820059],[-100.45349837278474,20.69989972408146],[-100.45353796598665,20.700053916372482],[-100.45368882210201,20.700020019747384],[-100.45365228459934,20.69987768611327]]]},"id":"microsoft-023310003-44179"},{"type":"Feature","properties":{"height":-1,"confidence":-1,"footprintSource":"Microsoft Global ML Building Footprints","footprintMethod":"AI detected from imagery; not surveyed","heightMethod":"No supplied height"},"geometry":{"type":"Polygon","coordinates":[[[-100.45503620397301,20.699203486352587],[-100.45501696954639,20.699283598974134],[-100.45507954874002,20.699296750719583],[-100.45509878980936,20.699216635403488],[-100.45503620397301,20.699203486352587]]]},"id":"microsoft-023310003-44184"},{"type":"Feature","properties":{"height":-1,"confidence":-1,"footprintSource":"Microsoft Global ML Building Footprints","footprintMethod":"AI detected from imagery; not surveyed","heightMethod":"No supplied height"},"geometry":{"type":"Polygon","coordinates":[[[-100.45557744422607,20.703272914285407],[-100.4554843700042,20.703295326155583],[-100.45551257223771,20.703397809064185],[-100.45560564803223,20.703375402924053],[-100.45557744422607,20.703272914285407]]]},"id":"microsoft-023310003-44186"},{"type":"Feature","properties":{"height":-1,"confidence":-1,"footprintSource":"Microsoft Global ML Building Footprints","footprintMethod":"AI detected from imagery; not surveyed","heightMethod":"No supplied height"},"geometry":{"type":"Polygon","coordinates":[[[-100.43665238118298,20.70133458394048],[-100.43667032406924,20.7013924405678],[-100.43671238202148,20.7013810271674],[-100.43669443913522,20.701323170535716],[-100.43665238118298,20.70133458394048]]]},"id":"microsoft-023310003-45470"},{"type":"Feature","properties":{"height":-1,"confidence":-1,"footprintSource":"Microsoft Global ML Building Footprints","footprintMethod":"AI detected from imagery; not surveyed","heightMethod":"No supplied height"},"geometry":{"type":"Polygon","coordinates":[[[-100.44769782049909,20.697437735554544],[-100.44770572795915,20.69748680236475],[-100.44775031223072,20.69748051482206],[-100.44774240477065,20.697431448009795],[-100.44769782049909,20.697437735554544]]]},"id":"microsoft-023310003-45531"},{"type":"Feature","properties":{"height":-1,"confidence":-1,"footprintSource":"Microsoft Global ML Building Footprints","footprintMethod":"AI detected from imagery; not surveyed","heightMethod":"No supplied height"},"geometry":{"type":"Polygon","coordinates":[[[-100.45161755300337,20.69685290410301],[-100.45164192393297,20.69690410488802],[-100.45169340874611,20.696882663159144],[-100.4516690364775,20.696831459553835],[-100.45161755300337,20.69685290410301]]]},"id":"microsoft-023310003-45556"},{"type":"Feature","properties":{"height":-1,"confidence":-1,"footprintSource":"Microsoft Global ML Building Footprints","footprintMethod":"AI detected from imagery; not surveyed","heightMethod":"No supplied height"},"geometry":{"type":"Polygon","coordinates":[[[-100.45542999120255,20.718481273897936],[-100.45533677832552,20.71844145860706],[-100.4553144807123,20.718487126839207],[-100.45540769358935,20.718526942118075],[-100.45542999120255,20.718481273897936]]]},"id":"microsoft-023310003-45593"},{"type":"Feature","properties":{"height":-1,"confidence":-1,"footprintSource":"Microsoft Global ML Building Footprints","footprintMethod":"AI detected from imagery; not surveyed","heightMethod":"No supplied height"},"geometry":{"type":"Polygon","coordinates":[[[-100.45619508362412,20.71723460080557],[-100.45619243122603,20.71723652120167],[-100.4561651669181,20.717203576979585],[-100.45610478679436,20.717247293554934],[-100.4561743367621,20.7173313326782],[-100.45623736902839,20.717285700043007],[-100.45619508362412,20.71723460080557]]]},"id":"microsoft-023310003-45598"},{"type":"Feature","properties":{"height":-1,"confidence":-1,"footprintSource":"Microsoft Global ML Building Footprints","footprintMethod":"AI detected from imagery; not surveyed","heightMethod":"No supplied height"},"geometry":{"type":"Polygon","coordinates":[[[-100.44892757830907,20.70159844042439],[-100.44893494724505,20.701652764403505],[-100.44898510168001,20.701646811226638],[-100.44898074730875,20.7016147106946],[-100.44895845832532,20.701617356328853],[-100.44894806918813,20.701540809549257],[-100.4488621358168,20.70155100958266],[-100.44886950475278,20.701605333578755],[-100.44892757830907,20.70159844042439]]]},"id":"microsoft-023310003-46978"},{"type":"Feature","properties":{"height":-1,"confidence":-1,"footprintSource":"Microsoft Global ML Building Footprints","footprintMethod":"AI detected from imagery; not surveyed","heightMethod":"No supplied height"},"geometry":{"type":"Polygon","coordinates":[[[-100.44916442817734,20.70092112227576],[-100.44911528880145,20.700796615220412],[-100.44905627699933,20.70081699527755],[-100.44910541503329,20.700941498915995],[-100.44916442817734,20.70092112227576]]]},"id":"microsoft-023310003-46980"},{"type":"Feature","properties":{"height":-1,"confidence":-1,"footprintSource":"Microsoft Global ML Building Footprints","footprintMethod":"AI detected from imagery; not surveyed","heightMethod":"No supplied height"},"geometry":{"type":"Polygon","coordinates":[[[-100.44922612887191,20.70034825935292],[-100.44924442246511,20.70043420123804],[-100.44928189032008,20.700427219896923],[-100.4492635910445,20.700341281519286],[-100.44922612887191,20.70034825935292]]]},"id":"microsoft-023310003-46981"},{"type":"Feature","properties":{"height":-1,"confidence":-1,"footprintSource":"Microsoft Global ML Building Footprints","footprintMethod":"AI detected from imagery; not surveyed","heightMethod":"No supplied height"},"geometry":{"type":"Polygon","coordinates":[[[-100.45013938980502,20.69823214356981],[-100.45012901485978,20.698189171999843],[-100.45020164617355,20.698173826733182],[-100.45015840448951,20.69799478106863],[-100.44998742104809,20.6980309058375],[-100.45004104073631,20.69825292237718],[-100.45013938980502,20.69823214356981]]]},"id":"microsoft-023310003-46987"},{"type":"Feature","properties":{"height":-1,"confidence":-1,"footprintSource":"Microsoft Global ML Building Footprints","footprintMethod":"AI detected from imagery; not surveyed","heightMethod":"No supplied height"},"geometry":{"type":"Polygon","coordinates":[[[-100.45223905327906,20.696402854037984],[-100.45215442233699,20.69643747955915],[-100.45214313108293,20.696413332644426],[-100.45209360000874,20.696433600806728],[-100.45211329671632,20.69647572319853],[-100.4520705198795,20.6964932275135],[-100.452095140764,20.6965458804807],[-100.4520581833263,20.696561003486124],[-100.45208030289362,20.696608314813588],[-100.45219831718393,20.696560031032433],[-100.45217225227117,20.6965042899447],[-100.45226813419447,20.696465054987],[-100.45223905327906,20.696402854037984]]]},"id":"microsoft-023310003-47001"},{"type":"Feature","properties":{"height":-1,"confidence":-1,"footprintSource":"Microsoft Global ML Building Footprints","footprintMethod":"AI detected from imagery; not surveyed","heightMethod":"No supplied height"},"geometry":{"type":"Polygon","coordinates":[[[-100.45232447552894,20.701924135854625],[-100.45228501366144,20.7018839602093],[-100.45221229422107,20.701946461642606],[-100.45225175862413,20.70198663985282],[-100.45232447552894,20.701924135854625]]]},"id":"microsoft-023310003-47002"},{"type":"Feature","properties":{"height":-1,"confidence":-1,"footprintSource":"Microsoft Global ML Building Footprints","footprintMethod":"AI detected from imagery; not surveyed","heightMethod":"No supplied height"},"geometry":{"type":"Polygon","coordinates":[[[-100.45299879447033,20.699275504679918],[-100.45301176774412,20.69935780021143],[-100.45312727195476,20.699341859171412],[-100.45311429984773,20.69925957103247],[-100.45299879447033,20.699275504679918]]]},"id":"microsoft-023310003-47004"},{"type":"Feature","properties":{"height":-1,"confidence":-1,"footprintSource":"Microsoft Global ML Building Footprints","footprintMethod":"AI detected from imagery; not surveyed","heightMethod":"No supplied height"},"geometry":{"type":"Polygon","coordinates":[[[-100.45551871198144,20.715361602277554],[-100.45555297982092,20.71536584661787],[-100.4555610080711,20.715309138521576],[-100.45552674023162,20.715304894179667],[-100.45551871198144,20.715361602277554]]]},"id":"microsoft-023310003-47021"},{"type":"Feature","properties":{"height":-1,"confidence":-1,"footprintSource":"Microsoft Global ML Building Footprints","footprintMethod":"AI detected from imagery; not surveyed","heightMethod":"No supplied height"},"geometry":{"type":"Polygon","coordinates":[[[-100.45637664888373,20.717615289085415],[-100.45632136188648,20.71763122827295],[-100.45633797207675,20.717681632383062],[-100.45639325562958,20.71766569419387],[-100.45637664888373,20.717615289085415]]]},"id":"microsoft-023310003-47027"},{"type":"Feature","properties":{"height":-1,"confidence":-1,"footprintSource":"Microsoft Global ML Building Footprints","footprintMethod":"AI detected from imagery; not surveyed","heightMethod":"No supplied height"},"geometry":{"type":"Polygon","coordinates":[[[-100.4500210011914,20.69837245460738],[-100.44996991677918,20.69838581279288],[-100.44998730659334,20.698443992555752],[-100.45003838696816,20.698430635431123],[-100.4500210011914,20.69837245460738]]]},"id":"microsoft-023310003-48278"},{"type":"Feature","properties":{"height":-1,"confidence":-1,"footprintSource":"Microsoft Global ML Building Footprints","footprintMethod":"AI detected from imagery; not surveyed","heightMethod":"No supplied height"},"geometry":{"type":"Polygon","coordinates":[[[-100.45003021863683,20.70192018739074],[-100.45005982069168,20.70161300933617],[-100.45003838294681,20.70152930326698],[-100.45004791614737,20.7014303778529],[-100.450027466095,20.701350528244205],[-100.44998086206591,20.701346598341217],[-100.44996969706092,20.701303003261316],[-100.4499566071708,20.701301899450854],[-100.44985203464913,20.70132533456558],[-100.44987416324342,20.70141173824905],[-100.44987236838564,20.7014303778529],[-100.44988471896232,20.701478588011938],[-100.44993985483354,20.70146623185859],[-100.44992864353343,20.70158257077091],[-100.44993389002218,20.70160305626932],[-100.44988569422843,20.701613857115845],[-100.44990203224584,20.70167765069823],[-100.44994062520452,20.70168090253081],[-100.44992941259623,20.70179725485302],[-100.44988280856715,20.70180769896615],[-100.4498810373125,20.701826079121943],[-100.4499119284045,20.70194669659014],[-100.45003021863683,20.70192018739074]]]},"id":"microsoft-023310003-48279"},{"type":"Feature","properties":{"height":-1,"confidence":-1,"footprintSource":"Microsoft Global ML Building Footprints","footprintMethod":"AI detected from imagery; not surveyed","heightMethod":"No supplied height"},"geometry":{"type":"Polygon","coordinates":[[[-100.45277199147331,20.714942256212936],[-100.45275414530501,20.714889872793577],[-100.45270301125007,20.714905113726957],[-100.45272085741837,20.714957497141043],[-100.45277199147331,20.714942256212936]]]},"id":"microsoft-023310003-48303"},{"type":"Feature","properties":{"height":-1,"confidence":-1,"footprintSource":"Microsoft Global ML Building Footprints","footprintMethod":"AI detected from imagery; not surveyed","heightMethod":"No supplied height"},"geometry":{"type":"Polygon","coordinates":[[[-100.45530116113578,20.718460758009414],[-100.4552641599411,20.718448760874097],[-100.45524552174598,20.71849904973942],[-100.45528252710142,20.718511045797385],[-100.45530116113578,20.718460758009414]]]},"id":"microsoft-023310003-48319"},{"type":"Feature","properties":{"height":-1,"confidence":-1,"footprintSource":"Microsoft Global ML Building Footprints","footprintMethod":"AI detected from imagery; not surveyed","heightMethod":"No supplied height"},"geometry":{"type":"Polygon","coordinates":[[[-100.45630180452406,20.71733554443901],[-100.45628391109373,20.71731539024347],[-100.45621974127337,20.71736523221857],[-100.45627378796418,20.717426112601004],[-100.45630779819736,20.717399696189474],[-100.45635261964024,20.717450180613866],[-100.45639865680964,20.71741442265096],[-100.45638491443329,20.71739894398719],[-100.45641190266785,20.7173779834623],[-100.4563446681907,20.71730225417832],[-100.45630180452406,20.71733554443901]]]},"id":"microsoft-023310003-48326"},{"type":"Feature","properties":{"height":-1,"confidence":-1,"footprintSource":"Microsoft Global ML Building Footprints","footprintMethod":"AI detected from imagery; not surveyed","heightMethod":"No supplied height"},"geometry":{"type":"Polygon","coordinates":[[[-100.44063543214479,20.715902588391046],[-100.44063948466267,20.716001418192548],[-100.44078946814159,20.715996047487863],[-100.44078541522168,20.715897207878783],[-100.44063543214479,20.715902588391046]]]},"id":"microsoft-023310003-49569"},{"type":"Feature","properties":{"height":-1,"confidence":-1,"footprintSource":"Microsoft Global ML Building Footprints","footprintMethod":"AI detected from imagery; not surveyed","heightMethod":"No supplied height"},"geometry":{"type":"Polygon","coordinates":[[[-100.44282325320123,20.718308484571367],[-100.44287307769626,20.71835156438408],[-100.44294527127889,20.718278512540067],[-100.44289544973141,20.718235435255124],[-100.44282325320123,20.718308484571367]]]},"id":"microsoft-023310003-49578"},{"type":"Feature","properties":{"height":-1,"confidence":-1,"footprintSource":"Microsoft Global ML Building Footprints","footprintMethod":"AI detected from imagery; not surveyed","heightMethod":"No supplied height"},"geometry":{"type":"Polygon","coordinates":[[[-100.44821817198782,20.697223310513024],[-100.4482590023996,20.697361716216278],[-100.44841103851273,20.697322467314052],[-100.44837020537234,20.69718405232551],[-100.44821817198782,20.697223310513024]]]},"id":"microsoft-023310003-49603"},{"type":"Feature","properties":{"height":-1,"confidence":-1,"footprintSource":"Microsoft Global ML Building Footprints","footprintMethod":"AI detected from imagery; not surveyed","heightMethod":"No supplied height"},"geometry":{"type":"Polygon","coordinates":[[[-100.45100924236355,20.70197360454661],[-100.45099243646125,20.701855259688486],[-100.45097398656739,20.70185755230348],[-100.45095858115693,20.70174906943737],[-100.45089005297983,20.701757584870293],[-100.45089600507023,20.701799498711765],[-100.45085646958344,20.701804411459932],[-100.45086067105902,20.701833997693058],[-100.45092129213877,20.70182646481392],[-100.45092599536297,20.70185958428894],[-100.45087064517578,20.70186645857271],[-100.45088800020409,20.70198867028988],[-100.45100924236355,20.70197360454661]]]},"id":"microsoft-023310003-49624"},{"type":"Feature","properties":{"height":-1,"confidence":-1,"footprintSource":"Microsoft Global ML Building Footprints","footprintMethod":"AI detected from imagery; not surveyed","heightMethod":"No supplied height"},"geometry":{"type":"Polygon","coordinates":[[[-100.45145081152563,20.70300079289369],[-100.45147657692998,20.702963808258218],[-100.45145698407221,20.702951866030148],[-100.45149624268075,20.702895506664433],[-100.45145482084276,20.702870259235667],[-100.45138979877233,20.702963604439304],[-100.45145081152563,20.70300079289369]]]},"id":"microsoft-023310003-49626"},{"type":"Feature","properties":{"height":-1,"confidence":-1,"footprintSource":"Microsoft Global ML Building Footprints","footprintMethod":"AI detected from imagery; not surveyed","heightMethod":"No supplied height"},"geometry":{"type":"Polygon","coordinates":[[[-100.45470599129764,20.702807404265442],[-100.454682204952,20.702704319446653],[-100.45463094876,20.702714668468715],[-100.45465473510565,20.70281775328047],[-100.45470599129764,20.702807404265442]]]},"id":"microsoft-023310003-49646"},{"type":"Feature","properties":{"height":-1,"confidence":-1,"footprintSource":"Microsoft Global ML Building Footprints","footprintMethod":"AI detected from imagery; not surveyed","heightMethod":"No supplied height"},"geometry":{"type":"Polygon","coordinates":[[[-100.45539605727912,20.70408841143677],[-100.4554052767416,20.70411856082177],[-100.45551343676729,20.704089613240683],[-100.45550421521972,20.704059464407976],[-100.45539605727912,20.70408841143677]]]},"id":"microsoft-023310003-49653"},{"type":"Feature","properties":{"height":-1,"confidence":-1,"footprintSource":"Microsoft Global ML Building Footprints","footprintMethod":"AI detected from imagery; not surveyed","heightMethod":"No supplied height"},"geometry":{"type":"Polygon","coordinates":[[[-100.45088443335027,20.694981072680562],[-100.45092941959092,20.69499245949585],[-100.45095038287401,20.69491998233984],[-100.45090539663336,20.694908595519124],[-100.45088443335027,20.694981072680562]]]},"id":"microsoft-023310003-51007"},{"type":"Feature","properties":{"height":-1,"confidence":-1,"footprintSource":"Microsoft Global ML Building Footprints","footprintMethod":"AI detected from imagery; not surveyed","heightMethod":"No supplied height"},"geometry":{"type":"Polygon","coordinates":[[[-100.4510904927082,20.700232682682994],[-100.4511526644771,20.700392115298826],[-100.45123314794459,20.700364646498855],[-100.45119208004343,20.700259332414248],[-100.45115069824917,20.700273453215075],[-100.45112959174062,20.700219338270628],[-100.4510904927082,20.700232682682994]]]},"id":"microsoft-023310003-51008"},{"type":"Feature","properties":{"height":-1,"confidence":-1,"footprintSource":"Microsoft Global ML Building Footprints","footprintMethod":"AI detected from imagery; not surveyed","heightMethod":"No supplied height"},"geometry":{"type":"Polygon","coordinates":[[[-100.45211622373569,20.699170425644738],[-100.45212078240658,20.69919734999759],[-100.45206321785531,20.699205878805444],[-100.45209471412694,20.699391901465845],[-100.4522360089346,20.69937096714409],[-100.45222564831892,20.699309775496232],[-100.45218901633176,20.699315202915457],[-100.45217036722356,20.699205057891007],[-100.45219129978766,20.699201956506357],[-100.452184254569,20.699160346142136],[-100.45211622373569,20.699170425644738]]]},"id":"microsoft-023310003-51017"},{"type":"Feature","properties":{"height":-1,"confidence":-1,"footprintSource":"Microsoft Global ML Building Footprints","footprintMethod":"AI detected from imagery; not surveyed","heightMethod":"No supplied height"},"geometry":{"type":"Polygon","coordinates":[[[-100.45257274652809,20.701664534674947],[-100.45253614688534,20.701630664744343],[-100.45249859813522,20.70166616930969],[-100.452535197778,20.70170003923235],[-100.45257274652809,20.701664534674947]]]},"id":"microsoft-023310003-51022"},{"type":"Feature","properties":{"height":-1,"confidence":-1,"footprintSource":"Microsoft Global ML Building Footprints","footprintMethod":"AI detected from imagery; not surveyed","heightMethod":"No supplied height"},"geometry":{"type":"Polygon","coordinates":[[[-100.45332618758228,20.697758640575913],[-100.45329655340004,20.697811978191254],[-100.45332611811631,20.697826352311466],[-100.45335575229855,20.697773014701184],[-100.45332618758228,20.697758640575913]]]},"id":"microsoft-023310003-51026"},{"type":"Feature","properties":{"height":-1,"confidence":-1,"footprintSource":"Microsoft Global ML Building Footprints","footprintMethod":"AI detected from imagery; not surveyed","heightMethod":"No supplied height"},"geometry":{"type":"Polygon","coordinates":[[[-100.45536110814322,20.69721115272668],[-100.45476786102736,20.697234379620795],[-100.45477190203007,20.697324549058322],[-100.45479599962887,20.697323605586405],[-100.45480076642136,20.697429969959813],[-100.45491054404994,20.69742566474922],[-100.45490925733132,20.69739695341181],[-100.45524545049955,20.697383790744382],[-100.45524606171465,20.697397451968627],[-100.4554013573514,20.697391361651555],[-100.45539570375507,20.69726499848106],[-100.4553635735294,20.697266256447804],[-100.45536110814322,20.69721115272668]]]},"id":"microsoft-023310003-51032"},{"type":"Feature","properties":{"height":-1,"confidence":-1,"footprintSource":"Microsoft Global ML Building Footprints","footprintMethod":"AI detected from imagery; not surveyed","heightMethod":"No supplied height"},"geometry":{"type":"Polygon","coordinates":[[[-100.44815135446504,20.698281790631867],[-100.44811928213487,20.698077952371634],[-100.44804052210989,20.698088796558025],[-100.44805056886392,20.698152649531906],[-100.44799543684641,20.698160240458748],[-100.44801746242257,20.698300225723486],[-100.44815135446504,20.698281790631867]]]},"id":"microsoft-023310003-52333"},{"type":"Feature","properties":{"height":-1,"confidence":-1,"footprintSource":"Microsoft Global ML Building Footprints","footprintMethod":"AI detected from imagery; not surveyed","heightMethod":"No supplied height"},"geometry":{"type":"Polygon","coordinates":[[[-100.44818601934725,20.70088503180638],[-100.44831561608093,20.70086241152177],[-100.44832287324404,20.700898780457834],[-100.44837850665655,20.70088907000124],[-100.44835722669141,20.700782386410935],[-100.44830797931114,20.70079098223249],[-100.44829250297286,20.700713394124065],[-100.44833535037637,20.700705915374513],[-100.44832598127236,20.700658962483388],[-100.44826758619627,20.70066915880932],[-100.4482759838974,20.700711259337297],[-100.44824228832142,20.700717140691708],[-100.44824694904116,20.700740506456683],[-100.44816919100096,20.700754083729592],[-100.44818031447873,20.700809849467845],[-100.44817133027601,20.70081141819206],[-100.44818601934725,20.70088503180638]]]},"id":"microsoft-023310003-52336"},{"type":"Feature","properties":{"height":-1,"confidence":-1,"footprintSource":"Microsoft Global ML Building Footprints","footprintMethod":"AI detected from imagery; not surveyed","heightMethod":"No supplied height"},"geometry":{"type":"Polygon","coordinates":[[[-100.44912698935514,20.69482940665715],[-100.44895813599165,20.694825095086543],[-100.44895488911652,20.694936371953276],[-100.44912374215767,20.69494069456779],[-100.44912698935514,20.69482940665715]]]},"id":"microsoft-023310003-52342"},{"type":"Feature","properties":{"height":-1,"confidence":-1,"footprintSource":"Microsoft Global ML Building Footprints","footprintMethod":"AI detected from imagery; not surveyed","heightMethod":"No supplied height"},"geometry":{"type":"Polygon","coordinates":[[[-100.44936345590511,20.69829176871285],[-100.44934527901933,20.69820999549532],[-100.44929385815796,20.698219997647954],[-100.44932219271526,20.698347467635898],[-100.44932990584445,20.69834596731431],[-100.4493416673588,20.69839887935383],[-100.44947279055525,20.69837337389339],[-100.44945087136942,20.698274765061015],[-100.44936345590511,20.69829176871285]]]},"id":"microsoft-023310003-52344"},{"type":"Feature","properties":{"height":-1,"confidence":-1,"footprintSource":"Microsoft Global ML Building Footprints","footprintMethod":"AI detected from imagery; not surveyed","heightMethod":"No supplied height"},"geometry":{"type":"Polygon","coordinates":[[[-100.4496238969389,20.699579307778166],[-100.44967297076226,20.699743079002246],[-100.44980103660565,20.69970950720949],[-100.44978988590148,20.699672285324667],[-100.44986076648227,20.69965370434244],[-100.44986773728617,20.699676967601334],[-100.44992493512548,20.69966197348053],[-100.44988700980252,20.69953540744794],[-100.44975769530058,20.699569315075195],[-100.44975072462346,20.699546052222942],[-100.4496238969389,20.699579307778166]]]},"id":"microsoft-023310003-52346"},{"type":"Feature","properties":{"height":-1,"confidence":-1,"footprintSource":"Microsoft Global ML Building Footprints","footprintMethod":"AI detected from imagery; not surveyed","heightMethod":"No supplied height"},"geometry":{"type":"Polygon","coordinates":[[[-100.45057528895235,20.702093552983683],[-100.45050044059164,20.702097625132893],[-100.45050379940895,20.702151581937244],[-100.45057864746563,20.702147504905767],[-100.45057528895235,20.702093552983683]]]},"id":"microsoft-023310003-52353"},{"type":"Feature","properties":{"height":-1,"confidence":-1,"footprintSource":"Microsoft Global ML Building Footprints","footprintMethod":"AI detected from imagery; not surveyed","heightMethod":"No supplied height"},"geometry":{"type":"Polygon","coordinates":[[[-100.45269994320832,20.698876465000012],[-100.45279673546378,20.698841465222188],[-100.45274848710962,20.69872472471701],[-100.45265170473105,20.69875972728677],[-100.45269994320832,20.698876465000012]]]},"id":"microsoft-023310003-52365"},{"type":"Feature","properties":{"height":-1,"confidence":-1,"footprintSource":"Microsoft Global ML Building Footprints","footprintMethod":"AI detected from imagery; not surveyed","heightMethod":"No supplied height"},"geometry":{"type":"Polygon","coordinates":[[[-100.45306464096998,20.697012444831557],[-100.45301466534978,20.696872497454123],[-100.45305809826851,20.696858924768435],[-100.45304117104232,20.696811523203834],[-100.45294567422346,20.696841365744532],[-100.45295937979876,20.696879737626176],[-100.45288216734502,20.69690386633357],[-100.45293537722564,20.697052839405444],[-100.45306464096998,20.697012444831557]]]},"id":"microsoft-023310003-52366"},{"type":"Feature","properties":{"height":-1,"confidence":-1,"footprintSource":"Microsoft Global ML Building Footprints","footprintMethod":"AI detected from imagery; not surveyed","heightMethod":"No supplied height"},"geometry":{"type":"Polygon","coordinates":[[[-100.45366332255122,20.69707565712787],[-100.45358232958621,20.697238665987484],[-100.45371246939962,20.697295242015358],[-100.45374732713137,20.69722508635128],[-100.45371865225724,20.697212620442855],[-100.45376478749047,20.69711976730052],[-100.45366332255122,20.69707565712787]]]},"id":"microsoft-023310003-52370"},{"type":"Feature","properties":{"height":-1,"confidence":-1,"footprintSource":"Microsoft Global ML Building Footprints","footprintMethod":"AI detected from imagery; not surveyed","heightMethod":"No supplied height"},"geometry":{"type":"Polygon","coordinates":[[[-100.45437701146061,20.702640419225162],[-100.45443594482576,20.70263844761547],[-100.45443169219442,20.70252700035124],[-100.45437275868223,20.70252896810898],[-100.45437701146061,20.702640419225162]]]},"id":"microsoft-023310003-52375"},{"type":"Feature","properties":{"height":-1,"confidence":-1,"footprintSource":"Microsoft Global ML Building Footprints","footprintMethod":"AI detected from imagery; not surveyed","heightMethod":"No supplied height"},"geometry":{"type":"Polygon","coordinates":[[[-100.45471218898669,20.701290215379387],[-100.45468019110021,20.701292513488212],[-100.45468612818473,20.70136484908143],[-100.45471812607119,20.7013625509737],[-100.45471218898669,20.701290215379387]]]},"id":"microsoft-023310003-52378"},{"type":"Feature","properties":{"height":-1,"confidence":-1,"footprintSource":"Microsoft Global ML Building Footprints","footprintMethod":"AI detected from imagery; not surveyed","heightMethod":"No supplied height"},"geometry":{"type":"Polygon","coordinates":[[[-100.45508818299191,20.701502191097248],[-100.45512689244818,20.70182175278879],[-100.45539700957724,20.70179312154842],[-100.45538230598531,20.70167173770649],[-100.45526695504877,20.7016839644143],[-100.45524296382416,20.701485784968582],[-100.45508818299191,20.701502191097248]]]},"id":"microsoft-023310003-52381"},{"type":"Feature","properties":{"height":-1,"confidence":-1,"footprintSource":"Microsoft Global ML Building Footprints","footprintMethod":"AI detected from imagery; not surveyed","heightMethod":"No supplied height"},"geometry":{"type":"Polygon","coordinates":[[[-100.45735841568185,20.70230950773464],[-100.45731890513149,20.702189408726653],[-100.45747571893273,20.7021442769816],[-100.45743379262738,20.702016834735417],[-100.45735889588161,20.70203839529222],[-100.4573792500946,20.70210027951677],[-100.45733759642866,20.70211227036839],[-100.457310457478,20.702029758069898],[-100.45724079375469,20.702049812192783],[-100.45723249957439,20.70202460059201],[-100.4571785958908,20.702040117866957],[-100.45723514712022,20.70221201504424],[-100.45713818509341,20.702239927506],[-100.45717813965966,20.702361403761444],[-100.45735841568185,20.70230950773464]]]},"id":"microsoft-023310003-52390"},{"type":"Feature","properties":{"height":-1,"confidence":-1,"footprintSource":"Microsoft Global ML Building Footprints","footprintMethod":"AI detected from imagery; not surveyed","heightMethod":"No supplied height"},"geometry":{"type":"Polygon","coordinates":[[[-100.45006332997754,20.698546773527042],[-100.45004295647665,20.698483269043464],[-100.45000358702845,20.69849432165229],[-100.45002396128795,20.69855782849578],[-100.45006332997754,20.698546773527042]]]},"id":"microsoft-023310003-53744"},{"type":"Feature","properties":{"height":-1,"confidence":-1,"footprintSource":"Microsoft Global ML Building Footprints","footprintMethod":"AI detected from imagery; not surveyed","heightMethod":"No supplied height"},"geometry":{"type":"Polygon","coordinates":[[[-100.45296823758396,20.71538738876069],[-100.45293816674423,20.71534433382152],[-100.45288246052397,20.71537837623677],[-100.4529125318363,20.715421427230723],[-100.45296823758396,20.71538738876069]]]},"id":"microsoft-023310003-53761"},{"type":"Feature","properties":{"height":-1,"confidence":-1,"footprintSource":"Microsoft Global ML Building Footprints","footprintMethod":"AI detected from imagery; not surveyed","heightMethod":"No supplied height"},"geometry":{"type":"Polygon","coordinates":[[[-100.45313974794733,20.699240711548413],[-100.45315268128083,20.699352307984014],[-100.4532004001883,20.699347468599427],[-100.45319436463267,20.699295390271374],[-100.45326594299387,20.69928813119168],[-100.45325904521599,20.69922861307772],[-100.45313974794733,20.699240711548413]]]},"id":"microsoft-023310003-53763"},{"type":"Feature","properties":{"height":-1,"confidence":-1,"footprintSource":"Microsoft Global ML Building Footprints","footprintMethod":"AI detected from imagery; not surveyed","heightMethod":"No supplied height"},"geometry":{"type":"Polygon","coordinates":[[[-100.45364014610496,20.698127029954705],[-100.45366166802206,20.69816180057944],[-100.45373289597258,20.69812322031865],[-100.45371136994544,20.69808844724811],[-100.45364014610496,20.698127029954705]]]},"id":"microsoft-023310003-53764"},{"type":"Feature","properties":{"height":-1,"confidence":-1,"footprintSource":"Microsoft Global ML Building Footprints","footprintMethod":"AI detected from imagery; not surveyed","heightMethod":"No supplied height"},"geometry":{"type":"Polygon","coordinates":[[[-100.45478541847618,20.70473920524394],[-100.45490069546024,20.704736790198083],[-100.45489864766438,20.70465152782255],[-100.45478337068033,20.704653942869754],[-100.45478541847618,20.70473920524394]]]},"id":"microsoft-023310003-53767"},{"type":"Feature","properties":{"height":-1,"confidence":-1,"footprintSource":"Microsoft Global ML Building Footprints","footprintMethod":"AI detected from imagery; not surveyed","heightMethod":"No supplied height"},"geometry":{"type":"Polygon","coordinates":[[[-100.4550552940314,20.700506048004115],[-100.45496452944622,20.700493961177003],[-100.45495442476413,20.700560359856922],[-100.45504519421857,20.700572447327175],[-100.4550552940314,20.700506048004115]]]},"id":"microsoft-023310003-53768"},{"type":"Feature","properties":{"height":-1,"confidence":-1,"footprintSource":"Microsoft Global ML Building Footprints","footprintMethod":"AI detected from imagery; not surveyed","heightMethod":"No supplied height"},"geometry":{"type":"Polygon","coordinates":[[[-100.4570509188365,20.699477879650516],[-100.45706510649164,20.699518730037312],[-100.45712818447072,20.6994995555294],[-100.45711399681562,20.69945870513746],[-100.4570509188365,20.699477879650516]]]},"id":"microsoft-023310003-53778"},{"type":"Feature","properties":{"height":-1,"confidence":-1,"footprintSource":"Microsoft Global ML Building Footprints","footprintMethod":"AI detected from imagery; not surveyed","heightMethod":"No supplied height"},"geometry":{"type":"Polygon","coordinates":[[[-100.43674752122746,20.700368771526968],[-100.43671810753348,20.700370298629053],[-100.43672626999825,20.700507872552933],[-100.43675568369223,20.700506345452254],[-100.43674752122746,20.700368771526968]]]},"id":"microsoft-023310003-55021"},{"type":"Feature","properties":{"height":-1,"confidence":-1,"footprintSource":"Microsoft Global ML Building Footprints","footprintMethod":"AI detected from imagery; not surveyed","heightMethod":"No supplied height"},"geometry":{"type":"Polygon","coordinates":[[[-100.44970304288138,20.70314163396793],[-100.44968673227174,20.7030046150729],[-100.44964348443033,20.70300911700886],[-100.44963511949075,20.702990012356082],[-100.44963009600734,20.70294778551498],[-100.4495930044133,20.702951646610444],[-100.44958756220056,20.702905899965188],[-100.44957651366431,20.70288066623884],[-100.44956250475472,20.702762908793602],[-100.44955839878318,20.70275353116635],[-100.44951136921864,20.70275842985245],[-100.44938545332245,20.702806671626973],[-100.44939062112803,20.702806133338996],[-100.44940665787068,20.70294093649339],[-100.44947121446154,20.702934216394496],[-100.44949196177656,20.70298160111909],[-100.4494999969149,20.703049143574702],[-100.44959537529957,20.703039215049685],[-100.44960173028345,20.70309263430093],[-100.44955633918156,20.70311002481924],[-100.44948929492705,20.70311700825583],[-100.44949619266787,20.703174989827687],[-100.44966066907348,20.703157868476822],[-100.44970304288138,20.70314163396793]]]},"id":"microsoft-023310003-55069"},{"type":"Feature","properties":{"height":-1,"confidence":-1,"footprintSource":"Microsoft Global ML Building Footprints","footprintMethod":"AI detected from imagery; not surveyed","heightMethod":"No supplied height"},"geometry":{"type":"Polygon","coordinates":[[[-100.4521330108874,20.69988664548137],[-100.45209790533889,20.699895312684475],[-100.45211511237879,20.69995629994085],[-100.45205743897766,20.69997053891059],[-100.45208655858367,20.70007374804807],[-100.45217933753335,20.70005084189431],[-100.4521330108874,20.69988664548137]]]},"id":"microsoft-023310003-55081"},{"type":"Feature","properties":{"height":-1,"confidence":-1,"footprintSource":"Microsoft Global ML Building Footprints","footprintMethod":"AI detected from imagery; not surveyed","heightMethod":"No supplied height"},"geometry":{"type":"Polygon","coordinates":[[[-100.44931306483669,20.69699477798858],[-100.44920047358349,20.696992315886263],[-100.44919533499025,20.69719795008467],[-100.44930792624345,20.697200412183648],[-100.44931306483669,20.69699477798858]]]},"id":"microsoft-023310003-56390"},{"type":"Feature","properties":{"height":-1,"confidence":-1,"footprintSource":"Microsoft Global ML Building Footprints","footprintMethod":"AI detected from imagery; not surveyed","heightMethod":"No supplied height"},"geometry":{"type":"Polygon","coordinates":[[[-100.44967110028843,20.69742228785151],[-100.44966596383571,20.697551577936153],[-100.44995524286672,20.697561634852548],[-100.44996037856802,20.697432363689884],[-100.44967110028843,20.69742228785151]]]},"id":"microsoft-023310003-56394"},{"type":"Feature","properties":{"height":-1,"confidence":-1,"footprintSource":"Microsoft Global ML Building Footprints","footprintMethod":"AI detected from imagery; not surveyed","heightMethod":"No supplied height"},"geometry":{"type":"Polygon","coordinates":[[[-100.45170988850843,20.69845223748318],[-100.45184050684176,20.698420416422394],[-100.45182707161152,20.698372144341974],[-100.45183075339816,20.698371247630774],[-100.45182195062944,20.698339628233896],[-100.45187353272368,20.698327061865683],[-100.45185813604819,20.69827174237966],[-100.45183301670926,20.698277860280783],[-100.45181767619955,20.698222742577656],[-100.45173478379569,20.698242936739476],[-100.45175797092617,20.698326246949335],[-100.45168010097552,20.6983452124352],[-100.45170988850843,20.69845223748318]]]},"id":"microsoft-023310003-56404"},{"type":"Feature","properties":{"height":-1,"confidence":-1,"footprintSource":"Microsoft Global ML Building Footprints","footprintMethod":"AI detected from imagery; not surveyed","heightMethod":"No supplied height"},"geometry":{"type":"Polygon","coordinates":[[[-100.45273951305587,20.696316800201416],[-100.45274319045976,20.6961813952025],[-100.45262148451326,20.696178502686763],[-100.45261779698534,20.696313907447646],[-100.45273951305587,20.696316800201416]]]},"id":"microsoft-023310003-56408"},{"type":"Feature","properties":{"height":-1,"confidence":-1,"footprintSource":"Microsoft Global ML Building Footprints","footprintMethod":"AI detected from imagery; not surveyed","heightMethod":"No supplied height"},"geometry":{"type":"Polygon","coordinates":[[[-100.45579339714733,20.698116859813553],[-100.45571667479761,20.69803667722627],[-100.4556169024436,20.69812021803523],[-100.45569362132305,20.69820039695155],[-100.45579339714733,20.698116859813553]]]},"id":"microsoft-023310003-56425"},{"type":"Feature","properties":{"height":-1,"confidence":-1,"footprintSource":"Microsoft Global ML Building Footprints","footprintMethod":"AI detected from imagery; not surveyed","heightMethod":"No supplied height"},"geometry":{"type":"Polygon","coordinates":[[[-100.4411718249321,20.71944814415191],[-100.44111013412476,20.71944814415191],[-100.44111013412476,20.71952089743357],[-100.4411718249321,20.71952089743357],[-100.4411718249321,20.71944814415191]]]},"id":"microsoft-023310003-57706"},{"type":"Feature","properties":{"height":-1,"confidence":-1,"footprintSource":"Microsoft Global ML Building Footprints","footprintMethod":"AI detected from imagery; not surveyed","heightMethod":"No supplied height"},"geometry":{"type":"Polygon","coordinates":[[[-100.44792576584432,20.69553968225412],[-100.44786145517449,20.695522204125467],[-100.44784682743895,20.69556931606776],[-100.44791113931441,20.69558679030797],[-100.44792576584432,20.69553968225412]]]},"id":"microsoft-023310003-57740"},{"type":"Feature","properties":{"height":-1,"confidence":-1,"footprintSource":"Microsoft Global ML Building Footprints","footprintMethod":"AI detected from imagery; not surveyed","heightMethod":"No supplied height"},"geometry":{"type":"Polygon","coordinates":[[[-100.44815227178572,20.700689901828937],[-100.44816433990731,20.70074792240959],[-100.44825479293837,20.70073145928869],[-100.44823097713356,20.700616958682744],[-100.44817153735019,20.700627781063048],[-100.44818328425352,20.70068425732839],[-100.44815227178572,20.700689901828937]]]},"id":"microsoft-023310003-57743"},{"type":"Feature","properties":{"height":-1,"confidence":-1,"footprintSource":"Microsoft Global ML Building Footprints","footprintMethod":"AI detected from imagery; not surveyed","heightMethod":"No supplied height"},"geometry":{"type":"Polygon","coordinates":[[[-100.44840116282404,20.69725622424579],[-100.44841993181011,20.697309015431003],[-100.44849585053046,20.69728539545683],[-100.44847707639673,20.697232600894736],[-100.44840116282404,20.69725622424579]]]},"id":"microsoft-023310003-57747"},{"type":"Feature","properties":{"height":-1,"confidence":-1,"footprintSource":"Microsoft Global ML Building Footprints","footprintMethod":"AI detected from imagery; not surveyed","heightMethod":"No supplied height"},"geometry":{"type":"Polygon","coordinates":[[[-100.45039297203623,20.696478120278044],[-100.45027131709087,20.696474097948908],[-100.45026516271922,20.696636986835713],[-100.45031985810783,20.696638795250635],[-100.45031980304029,20.696640255624544],[-100.45038677493388,20.696642465557503],[-100.45039297203623,20.696478120278044]]]},"id":"microsoft-023310003-57759"},{"type":"Feature","properties":{"height":-1,"confidence":-1,"footprintSource":"Microsoft Global ML Building Footprints","footprintMethod":"AI detected from imagery; not surveyed","heightMethod":"No supplied height"},"geometry":{"type":"Polygon","coordinates":[[[-100.45048995560494,20.702071932660047],[-100.45057972042135,20.702044646319095],[-100.45055686253257,20.70197883289805],[-100.45046709771614,20.702006119250825],[-100.45048995560494,20.702071932660047]]]},"id":"microsoft-023310003-57762"},{"type":"Feature","properties":{"height":-1,"confidence":-1,"footprintSource":"Microsoft Global ML Building Footprints","footprintMethod":"AI detected from imagery; not surveyed","heightMethod":"No supplied height"},"geometry":{"type":"Polygon","coordinates":[[[-100.45579797913152,20.70846021821167],[-100.45586972979929,20.708425279708038],[-100.45582358943138,20.70834237291615],[-100.45575183876363,20.708377311438895],[-100.45579797913152,20.70846021821167]]]},"id":"microsoft-023310003-57803"},{"type":"Feature","properties":{"height":-1,"confidence":-1,"footprintSource":"Microsoft Global ML Building Footprints","footprintMethod":"AI detected from imagery; not surveyed","heightMethod":"No supplied height"},"geometry":{"type":"Polygon","coordinates":[[[-100.43700891548613,20.694875392432365],[-100.43687751549439,20.694877199089206],[-100.43688103171081,20.695102069808343],[-100.43701243183705,20.695100271755436],[-100.43700891548613,20.694875392432365]]]},"id":"microsoft-023310003-59042"},{"type":"Feature","properties":{"height":-1,"confidence":-1,"footprintSource":"Microsoft Global ML Building Footprints","footprintMethod":"AI detected from imagery; not surveyed","heightMethod":"No supplied height"},"geometry":{"type":"Polygon","coordinates":[[[-100.44932897191498,20.699840142842604],[-100.44934446879799,20.699886803284826],[-100.44941051495434,20.699867612993657],[-100.44939501676161,20.69982094860204],[-100.44932897191498,20.699840142842604]]]},"id":"microsoft-023310003-59092"},{"type":"Feature","properties":{"height":-1,"confidence":-1,"footprintSource":"Microsoft Global ML Building Footprints","footprintMethod":"AI detected from imagery; not surveyed","heightMethod":"No supplied height"},"geometry":{"type":"Polygon","coordinates":[[[-100.44966107988708,20.694867691351575],[-100.44965438435909,20.694981261030406],[-100.44981215480813,20.69498940080929],[-100.44981059212094,20.695015907127072],[-100.44988279243478,20.695019627397016],[-100.44988479727935,20.6949856212011],[-100.44994630101371,20.69498879433519],[-100.44995358758096,20.69486519943878],[-100.45000706929494,20.69486795519704],[-100.450015562711,20.694723889583173],[-100.44995940712744,20.69472099236873],[-100.44995616260256,20.69477602612777],[-100.44988396256657,20.69477230113904],[-100.44987768082865,20.69487885217201],[-100.44966107988708,20.694867691351575]]]},"id":"microsoft-023310003-59094"},{"type":"Feature","properties":{"height":-1,"confidence":-1,"footprintSource":"Microsoft Global ML Building Footprints","footprintMethod":"AI detected from imagery; not surveyed","heightMethod":"No supplied height"},"geometry":{"type":"Polygon","coordinates":[[[-100.45108588069186,20.69952118683186],[-100.45094787333007,20.69955508785243],[-100.45098307290105,20.699680511853487],[-100.45108470212192,20.699655553669757],[-100.4510702059399,20.699603914278512],[-100.45110659006757,20.699594979031872],[-100.45108588069186,20.69952118683186]]]},"id":"microsoft-023310003-59103"},{"type":"Feature","properties":{"height":-1,"confidence":-1,"footprintSource":"Microsoft Global ML Building Footprints","footprintMethod":"AI detected from imagery; not surveyed","heightMethod":"No supplied height"},"geometry":{"type":"Polygon","coordinates":[[[-100.45688526135494,20.69722773585363],[-100.4568601345841,20.69714129023862],[-100.45669529583574,20.697183218304133],[-100.45672042260652,20.697269663895227],[-100.45688526135494,20.69722773585363]]]},"id":"microsoft-023310003-59137"},{"type":"Feature","properties":{"height":-1,"confidence":-1,"footprintSource":"Microsoft Global ML Building Footprints","footprintMethod":"AI detected from imagery; not surveyed","heightMethod":"No supplied height"},"geometry":{"type":"Polygon","coordinates":[[[-100.43571227247793,20.697683513503506],[-100.43562516004087,20.697756528300673],[-100.43565315547177,20.697785754412664],[-100.43574026669594,20.697712740646196],[-100.43571227247793,20.697683513503506]]]},"id":"microsoft-023310003-60385"},{"type":"Feature","properties":{"height":-1,"confidence":-1,"footprintSource":"Microsoft Global ML Building Footprints","footprintMethod":"AI detected from imagery; not surveyed","heightMethod":"No supplied height"},"geometry":{"type":"Polygon","coordinates":[[[-100.44153771828995,20.695757926328113],[-100.44156405335005,20.69585986500394],[-100.4416375451221,20.69584325026412],[-100.44161121006202,20.69574131157711],[-100.44153771828995,20.695757926328113]]]},"id":"microsoft-023310003-60404"},{"type":"Feature","properties":{"height":-1,"confidence":-1,"footprintSource":"Microsoft Global ML Building Footprints","footprintMethod":"AI detected from imagery; not surveyed","heightMethod":"No supplied height"},"geometry":{"type":"Polygon","coordinates":[[[-100.44280648991324,20.700258572018555],[-100.44256266162293,20.700265915255486],[-100.44256628470674,20.700371186289118],[-100.44281011299707,20.70036384305729],[-100.44280648991324,20.700258572018555]]]},"id":"microsoft-023310003-60407"},{"type":"Feature","properties":{"height":-1,"confidence":-1,"footprintSource":"Microsoft Global ML Building Footprints","footprintMethod":"AI detected from imagery; not surveyed","heightMethod":"No supplied height"},"geometry":{"type":"Polygon","coordinates":[[[-100.44550899337142,20.696861997808753],[-100.44544676571378,20.696854582824955],[-100.445438894925,20.696912416892005],[-100.4455011188706,20.69691982735671],[-100.44550899337142,20.696861997808753]]]},"id":"microsoft-023310003-60412"},{"type":"Feature","properties":{"height":-1,"confidence":-1,"footprintSource":"Microsoft Global ML Building Footprints","footprintMethod":"AI detected from imagery; not surveyed","heightMethod":"No supplied height"},"geometry":{"type":"Polygon","coordinates":[[[-100.44861969858356,20.697131356639986],[-100.44853683302262,20.69715961191845],[-100.44858862234118,20.69729249908245],[-100.44867148790209,20.697264243828727],[-100.44861969858356,20.697131356639986]]]},"id":"microsoft-023310003-60429"},{"type":"Feature","properties":{"height":-1,"confidence":-1,"footprintSource":"Microsoft Global ML Building Footprints","footprintMethod":"AI detected from imagery; not surveyed","heightMethod":"No supplied height"},"geometry":{"type":"Polygon","coordinates":[[[-100.4501465784548,20.698941571881434],[-100.45023431198442,20.698919853787444],[-100.45021535024067,20.698852824587618],[-100.45012761519244,20.69887453732302],[-100.4501465784548,20.698941571881434]]]},"id":"microsoft-023310003-60440"},{"type":"Feature","properties":{"height":-1,"confidence":-1,"footprintSource":"Microsoft Global ML Building Footprints","footprintMethod":"AI detected from imagery; not surveyed","heightMethod":"No supplied height"},"geometry":{"type":"Polygon","coordinates":[[[-100.4518117149187,20.702457560855578],[-100.45184873250639,20.702490116058684],[-100.45188621205662,20.70245282510193],[-100.45184919446892,20.70242026989081],[-100.4518117149187,20.702457560855578]]]},"id":"microsoft-023310003-60450"},{"type":"Feature","properties":{"height":-1,"confidence":-1,"footprintSource":"Microsoft Global ML Building Footprints","footprintMethod":"AI detected from imagery; not surveyed","heightMethod":"No supplied height"},"geometry":{"type":"Polygon","coordinates":[[[-100.45411737299806,20.69723188226402],[-100.4541481033068,20.697180093419064],[-100.45394716037862,20.697075752353257],[-100.45391643006988,20.697127541233854],[-100.45411737299806,20.69723188226402]]]},"id":"microsoft-023310003-60467"},{"type":"Feature","properties":{"height":-1,"confidence":-1,"footprintSource":"Microsoft Global ML Building Footprints","footprintMethod":"AI detected from imagery; not surveyed","heightMethod":"No supplied height"},"geometry":{"type":"Polygon","coordinates":[[[-100.43651252648792,20.70144532430632],[-100.4364563376756,20.701447925133436],[-100.43645978000063,20.7015130006274],[-100.43651596881296,20.70151039980138],[-100.43651252648792,20.70144532430632]]]},"id":"microsoft-023310003-61705"},{"type":"Feature","properties":{"height":-1,"confidence":-1,"footprintSource":"Microsoft Global ML Building Footprints","footprintMethod":"AI detected from imagery; not surveyed","heightMethod":"No supplied height"},"geometry":{"type":"Polygon","coordinates":[[[-100.43674744086323,20.701306356565254],[-100.43674694538777,20.701276255281257],[-100.43672281122845,20.701276602895504],[-100.43672532989537,20.701429617693435],[-100.43683795597215,20.70142799549525],[-100.43683593278068,20.701305081979953],[-100.43674744086323,20.701306356565254]]]},"id":"microsoft-023310003-61706"},{"type":"Feature","properties":{"height":-1,"confidence":-1,"footprintSource":"Microsoft Global ML Building Footprints","footprintMethod":"AI detected from imagery; not surveyed","heightMethod":"No supplied height"},"geometry":{"type":"Polygon","coordinates":[[[-100.44762786384737,20.697775198455986],[-100.44760705664784,20.697719241646467],[-100.4475950931361,20.6977231344991],[-100.44756429848084,20.697640318385254],[-100.44748533930336,20.69766601122403],[-100.44750864336682,20.697728682871315],[-100.44751210743216,20.697727555685958],[-100.44754041030257,20.69780365528497],[-100.44762786384737,20.697775198455986]]]},"id":"microsoft-023310003-61748"},{"type":"Feature","properties":{"height":-1,"confidence":-1,"footprintSource":"Microsoft Global ML Building Footprints","footprintMethod":"AI detected from imagery; not surveyed","heightMethod":"No supplied height"},"geometry":{"type":"Polygon","coordinates":[[[-100.4502122627176,20.704135415556394],[-100.4501132130429,20.704234075878375],[-100.45022956294287,20.70433627696788],[-100.4503286086948,20.70423761326667],[-100.4502122627176,20.704135415556394]]]},"id":"microsoft-023310003-61762"},{"type":"Feature","properties":{"height":-1,"confidence":-1,"footprintSource":"Microsoft Global ML Building Footprints","footprintMethod":"AI detected from imagery; not surveyed","heightMethod":"No supplied height"},"geometry":{"type":"Polygon","coordinates":[[[-100.45313855908856,20.699568966794246],[-100.45314087127818,20.699625360845175],[-100.45322389762431,20.69962238202747],[-100.45322158565723,20.69956599340324],[-100.45313855908856,20.699568966794246]]]},"id":"microsoft-023310003-61777"},{"type":"Feature","properties":{"height":-1,"confidence":-1,"footprintSource":"Microsoft Global ML Building Footprints","footprintMethod":"AI detected from imagery; not surveyed","heightMethod":"No supplied height"},"geometry":{"type":"Polygon","coordinates":[[[-100.45554165769954,20.702916457022354],[-100.45548934174361,20.702721904320356],[-100.4553606870881,20.702752167966466],[-100.45541300517422,20.70294672855134],[-100.45554165769954,20.702916457022354]]]},"id":"microsoft-023310003-61794"},{"type":"Feature","properties":{"height":-1,"confidence":-1,"footprintSource":"Microsoft Global ML Building Footprints","footprintMethod":"AI detected from imagery; not surveyed","heightMethod":"No supplied height"},"geometry":{"type":"Polygon","coordinates":[[[-100.44119341891127,20.695868997710733],[-100.44118806121988,20.6958449510866],[-100.44112122716824,20.695857982176207],[-100.44112872793619,20.695891647446018],[-100.44109531091038,20.695898162988968],[-100.44110413151836,20.695937752010494],[-100.44095503808806,20.695966811989777],[-100.44096604302254,20.69601620477289],[-100.44149043327381,20.695913960915775],[-100.44146846673911,20.695815369761846],[-100.44119341891127,20.695868997710733]]]},"id":"microsoft-023310003-63075"},{"type":"Feature","properties":{"height":-1,"confidence":-1,"footprintSource":"Microsoft Global ML Building Footprints","footprintMethod":"AI detected from imagery; not surveyed","heightMethod":"No supplied height"},"geometry":{"type":"Polygon","coordinates":[[[-100.44837112929062,20.697464569964524],[-100.44828574857854,20.697502470298772],[-100.44833665229578,20.69760281999511],[-100.4483860337151,20.69758089969352],[-100.44837980135725,20.697568611644286],[-100.4484157998996,20.697552631968534],[-100.44837112929062,20.697464569964524]]]},"id":"microsoft-023310003-63114"},{"type":"Feature","properties":{"height":-1,"confidence":-1,"footprintSource":"Microsoft Global ML Building Footprints","footprintMethod":"AI detected from imagery; not surveyed","heightMethod":"No supplied height"},"geometry":{"type":"Polygon","coordinates":[[[-100.44917584426251,20.696946902364544],[-100.44918528198778,20.696837212211932],[-100.44904936979127,20.696826979006076],[-100.44903542769713,20.696989021259967],[-100.449112711103,20.696994840135588],[-100.44911721547187,20.696942488043746],[-100.44917584426251,20.696946902364544]]]},"id":"microsoft-023310003-63125"},{"type":"Feature","properties":{"height":-1,"confidence":-1,"footprintSource":"Microsoft Global ML Building Footprints","footprintMethod":"AI detected from imagery; not surveyed","heightMethod":"No supplied height"},"geometry":{"type":"Polygon","coordinates":[[[-100.45035782697633,20.703554146180423],[-100.45028784907849,20.703507406852452],[-100.45024778775591,20.70355989505046],[-100.45031776536881,20.70360662959061],[-100.45035782697633,20.703554146180423]]]},"id":"microsoft-023310003-63138"},{"type":"Feature","properties":{"height":-1,"confidence":-1,"footprintSource":"Microsoft Global ML Building Footprints","footprintMethod":"AI detected from imagery; not surveyed","heightMethod":"No supplied height"},"geometry":{"type":"Polygon","coordinates":[[[-100.45055072191926,20.70258985884601],[-100.45059552104915,20.702628063788154],[-100.45064492843889,20.70257736518751],[-100.45060013138051,20.702539161999198],[-100.45055072191926,20.70258985884601]]]},"id":"microsoft-023310003-63141"},{"type":"Feature","properties":{"height":-1,"confidence":-1,"footprintSource":"Microsoft Global ML Building Footprints","footprintMethod":"AI detected from imagery; not surveyed","heightMethod":"No supplied height"},"geometry":{"type":"Polygon","coordinates":[[[-100.45091735682782,20.69805182652597],[-100.45085929792737,20.698062884217194],[-100.45089832692169,20.698242208119083],[-100.45095637373328,20.698231156543756],[-100.45091735682782,20.69805182652597]]]},"id":"microsoft-023310003-63143"},{"type":"Feature","properties":{"height":-1,"confidence":-1,"footprintSource":"Microsoft Global ML Building Footprints","footprintMethod":"AI detected from imagery; not surveyed","heightMethod":"No supplied height"},"geometry":{"type":"Polygon","coordinates":[[[-100.45203882102594,20.699634878432036],[-100.45207756198128,20.699718112342865],[-100.45211251736215,20.6997038752462],[-100.45207377027654,20.6996206415362],[-100.45203882102594,20.699634878432036]]]},"id":"microsoft-023310003-63150"},{"type":"Feature","properties":{"height":-1,"confidence":-1,"footprintSource":"Microsoft Global ML Building Footprints","footprintMethod":"AI detected from imagery; not surveyed","heightMethod":"No supplied height"},"geometry":{"type":"Polygon","coordinates":[[[-100.4526134108632,20.696823204531086],[-100.45258582760873,20.696781437771065],[-100.45252953206956,20.696813975845245],[-100.45255711532404,20.6968557425963],[-100.4526134108632,20.696823204531086]]]},"id":"microsoft-023310003-63152"},{"type":"Feature","properties":{"height":-1,"confidence":-1,"footprintSource":"Microsoft Global ML Building Footprints","footprintMethod":"AI detected from imagery; not surveyed","heightMethod":"No supplied height"},"geometry":{"type":"Polygon","coordinates":[[[-100.4536557583402,20.700676859245235],[-100.45369734889898,20.700675331671974],[-100.45369497822176,20.7006189518752],[-100.4536533919889,20.70062048201278],[-100.4536557583402,20.700676859245235]]]},"id":"microsoft-023310003-63158"},{"type":"Feature","properties":{"height":-1,"confidence":-1,"footprintSource":"Microsoft Global ML Building Footprints","footprintMethod":"AI detected from imagery; not surveyed","heightMethod":"No supplied height"},"geometry":{"type":"Polygon","coordinates":[[[-100.45428808760124,20.698592016502943],[-100.45429970321376,20.698619068487744],[-100.4544256451997,20.698571755380527],[-100.45441402828187,20.69854469563218],[-100.45428808760124,20.698592016502943]]]},"id":"microsoft-023310003-63163"},{"type":"Feature","properties":{"height":-1,"confidence":-1,"footprintSource":"Microsoft Global ML Building Footprints","footprintMethod":"AI detected from imagery; not surveyed","heightMethod":"No supplied height"},"geometry":{"type":"Polygon","coordinates":[[[-100.43680559983227,20.701089653294858],[-100.43674988424019,20.701095110265058],[-100.43676349598152,20.70121671991339],[-100.4368192115736,20.70121126294758],[-100.43680559983227,20.701089653294858]]]},"id":"microsoft-023310003-64479"},{"type":"Feature","properties":{"height":-1,"confidence":-1,"footprintSource":"Microsoft Global ML Building Footprints","footprintMethod":"AI detected from imagery; not surveyed","heightMethod":"No supplied height"},"geometry":{"type":"Polygon","coordinates":[[[-100.44884110162032,20.696484064162192],[-100.448763038773,20.696293804582353],[-100.44866719078787,20.6963282250329],[-100.44874525363522,20.696518484569594],[-100.44884110162032,20.696484064162192]]]},"id":"microsoft-023310003-64532"},{"type":"Feature","properties":{"height":-1,"confidence":-1,"footprintSource":"Microsoft Global ML Building Footprints","footprintMethod":"AI detected from imagery; not surveyed","heightMethod":"No supplied height"},"geometry":{"type":"Polygon","coordinates":[[[-100.44981899360494,20.704759774792436],[-100.44992061809648,20.704670907863758],[-100.44980955862209,20.704559780063803],[-100.44970793413054,20.70464864705761],[-100.44981899360494,20.704759774792436]]]},"id":"microsoft-023310003-64536"},{"type":"Feature","properties":{"height":-1,"confidence":-1,"footprintSource":"Microsoft Global ML Building Footprints","footprintMethod":"AI detected from imagery; not surveyed","heightMethod":"No supplied height"},"geometry":{"type":"Polygon","coordinates":[[[-100.45084046797118,20.698234022791084],[-100.4508532506422,20.698259629858526],[-100.4508962750726,20.698240838531603],[-100.45088349282024,20.69821522846125],[-100.45084046797118,20.698234022791084]]]},"id":"microsoft-023310003-64538"},{"type":"Feature","properties":{"height":-1,"confidence":-1,"footprintSource":"Microsoft Global ML Building Footprints","footprintMethod":"AI detected from imagery; not surveyed","heightMethod":"No supplied height"},"geometry":{"type":"Polygon","coordinates":[[[-100.45125252209705,20.699782910164217],[-100.45126906511851,20.699917732132604],[-100.45133260156383,20.699910914266326],[-100.45131605803859,20.699776088186155],[-100.45125252209705,20.699782910164217]]]},"id":"microsoft-023310003-64539"},{"type":"Feature","properties":{"height":-1,"confidence":-1,"footprintSource":"Microsoft Global ML Building Footprints","footprintMethod":"AI detected from imagery; not surveyed","heightMethod":"No supplied height"},"geometry":{"type":"Polygon","coordinates":[[[-100.45212623506093,20.70094660732778],[-100.45214840941176,20.700990934600995],[-100.45219461749492,20.700970707768292],[-100.45217244438565,20.70092638297102],[-100.45212623506093,20.70094660732778]]]},"id":"microsoft-023310003-64546"},{"type":"Feature","properties":{"height":-1,"confidence":-1,"footprintSource":"Microsoft Global ML Building Footprints","footprintMethod":"AI detected from imagery; not surveyed","heightMethod":"No supplied height"},"geometry":{"type":"Polygon","coordinates":[[[-100.45390946390992,20.704363338588635],[-100.45392441919836,20.704399327243735],[-100.45396636241712,20.70438407888099],[-100.45395140613736,20.704348087836735],[-100.45390946390992,20.704363338588635]]]},"id":"microsoft-023310003-64559"},{"type":"Feature","properties":{"height":-1,"confidence":-1,"footprintSource":"Microsoft Global ML Building Footprints","footprintMethod":"AI detected from imagery; not surveyed","heightMethod":"No supplied height"},"geometry":{"type":"Polygon","coordinates":[[[-100.45509060172137,20.70349955603551],[-100.45498344852076,20.70353147529748],[-100.45503038824688,20.703669387771996],[-100.45513754361545,20.703637474908646],[-100.45509060172137,20.70349955603551]]]},"id":"microsoft-023310003-64566"},{"type":"Feature","properties":{"height":-1,"confidence":-1,"footprintSource":"Microsoft Global ML Building Footprints","footprintMethod":"AI detected from imagery; not surveyed","heightMethod":"No supplied height"},"geometry":{"type":"Polygon","coordinates":[[[-100.45534419800649,20.69719349255405],[-100.45534232252234,20.69709817890994],[-100.45517340058848,20.69710108759341],[-100.45517527607262,20.697196401235715],[-100.45534419800649,20.69719349255405]]]},"id":"microsoft-023310003-64567"},{"type":"Feature","properties":{"height":-1,"confidence":-1,"footprintSource":"Microsoft Global ML Building Footprints","footprintMethod":"AI detected from imagery; not surveyed","heightMethod":"No supplied height"},"geometry":{"type":"Polygon","coordinates":[[[-100.44679274846648,20.695835259589913],[-100.4467722878026,20.695876576559215],[-100.44682087160105,20.695897627735818],[-100.44684133226491,20.69585631077223],[-100.44679274846648,20.695835259589913]]]},"id":"microsoft-023310003-65882"},{"type":"Feature","properties":{"height":-1,"confidence":-1,"footprintSource":"Microsoft Global ML Building Footprints","footprintMethod":"AI detected from imagery; not surveyed","heightMethod":"No supplied height"},"geometry":{"type":"Polygon","coordinates":[[[-100.44883728055065,20.699067807012383],[-100.44888765922659,20.699246035228327],[-100.44901801971787,20.699213790663947],[-100.44896764104192,20.699035562410103],[-100.44883728055065,20.699067807012383]]]},"id":"microsoft-023310003-65893"},{"type":"Feature","properties":{"height":-1,"confidence":-1,"footprintSource":"Microsoft Global ML Building Footprints","footprintMethod":"AI detected from imagery; not surveyed","heightMethod":"No supplied height"},"geometry":{"type":"Polygon","coordinates":[[[-100.44898663139261,20.698367121124434],[-100.4489154477829,20.698385063987985],[-100.44889616790721,20.698318114033043],[-100.44885615618563,20.698328196952957],[-100.4489097930552,20.69851445252887],[-100.44902099600499,20.698486422231923],[-100.44898663139261,20.698367121124434]]]},"id":"microsoft-023310003-65895"},{"type":"Feature","properties":{"height":-1,"confidence":-1,"footprintSource":"Microsoft Global ML Building Footprints","footprintMethod":"AI detected from imagery; not surveyed","heightMethod":"No supplied height"},"geometry":{"type":"Polygon","coordinates":[[[-100.44952268317385,20.70196811884736],[-100.44953127250074,20.702019552631583],[-100.44960083303424,20.702009383304315],[-100.44957603496627,20.701860956331828],[-100.4494608303814,20.701877791015704],[-100.44947703659605,20.701974792101524],[-100.44952268317385,20.70196811884736]]]},"id":"microsoft-023310003-65899"},{"type":"Feature","properties":{"height":-1,"confidence":-1,"footprintSource":"Microsoft Global ML Building Footprints","footprintMethod":"AI detected from imagery; not surveyed","heightMethod":"No supplied height"},"geometry":{"type":"Polygon","coordinates":[[[-100.45309203004041,20.69982106457124],[-100.4531475152545,20.699807983380282],[-100.45309190621302,20.699601524767914],[-100.45303642007885,20.69961460256087],[-100.45309203004041,20.69982106457124]]]},"id":"microsoft-023310003-65922"},{"type":"Feature","properties":{"height":-1,"confidence":-1,"footprintSource":"Microsoft Global ML Building Footprints","footprintMethod":"AI detected from imagery; not surveyed","heightMethod":"No supplied height"},"geometry":{"type":"Polygon","coordinates":[[[-100.45337926986443,20.695821234048168],[-100.45345407556721,20.69582563708913],[-100.45346046332621,20.69573066627271],[-100.45338565762343,20.69572626322899],[-100.45337926986443,20.695821234048168]]]},"id":"microsoft-023310003-65923"},{"type":"Feature","properties":{"height":-1,"confidence":-1,"footprintSource":"Microsoft Global ML Building Footprints","footprintMethod":"AI detected from imagery; not surveyed","heightMethod":"No supplied height"},"geometry":{"type":"Polygon","coordinates":[[[-100.45362754662536,20.69703351631003],[-100.4534897424859,20.696996678266373],[-100.45346494663644,20.697077868487668],[-100.45353579291857,20.69709680723075],[-100.45352303787926,20.6971385614075],[-100.45346459327779,20.697122937906286],[-100.4534521946318,20.697163535350242],[-100.45357759098533,20.697197048276422],[-100.45362754662536,20.69703351631003]]]},"id":"microsoft-023310003-65925"},{"type":"Feature","properties":{"height":-1,"confidence":-1,"footprintSource":"Microsoft Global ML Building Footprints","footprintMethod":"AI detected from imagery; not surveyed","heightMethod":"No supplied height"},"geometry":{"type":"Polygon","coordinates":[[[-100.45366385635404,20.69886892467811],[-100.45358171859651,20.69890112065893],[-100.45361135597946,20.69896728483299],[-100.45379388432951,20.69889573823089],[-100.45378814806185,20.69888293225793],[-100.45382693533622,20.698867728599353],[-100.45377148474881,20.698743937459213],[-100.45363230688191,20.698798491800986],[-100.45366385635404,20.69886892467811]]]},"id":"microsoft-023310003-65927"},{"type":"Feature","properties":{"height":-1,"confidence":-1,"footprintSource":"Microsoft Global ML Building Footprints","footprintMethod":"AI detected from imagery; not surveyed","heightMethod":"No supplied height"},"geometry":{"type":"Polygon","coordinates":[[[-100.45647544919802,20.71692214684002],[-100.45648724142615,20.71688530885187],[-100.45641831836123,20.71686600680472],[-100.45639147311705,20.716949869222375],[-100.45645648640411,20.71696807206213],[-100.45647153494085,20.71692105064453],[-100.45647544919802,20.71692214684002]]]},"id":"microsoft-023310003-65942"},{"type":"Feature","properties":{"height":-1,"confidence":-1,"footprintSource":"Microsoft Global ML Building Footprints","footprintMethod":"AI detected from imagery; not surveyed","heightMethod":"No supplied height"},"geometry":{"type":"Polygon","coordinates":[[[-100.45700972543962,20.70015175716584],[-100.4569897482905,20.700100918085965],[-100.45696139302972,20.70011066808172],[-100.45698137017884,20.70016150715834],[-100.45700972543962,20.70015175716584]]]},"id":"microsoft-023310003-65947"},{"type":"Feature","properties":{"height":-1,"confidence":-1,"footprintSource":"Microsoft Global ML Building Footprints","footprintMethod":"AI detected from imagery; not surveyed","heightMethod":"No supplied height"},"geometry":{"type":"Polygon","coordinates":[[[-100.4571853028117,20.696960780287895],[-100.45714627803427,20.69704722391056],[-100.45734203515923,20.697124559178803],[-100.45738106484704,20.697038104723205],[-100.4571853028117,20.696960780287895]]]},"id":"microsoft-023310003-65948"},{"type":"Feature","properties":{"height":-1,"confidence":-1,"footprintSource":"Microsoft Global ML Building Footprints","footprintMethod":"AI detected from imagery; not surveyed","heightMethod":"No supplied height"},"geometry":{"type":"Polygon","coordinates":[[[-100.43419640971003,20.718522874698806],[-100.43418189742266,20.718459474203],[-100.43412150776474,20.718471567243228],[-100.4341360254537,20.718534970605248],[-100.43419640971003,20.718522874698806]]]},"id":"microsoft-023310003-67151"},{"type":"Feature","properties":{"height":-1,"confidence":-1,"footprintSource":"Microsoft Global ML Building Footprints","footprintMethod":"AI detected from imagery; not surveyed","heightMethod":"No supplied height"},"geometry":{"type":"Polygon","coordinates":[[[-100.435653428533,20.69947154477032],[-100.43549932684229,20.69947549972349],[-100.43550127811373,20.69954220060741],[-100.43565538508686,20.699538255609923],[-100.435653428533,20.69947154477032]]]},"id":"microsoft-023310003-67159"},{"type":"Feature","properties":{"height":-1,"confidence":-1,"footprintSource":"Microsoft Global ML Building Footprints","footprintMethod":"AI detected from imagery; not surveyed","heightMethod":"No supplied height"},"geometry":{"type":"Polygon","coordinates":[[[-100.44073475901708,20.699129674651246],[-100.44079101678798,20.699131512593752],[-100.44079307511802,20.699076380272174],[-100.44073681734713,20.699074542329015],[-100.44073475901708,20.699129674651246]]]},"id":"microsoft-023310003-67171"},{"type":"Feature","properties":{"height":-1,"confidence":-1,"footprintSource":"Microsoft Global ML Building Footprints","footprintMethod":"AI detected from imagery; not surveyed","heightMethod":"No supplied height"},"geometry":{"type":"Polygon","coordinates":[[[-100.44354580081405,20.71693203147835],[-100.44358971039179,20.716934049353142],[-100.44359154829064,20.71689901094493],[-100.44354764132844,20.71689699318985],[-100.44354580081405,20.71693203147835]]]},"id":"microsoft-023310003-67185"},{"type":"Feature","properties":{"height":-1,"confidence":-1,"footprintSource":"Microsoft Global ML Building Footprints","footprintMethod":"AI detected from imagery; not surveyed","heightMethod":"No supplied height"},"geometry":{"type":"Polygon","coordinates":[[[-100.44902489709354,20.697141946466004],[-100.44916002678413,20.697145989631608],[-100.44916430254024,20.69702066233137],[-100.4490291822167,20.697016619442692],[-100.44902489709354,20.697141946466004]]]},"id":"microsoft-023310003-67202"},{"type":"Feature","properties":{"height":-1,"confidence":-1,"footprintSource":"Microsoft Global ML Building Footprints","footprintMethod":"AI detected from imagery; not surveyed","heightMethod":"No supplied height"},"geometry":{"type":"Polygon","coordinates":[[[-100.44942697317512,20.694853343952715],[-100.44936540589624,20.694850764123004],[-100.44936013015689,20.694960945246493],[-100.44942169743575,20.694963525074343],[-100.44942697317512,20.694853343952715]]]},"id":"microsoft-023310003-67214"},{"type":"Feature","properties":{"height":-1,"confidence":-1,"footprintSource":"Microsoft Global ML Building Footprints","footprintMethod":"AI detected from imagery; not surveyed","heightMethod":"No supplied height"},"geometry":{"type":"Polygon","coordinates":[[[-100.4496642350101,20.69609876833904],[-100.44960425358276,20.696096408139027],[-100.44959985398195,20.696194090707365],[-100.44972569478271,20.696199042394596],[-100.44973106433937,20.696079824281327],[-100.44966520355115,20.696077228422837],[-100.4496642350101,20.69609876833904]]]},"id":"microsoft-023310003-67216"},{"type":"Feature","properties":{"height":-1,"confidence":-1,"footprintSource":"Microsoft Global ML Building Footprints","footprintMethod":"AI detected from imagery; not surveyed","heightMethod":"No supplied height"},"geometry":{"type":"Polygon","coordinates":[[[-100.45247962789107,20.700577481073353],[-100.45242530790327,20.70058724680743],[-100.45244992931673,20.7007070862677],[-100.45257150104574,20.7006852219653],[-100.45253097306804,20.70048796062936],[-100.4524637197498,20.70050005154529],[-100.45247962789107,20.700577481073353]]]},"id":"microsoft-023310003-67227"},{"type":"Feature","properties":{"height":-1,"confidence":-1,"footprintSource":"Microsoft Global ML Building Footprints","footprintMethod":"AI detected from imagery; not surveyed","heightMethod":"No supplied height"},"geometry":{"type":"Polygon","coordinates":[[[-100.4525536258245,20.694511512014316],[-100.45250003575117,20.694509919063762],[-100.45248888227967,20.694838285463746],[-100.45254247235299,20.694839878410846],[-100.4525536258245,20.694511512014316]]]},"id":"microsoft-023310003-67228"},{"type":"Feature","properties":{"height":-1,"confidence":-1,"footprintSource":"Microsoft Global ML Building Footprints","footprintMethod":"AI detected from imagery; not surveyed","heightMethod":"No supplied height"},"geometry":{"type":"Polygon","coordinates":[[[-100.45273542187914,20.71989989019616],[-100.45273718845952,20.720030323010917],[-100.45285786849877,20.720028893119775],[-100.45285735890828,20.719991268280523],[-100.4528654042442,20.71999117295441],[-100.45286414725432,20.719898364977595],[-100.45273542187914,20.71989989019616]]]},"id":"microsoft-023310003-67232"},{"type":"Feature","properties":{"height":-1,"confidence":-1,"footprintSource":"Microsoft Global ML Building Footprints","footprintMethod":"AI detected from imagery; not surveyed","heightMethod":"No supplied height"},"geometry":{"type":"Polygon","coordinates":[[[-100.45554640447146,20.703011723572658],[-100.45548129898657,20.70303213625725],[-100.45547285451474,20.703008569042822],[-100.45537398854528,20.703039560263008],[-100.45543460599089,20.70320873405933],[-100.45553347196035,20.70317774287375],[-100.45550518381907,20.703098795109483],[-100.45557029067702,20.703078386265858],[-100.45554640447146,20.703011723572658]]]},"id":"microsoft-023310003-67248"},{"type":"Feature","properties":{"height":-1,"confidence":-1,"footprintSource":"Microsoft Global ML Building Footprints","footprintMethod":"AI detected from imagery; not surveyed","heightMethod":"No supplied height"},"geometry":{"type":"Polygon","coordinates":[[[-100.44956895501045,20.697352319081403],[-100.44944308523257,20.69734769592823],[-100.44943263380493,20.697596701604013],[-100.44946625929568,20.697597938856077],[-100.44945572547076,20.69784846067219],[-100.44954798812707,20.697851855476898],[-100.44956895501045,20.697352319081403]]]},"id":"microsoft-023310003-68556"},{"type":"Feature","properties":{"height":-1,"confidence":-1,"footprintSource":"Microsoft Global ML Building Footprints","footprintMethod":"AI detected from imagery; not surveyed","heightMethod":"No supplied height"},"geometry":{"type":"Polygon","coordinates":[[[-100.45167227261332,20.699002763780797],[-100.451512443709,20.699025774476098],[-100.45152292832728,20.69908950086979],[-100.4514259829263,20.699103458169176],[-100.45144453263555,20.69921620478975],[-100.45155061936259,20.699200931418318],[-100.4515401300868,20.699137205742005],[-100.45163317911118,20.69912380940974],[-100.45163680840211,20.6991458685348],[-100.45169445161349,20.6991375696025],[-100.45167227261332,20.699002763780797]]]},"id":"microsoft-023310003-68566"},{"type":"Feature","properties":{"height":-1,"confidence":-1,"footprintSource":"Microsoft Global ML Building Footprints","footprintMethod":"AI detected from imagery; not surveyed","heightMethod":"No supplied height"},"geometry":{"type":"Polygon","coordinates":[[[-100.43647568654062,20.70020795043692],[-100.43647442280727,20.699959559615436],[-100.43617134005353,20.699960908940596],[-100.43617256549192,20.700201772771322],[-100.4362476656433,20.700201438425793],[-100.43624770393822,20.700208965414348],[-100.43647568654062,20.70020795043692]]]},"id":"microsoft-023310003-69802"},{"type":"Feature","properties":{"height":-1,"confidence":-1,"footprintSource":"Microsoft Global ML Building Footprints","footprintMethod":"AI detected from imagery; not surveyed","heightMethod":"No supplied height"},"geometry":{"type":"Polygon","coordinates":[[[-100.45068500455743,20.70389756102827],[-100.45073957539284,20.703925360156674],[-100.45076999595703,20.703873114027672],[-100.45071542210667,20.703845313353824],[-100.45068500455743,20.70389756102827]]]},"id":"microsoft-023310003-69877"},{"type":"Feature","properties":{"height":-1,"confidence":-1,"footprintSource":"Microsoft Global ML Building Footprints","footprintMethod":"AI detected from imagery; not surveyed","heightMethod":"No supplied height"},"geometry":{"type":"Polygon","coordinates":[[[-100.45137558085443,20.70144615720382],[-100.45145401222106,20.70142553544325],[-100.45142497840551,20.70132890906217],[-100.45134655230969,20.701349524315503],[-100.45137558085443,20.70144615720382]]]},"id":"microsoft-023310003-69882"},{"type":"Feature","properties":{"height":-1,"confidence":-1,"footprintSource":"Microsoft Global ML Building Footprints","footprintMethod":"AI detected from imagery; not surveyed","heightMethod":"No supplied height"},"geometry":{"type":"Polygon","coordinates":[[[-100.45186387989054,20.69985170705992],[-100.45185969055846,20.699809416197866],[-100.451747996875,20.699819098162607],[-100.45175218620709,20.69986138902196],[-100.45186387989054,20.69985170705992]]]},"id":"microsoft-023310003-69885"},{"type":"Feature","properties":{"height":-1,"confidence":-1,"footprintSource":"Microsoft Global ML Building Footprints","footprintMethod":"AI detected from imagery; not surveyed","heightMethod":"No supplied height"},"geometry":{"type":"Polygon","coordinates":[[[-100.45258130930354,20.71929142478878],[-100.45257901202166,20.719241342075335],[-100.45252955012684,20.719243323663505],[-100.45253184366796,20.719293406526134],[-100.45258130930354,20.71929142478878]]]},"id":"microsoft-023310003-69886"},{"type":"Feature","properties":{"height":-1,"confidence":-1,"footprintSource":"Microsoft Global ML Building Footprints","footprintMethod":"AI detected from imagery; not surveyed","heightMethod":"No supplied height"},"geometry":{"type":"Polygon","coordinates":[[[-100.4528374469404,20.69542867549808],[-100.45284380792936,20.69559155117973],[-100.45294663528085,20.695588030152862],[-100.4529402621224,20.69542515488415],[-100.4528374469404,20.69542867549808]]]},"id":"microsoft-023310003-69891"},{"type":"Feature","properties":{"height":-1,"confidence":-1,"footprintSource":"Microsoft Global ML Building Footprints","footprintMethod":"AI detected from imagery; not surveyed","heightMethod":"No supplied height"},"geometry":{"type":"Polygon","coordinates":[[[-100.4534680265445,20.701445127779678],[-100.45351357215826,20.701443690518076],[-100.45351570044126,20.701502584006363],[-100.45366573269668,20.701497839687832],[-100.45366346850959,20.70143518548234],[-100.45361524385608,20.701436710442493],[-100.4536128891015,20.701371550041983],[-100.45346553599352,20.70137620964441],[-100.4534680265445,20.701445127779678]]]},"id":"microsoft-023310003-69896"},{"type":"Feature","properties":{"height":-1,"confidence":-1,"footprintSource":"Microsoft Global ML Building Footprints","footprintMethod":"AI detected from imagery; not surveyed","heightMethod":"No supplied height"},"geometry":{"type":"Polygon","coordinates":[[[-100.45350865335261,20.697699781566712],[-100.45355773189408,20.697728479105407],[-100.45356978735751,20.69771043731629],[-100.45361135386946,20.697734742368638],[-100.45366199089236,20.69765896922668],[-100.45353856065191,20.697586796213216],[-100.45349334895707,20.6976544509389],[-100.45352613408328,20.6976736234338],[-100.45350865335261,20.697699781566712]]]},"id":"microsoft-023310003-69897"},{"type":"Feature","properties":{"height":-1,"confidence":-1,"footprintSource":"Microsoft Global ML Building Footprints","footprintMethod":"AI detected from imagery; not surveyed","heightMethod":"No supplied height"},"geometry":{"type":"Polygon","coordinates":[[[-100.45448556528908,20.69913919945533],[-100.45428059385385,20.699180706521247],[-100.45432219191576,20.69936046298494],[-100.45452716335099,20.699318955968238],[-100.45448556528908,20.69913919945533]]]},"id":"microsoft-023310003-69902"},{"type":"Feature","properties":{"height":-1,"confidence":-1,"footprintSource":"Microsoft Global ML Building Footprints","footprintMethod":"AI detected from imagery; not surveyed","heightMethod":"No supplied height"},"geometry":{"type":"Polygon","coordinates":[[[-100.45689512545184,20.71655341879581],[-100.45687972349744,20.716612634622578],[-100.45690757958914,20.716618971477246],[-100.45692298154354,20.716559755652966],[-100.45689512545184,20.71655341879581]]]},"id":"microsoft-023310003-69912"},{"type":"Feature","properties":{"height":-1,"confidence":-1,"footprintSource":"Microsoft Global ML Building Footprints","footprintMethod":"AI detected from imagery; not surveyed","heightMethod":"No supplied height"},"geometry":{"type":"Polygon","coordinates":[[[-100.44783639863205,20.697452015432773],[-100.44778599362763,20.69732674470923],[-100.4477343077225,20.697344943683916],[-100.44778471272693,20.697470214392396],[-100.44783639863205,20.697452015432773]]]},"id":"microsoft-023310003-71204"},{"type":"Feature","properties":{"height":-1,"confidence":-1,"footprintSource":"Microsoft Global ML Building Footprints","footprintMethod":"AI detected from imagery; not surveyed","heightMethod":"No supplied height"},"geometry":{"type":"Polygon","coordinates":[[[-100.44798343012299,20.69480774567785],[-100.44811768738566,20.69485777951884],[-100.4481754600406,20.694722140289883],[-100.44804120600898,20.69467209881826],[-100.44798343012299,20.69480774567785]]]},"id":"microsoft-023310003-71205"},{"type":"Feature","properties":{"height":-1,"confidence":-1,"footprintSource":"Microsoft Global ML Building Footprints","footprintMethod":"AI detected from imagery; not surveyed","heightMethod":"No supplied height"},"geometry":{"type":"Polygon","coordinates":[[[-100.44832900964974,20.704752844224828],[-100.44850281514613,20.704725421327353],[-100.44848129041874,20.704606100478642],[-100.44830287523448,20.704256765491053],[-100.44825819722902,20.704263817699655],[-100.44823810427808,20.70422447587194],[-100.4481673869411,20.703832457520804],[-100.44821042292433,20.70382566729573],[-100.44824980887705,20.703902773554773],[-100.44824925230422,20.70389968821587],[-100.44826998702531,20.703940286710917],[-100.44829532269117,20.704080733842474],[-100.44838920995964,20.704065920316438],[-100.44834080134464,20.703797569183024],[-100.44824791164864,20.703812225338112],[-100.4482338348218,20.703734158576083],[-100.4482234787682,20.703735792557097],[-100.44808774140253,20.703796452399644],[-100.4481051019472,20.703793712112642],[-100.44804954161135,20.703818541534645],[-100.44805685620616,20.703859089709937],[-100.44807978594093,20.70390398604374],[-100.44804680636221,20.703909189564868],[-100.44801979218539,20.703921263721156],[-100.44807888373377,20.70424883491809],[-100.4483250334211,20.704730793139333],[-100.44832900964974,20.704752844224828]]]},"id":"microsoft-023310003-71206"},{"type":"Feature","properties":{"height":-1,"confidence":-1,"footprintSource":"Microsoft Global ML Building Footprints","footprintMethod":"AI detected from imagery; not surveyed","heightMethod":"No supplied height"},"geometry":{"type":"Polygon","coordinates":[[[-100.44963544738034,20.699253203587546],[-100.4495884526056,20.69926973826459],[-100.4496467931583,20.69941481013292],[-100.44969378793309,20.699398275471708],[-100.44963544738034,20.699253203587546]]]},"id":"microsoft-023310003-71213"},{"type":"Feature","properties":{"height":-1,"confidence":-1,"footprintSource":"Microsoft Global ML Building Footprints","footprintMethod":"AI detected from imagery; not surveyed","heightMethod":"No supplied height"},"geometry":{"type":"Polygon","coordinates":[[[-100.45155329440246,20.703002334147385],[-100.45151580110335,20.703039428778055],[-100.45154780400492,20.70306773083678],[-100.45158529583847,20.70303063491697],[-100.45155329440246,20.703002334147385]]]},"id":"microsoft-023310003-71225"},{"type":"Feature","properties":{"height":-1,"confidence":-1,"footprintSource":"Microsoft Global ML Building Footprints","footprintMethod":"AI detected from imagery; not surveyed","heightMethod":"No supplied height"},"geometry":{"type":"Polygon","coordinates":[[[-100.45200652576132,20.699090188835513],[-100.45199621712251,20.699052512533328],[-100.45194457573075,20.69906488028346],[-100.45195488701502,20.699102555948983],[-100.45200652576132,20.699090188835513]]]},"id":"microsoft-023310003-71228"},{"type":"Feature","properties":{"height":-1,"confidence":-1,"footprintSource":"Microsoft Global ML Building Footprints","footprintMethod":"AI detected from imagery; not surveyed","heightMethod":"No supplied height"},"geometry":{"type":"Polygon","coordinates":[[[-100.45220518783464,20.69617589319776],[-100.45196552030873,20.696270921340528],[-100.45199346445352,20.696332605906974],[-100.45202074991889,20.69632178723093],[-100.4520019224443,20.69628022701781],[-100.45204605075241,20.696262733044136],[-100.45207014451091,20.696315909398876],[-100.45207376359504,20.696314474670288],[-100.45211327182764,20.696401686045377],[-100.45227791864461,20.696336414446392],[-100.45220518783464,20.69617589319776]]]},"id":"microsoft-023310003-71231"},{"type":"Feature","properties":{"height":-1,"confidence":-1,"footprintSource":"Microsoft Global ML Building Footprints","footprintMethod":"AI detected from imagery; not surveyed","heightMethod":"No supplied height"},"geometry":{"type":"Polygon","coordinates":[[[-100.45706312787554,20.697214080867866],[-100.45706041905348,20.69711880251353],[-100.45689155963979,20.69712301467358],[-100.45689426846188,20.697218293025273],[-100.45706312787554,20.697214080867866]]]},"id":"microsoft-023310003-71253"},{"type":"Feature","properties":{"height":-1,"confidence":-1,"footprintSource":"Microsoft Global ML Building Footprints","footprintMethod":"AI detected from imagery; not surveyed","heightMethod":"No supplied height"},"geometry":{"type":"Polygon","coordinates":[[[-100.45751656844942,20.702648642805997],[-100.4575578236164,20.702768172659248],[-100.45761855022369,20.702749836567207],[-100.45765336389347,20.70285070321306],[-100.45781224736001,20.702802718773015],[-100.45773619221461,20.702582314079038],[-100.45751656844942,20.702648642805997]]]},"id":"microsoft-023310003-71255"},{"type":"Feature","properties":{"height":-1,"confidence":-1,"footprintSource":"Microsoft Global ML Building Footprints","footprintMethod":"AI detected from imagery; not surveyed","heightMethod":"No supplied height"},"geometry":{"type":"Polygon","coordinates":[[[-100.4489714811047,20.696983147021015],[-100.44894430658391,20.69691482276525],[-100.44887362473118,20.696939423499174],[-100.44890079925199,20.697007747743882],[-100.4489714811047,20.696983147021015]]]},"id":"microsoft-023310003-72577"},{"type":"Feature","properties":{"height":-1,"confidence":-1,"footprintSource":"Microsoft Global ML Building Footprints","footprintMethod":"AI detected from imagery; not surveyed","heightMethod":"No supplied height"},"geometry":{"type":"Polygon","coordinates":[[[-100.45234280238544,20.697080340608977],[-100.45257978115669,20.69698704622334],[-100.45261046754985,20.697055256910033],[-100.45256489470921,20.697073198134433],[-100.45259558110234,20.697141408782386],[-100.45270951320391,20.697096555737588],[-100.4526433456687,20.696949476446207],[-100.45268663986731,20.696932432269165],[-100.45263869237803,20.696825852971415],[-100.45255893990692,20.696857250160207],[-100.45255318620823,20.696844460642083],[-100.4523835982932,20.696911224498265],[-100.45239702169337,20.696941067439127],[-100.4522977317455,20.69698015616889],[-100.45234280238544,20.697080340608977]]]},"id":"microsoft-023310003-72603"},{"type":"Feature","properties":{"height":-1,"confidence":-1,"footprintSource":"Microsoft Global ML Building Footprints","footprintMethod":"AI detected from imagery; not surveyed","heightMethod":"No supplied height"},"geometry":{"type":"Polygon","coordinates":[[[-100.43576371718724,20.697575822136926],[-100.4357703208068,20.697685875599433],[-100.43588916098275,20.697679635512245],[-100.43588510372493,20.69761210297689],[-100.43583430201373,20.697614770486],[-100.43583174744397,20.697572249986067],[-100.43576371718724,20.697575822136926]]]},"id":"microsoft-023310003-73898"},{"type":"Feature","properties":{"height":-1,"confidence":-1,"footprintSource":"Microsoft Global ML Building Footprints","footprintMethod":"AI detected from imagery; not surveyed","heightMethod":"No supplied height"},"geometry":{"type":"Polygon","coordinates":[[[-100.44860794078657,20.69739702368473],[-100.44856140227365,20.6974140348446],[-100.44859595340631,20.697496751163442],[-100.4486424919192,20.697479740012824],[-100.44860794078657,20.69739702368473]]]},"id":"microsoft-023310003-73945"},{"type":"Feature","properties":{"height":-1,"confidence":-1,"footprintSource":"Microsoft Global ML Building Footprints","footprintMethod":"AI detected from imagery; not surveyed","heightMethod":"No supplied height"},"geometry":{"type":"Polygon","coordinates":[[[-100.4488460567315,20.697400319515168],[-100.44848326373744,20.696359303062863],[-100.44837758196448,20.696391539686445],[-100.44874044535905,20.697432534442996],[-100.4488460567315,20.697400319515168]]]},"id":"microsoft-023310003-73947"},{"type":"Feature","properties":{"height":-1,"confidence":-1,"footprintSource":"Microsoft Global ML Building Footprints","footprintMethod":"AI detected from imagery; not surveyed","heightMethod":"No supplied height"},"geometry":{"type":"Polygon","coordinates":[[[-100.44911306426789,20.698355037131137],[-100.4490912925715,20.69825375082118],[-100.44903319207995,20.698264679477916],[-100.44907862466053,20.69847596734492],[-100.44913670917259,20.698465037906274],[-100.44913722753932,20.69846744944988],[-100.44918999315013,20.6984575208387],[-100.44916582250916,20.69834511335344],[-100.44911306426789,20.698355037131137]]]},"id":"microsoft-023310003-73949"},{"type":"Feature","properties":{"height":-1,"confidence":-1,"footprintSource":"Microsoft Global ML Building Footprints","footprintMethod":"AI detected from imagery; not surveyed","heightMethod":"No supplied height"},"geometry":{"type":"Polygon","coordinates":[[[-100.44975107989518,20.700724074281112],[-100.44973457254454,20.700672489050575],[-100.44968910771476,20.700685222931128],[-100.44970561773312,20.70073680443373],[-100.44975107989518,20.700724074281112]]]},"id":"microsoft-023310003-73954"},{"type":"Feature","properties":{"height":-1,"confidence":-1,"footprintSource":"Microsoft Global ML Building Footprints","footprintMethod":"AI detected from imagery; not surveyed","heightMethod":"No supplied height"},"geometry":{"type":"Polygon","coordinates":[[[-100.45205634557757,20.69603408641538],[-100.45191326983308,20.696084802056234],[-100.45193589288552,20.696140663680225],[-100.45207897194751,20.696089956249807],[-100.45205634557757,20.69603408641538]]]},"id":"microsoft-023310003-73966"},{"type":"Feature","properties":{"height":-1,"confidence":-1,"footprintSource":"Microsoft Global ML Building Footprints","footprintMethod":"AI detected from imagery; not surveyed","heightMethod":"No supplied height"},"geometry":{"type":"Polygon","coordinates":[[[-100.45388208990771,20.698229805938595],[-100.45387306090639,20.69828625103959],[-100.45381272116322,20.69827780481853],[-100.4538021219008,20.69834406643571],[-100.45386246164395,20.698352512653102],[-100.45385421777318,20.698404049443596],[-100.45394341565441,20.698416535151154],[-100.45397128778893,20.698242291660506],[-100.45388208990771,20.698229805938595]]]},"id":"microsoft-023310003-73975"},{"type":"Feature","properties":{"height":-1,"confidence":-1,"footprintSource":"Microsoft Global ML Building Footprints","footprintMethod":"AI detected from imagery; not surveyed","heightMethod":"No supplied height"},"geometry":{"type":"Polygon","coordinates":[[[-100.4481986527737,20.69788794382532],[-100.44820688150364,20.69794460720722],[-100.44823465625812,20.69794107758665],[-100.44824587139594,20.69801834527523],[-100.44829184372787,20.69801250611603],[-100.4482992265697,20.69806334463594],[-100.44833489349453,20.698058812080532],[-100.44832023230937,20.697957802561575],[-100.44827809421255,20.69796315747753],[-100.44826593615656,20.69787939343813],[-100.4481986527737,20.69788794382532]]]},"id":"microsoft-023310003-75285"},{"type":"Feature","properties":{"height":-1,"confidence":-1,"footprintSource":"Microsoft Global ML Building Footprints","footprintMethod":"AI detected from imagery; not surveyed","heightMethod":"No supplied height"},"geometry":{"type":"Polygon","coordinates":[[[-100.44927633011248,20.701310078037338],[-100.44940232514338,20.70126275409143],[-100.44934333169846,20.70112531675271],[-100.44921734247453,20.70117263031186],[-100.44927633011248,20.701310078037338]]]},"id":"microsoft-023310003-75292"},{"type":"Feature","properties":{"height":-1,"confidence":-1,"footprintSource":"Microsoft Global ML Building Footprints","footprintMethod":"AI detected from imagery; not surveyed","heightMethod":"No supplied height"},"geometry":{"type":"Polygon","coordinates":[[[-100.45521208678218,20.70078134418752],[-100.45521004387166,20.700867751231883],[-100.45526634272306,20.70086891597593],[-100.45526838554649,20.700782512616314],[-100.45521208678218,20.70078134418752]]]},"id":"microsoft-023310003-75334"},{"type":"Feature","properties":{"height":-1,"confidence":-1,"footprintSource":"Microsoft Global ML Building Footprints","footprintMethod":"AI detected from imagery; not surveyed","heightMethod":"No supplied height"},"geometry":{"type":"Polygon","coordinates":[[[-100.45666526463566,20.71643763478717],[-100.4567223867505,20.71644129193396],[-100.45672577937943,20.716394884879378],[-100.45666866044854,20.71639123167452],[-100.45666526463566,20.71643763478717]]]},"id":"microsoft-023310003-75341"},{"type":"Feature","properties":{"height":-1,"confidence":-1,"footprintSource":"Microsoft Global ML Building Footprints","footprintMethod":"AI detected from imagery; not surveyed","heightMethod":"No supplied height"},"geometry":{"type":"Polygon","coordinates":[[[-100.43652153714086,20.699717313046747],[-100.43659921229754,20.699714592331432],[-100.43659730674872,20.699666986907758],[-100.43651963159202,20.69966970762391],[-100.43652153714086,20.699717313046747]]]},"id":"microsoft-023310003-76637"},{"type":"Feature","properties":{"height":-1,"confidence":-1,"footprintSource":"Microsoft Global ML Building Footprints","footprintMethod":"AI detected from imagery; not surveyed","heightMethod":"No supplied height"},"geometry":{"type":"Polygon","coordinates":[[[-100.4488381114433,20.69613644478318],[-100.44904052870815,20.696144303645227],[-100.44904519613713,20.696039101773195],[-100.44897825621771,20.696036502825194],[-100.44897958976884,20.69600644513355],[-100.44892603783332,20.696004365974673],[-100.44892537105773,20.696019394821448],[-100.44884343666801,20.69601621371143],[-100.4488381114433,20.69613644478318]]]},"id":"microsoft-023310003-76694"},{"type":"Feature","properties":{"height":-1,"confidence":-1,"footprintSource":"Microsoft Global ML Building Footprints","footprintMethod":"AI detected from imagery; not surveyed","heightMethod":"No supplied height"},"geometry":{"type":"Polygon","coordinates":[[[-100.4492978828494,20.698370132473258],[-100.44929287777585,20.6983382008938],[-100.44926277370503,20.6983423300411],[-100.44926777643977,20.698374261940458],[-100.4492978828494,20.698370132473258]]]},"id":"microsoft-023310003-76702"},{"type":"Feature","properties":{"height":-1,"confidence":-1,"footprintSource":"Microsoft Global ML Building Footprints","footprintMethod":"AI detected from imagery; not surveyed","heightMethod":"No supplied height"},"geometry":{"type":"Polygon","coordinates":[[[-100.45186373091092,20.699062441338356],[-100.45196416325162,20.699029669506572],[-100.45193625392459,20.698954824390356],[-100.45191712437129,20.698961067764245],[-100.45190165880707,20.69891959337309],[-100.45182035643603,20.698946122970995],[-100.45186373091092,20.699062441338356]]]},"id":"microsoft-023310003-76721"},{"type":"Feature","properties":{"height":-1,"confidence":-1,"footprintSource":"Microsoft Global ML Building Footprints","footprintMethod":"AI detected from imagery; not surveyed","heightMethod":"No supplied height"},"geometry":{"type":"Polygon","coordinates":[[[-100.45428334051175,20.702807070118794],[-100.45426058991309,20.702741182710128],[-100.4541901542568,20.70276246423559],[-100.45425605254259,20.702953310417357],[-100.45431920175169,20.702934230453167],[-100.4542909596292,20.702852439251515],[-100.45432496304947,20.70284216541812],[-100.45431005748483,20.70279899781876],[-100.45428334051175,20.702807070118794]]]},"id":"microsoft-023310003-76735"},{"type":"Feature","properties":{"height":-1,"confidence":-1,"footprintSource":"Microsoft Global ML Building Footprints","footprintMethod":"AI detected from imagery; not surveyed","heightMethod":"No supplied height"},"geometry":{"type":"Polygon","coordinates":[[[-100.45434797052765,20.699159747796287],[-100.45430192494263,20.699000803652808],[-100.45417199222591,20.69903374209447],[-100.45421803781093,20.699192686203432],[-100.45434797052765,20.699159747796287]]]},"id":"microsoft-023310003-76736"},{"type":"Feature","properties":{"height":-1,"confidence":-1,"footprintSource":"Microsoft Global ML Building Footprints","footprintMethod":"AI detected from imagery; not surveyed","heightMethod":"No supplied height"},"geometry":{"type":"Polygon","coordinates":[[[-100.45539046177741,20.718378812375875],[-100.45534724862632,20.718347146246288],[-100.45536417639835,20.71832693694951],[-100.45535919026551,20.718323283164395],[-100.45529017704115,20.718405674897966],[-100.45533837632505,20.718440994797646],[-100.45539046177741,20.718378812375875]]]},"id":"microsoft-023310003-76742"},{"type":"Feature","properties":{"height":-1,"confidence":-1,"footprintSource":"Microsoft Global ML Building Footprints","footprintMethod":"AI detected from imagery; not surveyed","heightMethod":"No supplied height"},"geometry":{"type":"Polygon","coordinates":[[[-100.44902355836508,20.700227241641542],[-100.44900754942006,20.70023478386807],[-100.44897671247492,20.700177508372875],[-100.44890396691035,20.70021177592845],[-100.44894599231674,20.700289832468783],[-100.44903474603612,20.700248024125685],[-100.44902355836508,20.700227241641542]]]},"id":"microsoft-023310003-78075"},{"type":"Feature","properties":{"height":-1,"confidence":-1,"footprintSource":"Microsoft Global ML Building Footprints","footprintMethod":"AI detected from imagery; not surveyed","heightMethod":"No supplied height"},"geometry":{"type":"Polygon","coordinates":[[[-100.44953310273387,20.695313148612215],[-100.44953091344925,20.695406937237394],[-100.44964619346759,20.695409292113965],[-100.4496483829283,20.695315495946133],[-100.44953310273387,20.695313148612215]]]},"id":"microsoft-023310003-78080"},{"type":"Feature","properties":{"height":-1,"confidence":-1,"footprintSource":"Microsoft Global ML Building Footprints","footprintMethod":"AI detected from imagery; not surveyed","heightMethod":"No supplied height"},"geometry":{"type":"Polygon","coordinates":[[[-100.44965264527683,20.694871908924213],[-100.44943292597618,20.694865377842433],[-100.44942929845936,20.694972174431086],[-100.44964901824817,20.69497869113711],[-100.44965264527683,20.694871908924213]]]},"id":"microsoft-023310003-78081"},{"type":"Feature","properties":{"height":-1,"confidence":-1,"footprintSource":"Microsoft Global ML Building Footprints","footprintMethod":"AI detected from imagery; not surveyed","heightMethod":"No supplied height"},"geometry":{"type":"Polygon","coordinates":[[[-100.45092103213995,20.70444621128972],[-100.45085867727715,20.704393827322747],[-100.45081734022679,20.704436878783454],[-100.45087969508957,20.70448926273555],[-100.45092103213995,20.70444621128972]]]},"id":"microsoft-023310003-78099"},{"type":"Feature","properties":{"height":-1,"confidence":-1,"footprintSource":"Microsoft Global ML Building Footprints","footprintMethod":"AI detected from imagery; not surveyed","heightMethod":"No supplied height"},"geometry":{"type":"Polygon","coordinates":[[[-100.45121725375337,20.702649757106414],[-100.45128864260144,20.70267686040944],[-100.45128023072554,20.702696247886735],[-100.45133780237721,20.70271810538287],[-100.45142285578912,20.702522076359685],[-100.45135607267319,20.70249672163108],[-100.4513177519052,20.702585042445932],[-100.45125557452137,20.702561436329262],[-100.45121725375337,20.702649757106414]]]},"id":"microsoft-023310003-78102"},{"type":"Feature","properties":{"height":-1,"confidence":-1,"footprintSource":"Microsoft Global ML Building Footprints","footprintMethod":"AI detected from imagery; not surveyed","heightMethod":"No supplied height"},"geometry":{"type":"Polygon","coordinates":[[[-100.45339991336188,20.695645167128788],[-100.45341406982553,20.69544908885878],[-100.45338305517039,20.69544712932087],[-100.4533874682504,20.695385941196093],[-100.4531942040701,20.69537374321372],[-100.45317562982338,20.695631011365506],[-100.45339991336188,20.695645167128788]]]},"id":"microsoft-023310003-78116"},{"type":"Feature","properties":{"height":-1,"confidence":-1,"footprintSource":"Microsoft Global ML Building Footprints","footprintMethod":"AI detected from imagery; not surveyed","heightMethod":"No supplied height"},"geometry":{"type":"Polygon","coordinates":[[[-100.45578547465809,20.705602271413625],[-100.45573302242781,20.70561726061534],[-100.45575026021933,20.70567004074576],[-100.45580271606153,20.705655050517095],[-100.45578547465809,20.705602271413625]]]},"id":"microsoft-023310003-78133"},{"type":"Feature","properties":{"height":-1,"confidence":-1,"footprintSource":"Microsoft Global ML Building Footprints","footprintMethod":"AI detected from imagery; not surveyed","heightMethod":"No supplied height"},"geometry":{"type":"Polygon","coordinates":[[[-100.45631281512014,20.717996524537355],[-100.45633405300897,20.71801945980343],[-100.45638088894725,20.717981517890962],[-100.45635965203904,20.717958581824732],[-100.45631281512014,20.717996524537355]]]},"id":"microsoft-023310003-78137"},{"type":"Feature","properties":{"height":-1,"confidence":-1,"footprintSource":"Microsoft Global ML Building Footprints","footprintMethod":"AI detected from imagery; not surveyed","heightMethod":"No supplied height"},"geometry":{"type":"Polygon","coordinates":[[[-100.43524280190468,20.698944124649188],[-100.43519586324692,20.698988033435796],[-100.43524816632271,20.69903696035449],[-100.43529510498047,20.69899305158205],[-100.43524280190468,20.698944124649188]]]},"id":"microsoft-023310003-79423"},{"type":"Feature","properties":{"height":-1,"confidence":-1,"footprintSource":"Microsoft Global ML Building Footprints","footprintMethod":"AI detected from imagery; not surveyed","heightMethod":"No supplied height"},"geometry":{"type":"Polygon","coordinates":[[[-100.44825116738879,20.69910723343203],[-100.44837887804289,20.699070970281994],[-100.44833415896208,20.69893312379513],[-100.44827275960915,20.698950558018794],[-100.44825365213917,20.698891659245163],[-100.44818733954838,20.69891048423642],[-100.44825116738879,20.69910723343203]]]},"id":"microsoft-023310003-79468"},{"type":"Feature","properties":{"height":-1,"confidence":-1,"footprintSource":"Microsoft Global ML Building Footprints","footprintMethod":"AI detected from imagery; not surveyed","heightMethod":"No supplied height"},"geometry":{"type":"Polygon","coordinates":[[[-100.45282752683994,20.71662754391454],[-100.4528824651763,20.71666436438194],[-100.4529078649535,20.716631212063135],[-100.45285292661714,20.716594391587634],[-100.45282752683994,20.71662754391454]]]},"id":"microsoft-023310003-79494"},{"type":"Feature","properties":{"height":-1,"confidence":-1,"footprintSource":"Microsoft Global ML Building Footprints","footprintMethod":"AI detected from imagery; not surveyed","heightMethod":"No supplied height"},"geometry":{"type":"Polygon","coordinates":[[[-100.45345996425844,20.696316792303932],[-100.45349926029556,20.696414636688573],[-100.45356037040617,20.69639315526102],[-100.45352107577715,20.696295314368626],[-100.45345996425844,20.696316792303932]]]},"id":"microsoft-023310003-79498"},{"type":"Feature","properties":{"height":-1,"confidence":-1,"footprintSource":"Microsoft Global ML Building Footprints","footprintMethod":"AI detected from imagery; not surveyed","heightMethod":"No supplied height"},"geometry":{"type":"Polygon","coordinates":[[[-100.4556231064748,20.703989679281506],[-100.45556914246774,20.704005114797496],[-100.4556093025785,20.704127997250794],[-100.45566326764154,20.70411256497833],[-100.4556231064748,20.703989679281506]]]},"id":"microsoft-023310003-79506"},{"type":"Feature","properties":{"height":-1,"confidence":-1,"footprintSource":"Microsoft Global ML Building Footprints","footprintMethod":"AI detected from imagery; not surveyed","heightMethod":"No supplied height"},"geometry":{"type":"Polygon","coordinates":[[[-100.45769455879008,20.694951639515367],[-100.45780694620244,20.695003250742303],[-100.45786677916439,20.69488924767151],[-100.45771333136942,20.694818770343403],[-100.45768214479857,20.694878191889998],[-100.45772320942999,20.694897049849487],[-100.45769455879008,20.694951639515367]]]},"id":"microsoft-023310003-79517"},{"type":"Feature","properties":{"height":-1,"confidence":-1,"footprintSource":"Microsoft Global ML Building Footprints","footprintMethod":"AI detected from imagery; not surveyed","heightMethod":"No supplied height"},"geometry":{"type":"Polygon","coordinates":[[[-100.44079273822787,20.69535397317337],[-100.44076929651307,20.69527473118194],[-100.44062479472177,20.695312139634282],[-100.44065995729395,20.695431002576612],[-100.44069732844687,20.695421327985315],[-100.44068560758947,20.695381707012373],[-100.44079273822787,20.69535397317337]]]},"id":"microsoft-023310003-80863"},{"type":"Feature","properties":{"height":-1,"confidence":-1,"footprintSource":"Microsoft Global ML Building Footprints","footprintMethod":"AI detected from imagery; not surveyed","heightMethod":"No supplied height"},"geometry":{"type":"Polygon","coordinates":[[[-100.44965896096743,20.696462389209458],[-100.44971079409422,20.696468042989338],[-100.44972017463283,20.696392785062443],[-100.4496683355338,20.69638713402236],[-100.44965896096743,20.696462389209458]]]},"id":"microsoft-023310003-80908"},{"type":"Feature","properties":{"height":-1,"confidence":-1,"footprintSource":"Microsoft Global ML Building Footprints","footprintMethod":"AI detected from imagery; not surveyed","heightMethod":"No supplied height"},"geometry":{"type":"Polygon","coordinates":[[[-100.44984808267998,20.69761794396048],[-100.44964968321537,20.697621762884438],[-100.44965448280294,20.697839961673267],[-100.44985288226752,20.69783614275481],[-100.44984808267998,20.69761794396048]]]},"id":"microsoft-023310003-80909"},{"type":"Feature","properties":{"height":-1,"confidence":-1,"footprintSource":"Microsoft Global ML Building Footprints","footprintMethod":"AI detected from imagery; not surveyed","heightMethod":"No supplied height"},"geometry":{"type":"Polygon","coordinates":[[[-100.45122931815887,20.701671651688955],[-100.4511378402295,20.701685510348923],[-100.45114757594853,20.701741743059316],[-100.45110314381141,20.701748474405477],[-100.45109594784519,20.701706911101653],[-100.45100039478744,20.701721387129183],[-100.45101562688703,20.70180940448759],[-100.4510066401569,20.701810765951848],[-100.45101849233656,20.701879223105166],[-100.45108383371468,20.701869324075133],[-100.45106986507437,20.701788642421576],[-100.45109861528074,20.701784286845836],[-100.45110708112333,20.701833184824224],[-100.45113844498484,20.70182843328844],[-100.45114394778254,20.70186021696692],[-100.451258948608,20.701842794671407],[-100.45122931815887,20.701671651688955]]]},"id":"microsoft-023310003-80921"},{"type":"Feature","properties":{"height":-1,"confidence":-1,"footprintSource":"Microsoft Global ML Building Footprints","footprintMethod":"AI detected from imagery; not surveyed","heightMethod":"No supplied height"},"geometry":{"type":"Polygon","coordinates":[[[-100.45136606863527,20.70111069210516],[-100.45133658667035,20.701019815237416],[-100.45133658667035,20.701019815237416],[-100.45131124536508,20.700941701728382],[-100.45123019664297,20.70096470973965],[-100.45126266194902,20.701064782659344],[-100.45122091038903,20.70107663776497],[-100.45124326992942,20.70114556004974],[-100.45136606863527,20.70111069210516]]]},"id":"microsoft-023310003-80923"},{"type":"Feature","properties":{"height":-1,"confidence":-1,"footprintSource":"Microsoft Global ML Building Footprints","footprintMethod":"AI detected from imagery; not surveyed","heightMethod":"No supplied height"},"geometry":{"type":"Polygon","coordinates":[[[-100.45219265120663,20.69767597604671],[-100.4521434660285,20.697712667374958],[-100.45219053756585,20.697767880175263],[-100.45223972274398,20.697731188860402],[-100.45219265120663,20.69767597604671]]]},"id":"microsoft-023310003-80927"},{"type":"Feature","properties":{"height":-1,"confidence":-1,"footprintSource":"Microsoft Global ML Building Footprints","footprintMethod":"AI detected from imagery; not surveyed","heightMethod":"No supplied height"},"geometry":{"type":"Polygon","coordinates":[[[-100.45278382738479,20.695749090588777],[-100.45274725837454,20.69581381268219],[-100.45287514895587,20.69587703949591],[-100.45291171796613,20.695812317429514],[-100.45278382738479,20.695749090588777]]]},"id":"microsoft-023310003-80930"},{"type":"Feature","properties":{"height":-1,"confidence":-1,"footprintSource":"Microsoft Global ML Building Footprints","footprintMethod":"AI detected from imagery; not surveyed","heightMethod":"No supplied height"},"geometry":{"type":"Polygon","coordinates":[[[-100.45723686777447,20.6977047771598],[-100.4572400866046,20.697788969554253],[-100.45732045028434,20.697786286171066],[-100.45731723125331,20.697702088520302],[-100.45723686777447,20.6977047771598]]]},"id":"microsoft-023310003-80961"},{"type":"Feature","properties":{"height":-1,"confidence":-1,"footprintSource":"Microsoft Global ML Building Footprints","footprintMethod":"AI detected from imagery; not surveyed","heightMethod":"No supplied height"},"geometry":{"type":"Polygon","coordinates":[[[-100.4422447925915,20.69565651988998],[-100.44221049941345,20.69555360946832],[-100.4416188944412,20.695726130037144],[-100.44165318761927,20.695829040341778],[-100.4422447925915,20.69565651988998]]]},"id":"microsoft-023310003-82199"},{"type":"Feature","properties":{"height":-1,"confidence":-1,"footprintSource":"Microsoft Global ML Building Footprints","footprintMethod":"AI detected from imagery; not surveyed","heightMethod":"No supplied height"},"geometry":{"type":"Polygon","coordinates":[[[-100.45007223657747,20.697878543974028],[-100.45004948198078,20.69781265712146],[-100.44991104515235,20.69785449503445],[-100.44993379974903,20.697920381868855],[-100.45007223657747,20.697878543974028]]]},"id":"microsoft-023310003-82229"},{"type":"Feature","properties":{"height":-1,"confidence":-1,"footprintSource":"Microsoft Global ML Building Footprints","footprintMethod":"AI detected from imagery; not surveyed","heightMethod":"No supplied height"},"geometry":{"type":"Polygon","coordinates":[[[-100.45031063531918,20.696147548567595],[-100.4503060827378,20.696227613859847],[-100.45021514492478,20.696223088894328],[-100.45021215729325,20.696275631720965],[-100.45036461186214,20.696283217689867],[-100.45037215207503,20.696150609575213],[-100.45031063531918,20.696147548567595]]]},"id":"microsoft-023310003-82232"},{"type":"Feature","properties":{"height":-1,"confidence":-1,"footprintSource":"Microsoft Global ML Building Footprints","footprintMethod":"AI detected from imagery; not surveyed","heightMethod":"No supplied height"},"geometry":{"type":"Polygon","coordinates":[[[-100.4511590564194,20.701580687544748],[-100.45114582442805,20.701521658166953],[-100.4512049178586,20.70151007097894],[-100.45118474741557,20.701420088349096],[-100.45107799188645,20.70144102824196],[-100.45111138281078,20.701590038622356],[-100.4511590564194,20.701580687544748]]]},"id":"microsoft-023310003-82238"},{"type":"Feature","properties":{"height":-1,"confidence":-1,"footprintSource":"Microsoft Global ML Building Footprints","footprintMethod":"AI detected from imagery; not surveyed","heightMethod":"No supplied height"},"geometry":{"type":"Polygon","coordinates":[[[-100.44807058454751,20.695348175200564],[-100.44816637498897,20.695375362804],[-100.44819048548533,20.695301006148995],[-100.4480946931816,20.695273824275446],[-100.44807058454751,20.695348175200564]]]},"id":"microsoft-023310003-83538"},{"type":"Feature","properties":{"height":-1,"confidence":-1,"footprintSource":"Microsoft Global ML Building Footprints","footprintMethod":"AI detected from imagery; not surveyed","heightMethod":"No supplied height"},"geometry":{"type":"Polygon","coordinates":[[[-100.4542223474265,20.699486716509412],[-100.45400964532878,20.699532518401313],[-100.45403192685089,20.69962306485398],[-100.45401409621356,20.699626904385],[-100.45403227324474,20.699700771186073],[-100.45412397366532,20.699681025035105],[-100.45411048748089,20.699626220630634],[-100.45424931200714,20.699596327076435],[-100.4542223474265,20.699486716509412]]]},"id":"microsoft-023310003-83577"},{"type":"Feature","properties":{"height":-1,"confidence":-1,"footprintSource":"Microsoft Global ML Building Footprints","footprintMethod":"AI detected from imagery; not surveyed","heightMethod":"No supplied height"},"geometry":{"type":"Polygon","coordinates":[[[-100.45069943469016,20.69855691371515],[-100.45065366358202,20.69856693764538],[-100.45066939547874,20.698629798202916],[-100.45077873926894,20.698605858943125],[-100.45075229008322,20.698500174861422],[-100.45068871909969,20.69851409699173],[-100.45069943469016,20.69855691371515]]]},"id":"microsoft-023310003-84925"},{"type":"Feature","properties":{"height":-1,"confidence":-1,"footprintSource":"Microsoft Global ML Building Footprints","footprintMethod":"AI detected from imagery; not surveyed","heightMethod":"No supplied height"},"geometry":{"type":"Polygon","coordinates":[[[-100.45107918593345,20.700378195632595],[-100.45103151477561,20.700242284053473],[-100.45098191798552,20.700257506582957],[-100.45102959832363,20.700393415330737],[-100.45107918593345,20.700378195632595]]]},"id":"microsoft-023310003-84927"},{"type":"Feature","properties":{"height":-1,"confidence":-1,"footprintSource":"Microsoft Global ML Building Footprints","footprintMethod":"AI detected from imagery; not surveyed","heightMethod":"No supplied height"},"geometry":{"type":"Polygon","coordinates":[[[-100.45133573798206,20.700245021714537],[-100.45132459978426,20.70018666469558],[-100.45126615764929,20.700196425426697],[-100.45127730007835,20.700254781735197],[-100.45133573798206,20.700245021714537]]]},"id":"microsoft-023310003-84928"},{"type":"Feature","properties":{"height":-1,"confidence":-1,"footprintSource":"Microsoft Global ML Building Footprints","footprintMethod":"AI detected from imagery; not surveyed","heightMethod":"No supplied height"},"geometry":{"type":"Polygon","coordinates":[[[-100.45134614726166,20.70066833576611],[-100.45138211667026,20.70066128039977],[-100.45138858149679,20.700690120872878],[-100.45145538182703,20.700677018051294],[-100.45142629010769,20.700547235867916],[-100.45138261296869,20.700555803104862],[-100.45137345446446,20.700514945730177],[-100.45132977732545,20.700523512968942],[-100.45135078801162,20.70061724457163],[-100.45133537255079,20.700620268300995],[-100.45134614726166,20.70066833576611]]]},"id":"microsoft-023310003-84929"},{"type":"Feature","properties":{"height":-1,"confidence":-1,"footprintSource":"Microsoft Global ML Building Footprints","footprintMethod":"AI detected from imagery; not surveyed","heightMethod":"No supplied height"},"geometry":{"type":"Polygon","coordinates":[[[-100.45219417316632,20.700034639811207],[-100.45223242242241,20.700026491139525],[-100.45223850115471,20.700051459188387],[-100.4523175508152,20.700034623521844],[-100.45228591855444,20.699904695741296],[-100.45225276919913,20.69991175792913],[-100.45226059047053,20.699943883382275],[-100.45217644083193,20.69996180523151],[-100.45219417316632,20.700034639811207]]]},"id":"microsoft-023310003-84933"},{"type":"Feature","properties":{"height":-1,"confidence":-1,"footprintSource":"Microsoft Global ML Building Footprints","footprintMethod":"AI detected from imagery; not surveyed","heightMethod":"No supplied height"},"geometry":{"type":"Polygon","coordinates":[[[-100.45235706157781,20.69649652727645],[-100.45216398037569,20.69658687558929],[-100.45224984229138,20.696747427258387],[-100.45229399385491,20.696726767483653],[-100.45229077439338,20.696720746629737],[-100.45238517229107,20.696676575152267],[-100.45231920614869,20.696553208934517],[-100.45237372861986,20.696527692713815],[-100.45235706157781,20.69649652727645]]]},"id":"microsoft-023310003-84934"},{"type":"Feature","properties":{"height":-1,"confidence":-1,"footprintSource":"Microsoft Global ML Building Footprints","footprintMethod":"AI detected from imagery; not surveyed","heightMethod":"No supplied height"},"geometry":{"type":"Polygon","coordinates":[[[-100.4543811341804,20.704493261822023],[-100.45427185739925,20.704419423252716],[-100.45419801351473,20.704515047759827],[-100.45434846308424,20.704616706802312],[-100.45437835501967,20.70457800187455],[-100.45444645484709,20.70462402149714],[-100.45446622072353,20.704598425601063],[-100.454508521413,20.70462700824355],[-100.45459764334261,20.70451159943339],[-100.45444606587198,20.704409178194837],[-100.4543811341804,20.704493261822023]]]},"id":"microsoft-023310003-84940"},{"type":"Feature","properties":{"height":-1,"confidence":-1,"footprintSource":"Microsoft Global ML Building Footprints","footprintMethod":"AI detected from imagery; not surveyed","heightMethod":"No supplied height"},"geometry":{"type":"Polygon","coordinates":[[[-100.45538710075076,20.702024399410448],[-100.4553792410602,20.701956318858237],[-100.45529024731701,20.701965303165522],[-100.45527679880378,20.701848736684028],[-100.45516163318213,20.701860363164954],[-100.45518295153214,20.702045022521773],[-100.45538710075076,20.702024399410448]]]},"id":"microsoft-023310003-84946"},{"type":"Feature","properties":{"height":-1,"confidence":-1,"footprintSource":"Microsoft Global ML Building Footprints","footprintMethod":"AI detected from imagery; not surveyed","heightMethod":"No supplied height"},"geometry":{"type":"Polygon","coordinates":[[[-100.45704702518243,20.70049336701645],[-100.45715297479076,20.70075429880835],[-100.45736628193747,20.700678509220978],[-100.45733244928942,20.700595186471062],[-100.45724337597541,20.700626834892176],[-100.4572139949916,20.700554475639933],[-100.45726321971776,20.700536985715473],[-100.45722048374131,20.70043173582023],[-100.45704702518243,20.70049336701645]]]},"id":"microsoft-023310003-84956"},{"type":"Feature","properties":{"height":-1,"confidence":-1,"footprintSource":"Microsoft Global ML Building Footprints","footprintMethod":"AI detected from imagery; not surveyed","heightMethod":"No supplied height"},"geometry":{"type":"Polygon","coordinates":[[[-100.44996477970605,20.700591889916865],[-100.44989431042507,20.700602856559144],[-100.44988432373314,20.700546702639798],[-100.44980986974285,20.700558289398003],[-100.44983634534381,20.70070722098845],[-100.44990037028346,20.700697257240904],[-100.4499081859554,20.700741203744627],[-100.44995516547606,20.70073389265653],[-100.44996732318793,20.70080225386249],[-100.45000125284174,20.700796973634368],[-100.44996477970605,20.700591889916865]]]},"id":"microsoft-023310003-86249"},{"type":"Feature","properties":{"height":-1,"confidence":-1,"footprintSource":"Microsoft Global ML Building Footprints","footprintMethod":"AI detected from imagery; not surveyed","heightMethod":"No supplied height"},"geometry":{"type":"Polygon","coordinates":[[[-100.45011268866307,20.696273769198697],[-100.45019564115393,20.696277543801585],[-100.45020011408778,20.69619139821414],[-100.45011716131556,20.696187629027392],[-100.45011268866307,20.696273769198697]]]},"id":"microsoft-023310003-86250"},{"type":"Feature","properties":{"height":-1,"confidence":-1,"footprintSource":"Microsoft Global ML Building Footprints","footprintMethod":"AI detected from imagery; not surveyed","heightMethod":"No supplied height"},"geometry":{"type":"Polygon","coordinates":[[[-100.45185142358771,20.699736332072376],[-100.45189303826554,20.69972654278925],[-100.45187308213555,20.699652307698102],[-100.45177217652338,20.699676050978553],[-100.45180326054383,20.699791680833385],[-100.45186255508,20.699777728728534],[-100.45185142358771,20.699736332072376]]]},"id":"microsoft-023310003-86258"},{"type":"Feature","properties":{"height":-1,"confidence":-1,"footprintSource":"Microsoft Global ML Building Footprints","footprintMethod":"AI detected from imagery; not surveyed","heightMethod":"No supplied height"},"geometry":{"type":"Polygon","coordinates":[[[-100.4365054812124,20.70144358328801],[-100.4365008436767,20.701319864734884],[-100.43641511838845,20.70132267656622],[-100.43641975613427,20.70144640072256],[-100.4365054812124,20.70144358328801]]]},"id":"microsoft-023310003-87530"},{"type":"Feature","properties":{"height":-1,"confidence":-1,"footprintSource":"Microsoft Global ML Building Footprints","footprintMethod":"AI detected from imagery; not surveyed","heightMethod":"No supplied height"},"geometry":{"type":"Polygon","coordinates":[[[-100.43701175076271,20.71073731007472],[-100.43701019624687,20.71040753823482],[-100.43687767303803,20.71045064817571],[-100.43687788991339,20.710495936837063],[-100.43682258857108,20.710496164919874],[-100.43678353088416,20.71050887042084],[-100.43679632396874,20.710508817657512],[-100.43660595197287,20.710570733362246],[-100.43660604078836,20.710589574496552],[-100.436700206658,20.710842895081356],[-100.43673666165985,20.71084274472804],[-100.43682258857108,20.710814792686094],[-100.43677288457889,20.71081499768296],[-100.43701175076271,20.71073731007472]]]},"id":"microsoft-023310003-87531"},{"type":"Feature","properties":{"height":-1,"confidence":-1,"footprintSource":"Microsoft Global ML Building Footprints","footprintMethod":"AI detected from imagery; not surveyed","heightMethod":"No supplied height"},"geometry":{"type":"Polygon","coordinates":[[[-100.4498353509913,20.695159485919646],[-100.449723768045,20.695157045837078],[-100.4497211360826,20.695262371979823],[-100.44974526277971,20.695262899579177],[-100.44974375880122,20.695323085913415],[-100.44970890912761,20.69532232382572],[-100.44970646516254,20.695420126568408],[-100.44982875139578,20.695422800704534],[-100.4498353509913,20.695159485919646]]]},"id":"microsoft-023310003-87600"},{"type":"Feature","properties":{"height":-1,"confidence":-1,"footprintSource":"Microsoft Global ML Building Footprints","footprintMethod":"AI detected from imagery; not surveyed","heightMethod":"No supplied height"},"geometry":{"type":"Polygon","coordinates":[[[-100.45082598922421,20.698727459787662],[-100.4507975777269,20.69860527808271],[-100.45074123510433,20.698616742933638],[-100.45076964660164,20.698738924629367],[-100.45082598922421,20.698727459787662]]]},"id":"microsoft-023310003-87608"},{"type":"Feature","properties":{"height":-1,"confidence":-1,"footprintSource":"Microsoft Global ML Building Footprints","footprintMethod":"AI detected from imagery; not surveyed","heightMethod":"No supplied height"},"geometry":{"type":"Polygon","coordinates":[[[-100.45105454662942,20.697081770008893],[-100.45097890780018,20.697023997453556],[-100.45090589180296,20.69710765279993],[-100.45100245532143,20.697181401160293],[-100.45105969993126,20.697115815326583],[-100.45103877855297,20.69709983568943],[-100.45105454662942,20.697081770008893]]]},"id":"microsoft-023310003-87610"},{"type":"Feature","properties":{"height":-1,"confidence":-1,"footprintSource":"Microsoft Global ML Building Footprints","footprintMethod":"AI detected from imagery; not surveyed","heightMethod":"No supplied height"},"geometry":{"type":"Polygon","coordinates":[[[-100.45143569671443,20.700070135761862],[-100.45137152675976,20.700091658733],[-100.45139112642792,20.700142793146256],[-100.45133170980321,20.700162721813797],[-100.45139562176468,20.70032946432393],[-100.45143602506947,20.700315912845184],[-100.45141604546494,20.700263787259104],[-100.45147669171482,20.70024344221143],[-100.45145406078004,20.700184410957448],[-100.45147660036977,20.700176851054636],[-100.45143569671443,20.700070135761862]]]},"id":"microsoft-023310003-87613"},{"type":"Feature","properties":{"height":-1,"confidence":-1,"footprintSource":"Microsoft Global ML Building Footprints","footprintMethod":"AI detected from imagery; not surveyed","heightMethod":"No supplied height"},"geometry":{"type":"Polygon","coordinates":[[[-100.45257615270599,20.70086591855545],[-100.45261323281761,20.700862010049292],[-100.45261904574491,20.70091026653894],[-100.45264818034522,20.700907197454242],[-100.45263490601238,20.700796999473525],[-100.45256869152732,20.700803978951726],[-100.45257615270599,20.70086591855545]]]},"id":"microsoft-023310003-87622"},{"type":"Feature","properties":{"height":-1,"confidence":-1,"footprintSource":"Microsoft Global ML Building Footprints","footprintMethod":"AI detected from imagery; not surveyed","heightMethod":"No supplied height"},"geometry":{"type":"Polygon","coordinates":[[[-100.45260438525617,20.712596935533327],[-100.45254318615721,20.71262673520191],[-100.45257394640247,20.712682004838996],[-100.45263514550145,20.712652205181286],[-100.45260438525617,20.712596935533327]]]},"id":"microsoft-023310003-87623"},{"type":"Feature","properties":{"height":-1,"confidence":-1,"footprintSource":"Microsoft Global ML Building Footprints","footprintMethod":"AI detected from imagery; not surveyed","heightMethod":"No supplied height"},"geometry":{"type":"Polygon","coordinates":[[[-100.45672899247326,20.70054274253046],[-100.45670842996397,20.70048947060984],[-100.45672266708029,20.700484661856137],[-100.45667982851931,20.700373678624572],[-100.4566133886431,20.700396119490264],[-100.45665365689045,20.700500443714787],[-100.45647569293635,20.700560553118734],[-100.4564988257593,20.700620484000027],[-100.45672899247326,20.70054274253046]]]},"id":"microsoft-023310003-87645"},{"type":"Feature","properties":{"height":-1,"confidence":-1,"footprintSource":"Microsoft Global ML Building Footprints","footprintMethod":"AI detected from imagery; not surveyed","heightMethod":"No supplied height"},"geometry":{"type":"Polygon","coordinates":[[[-100.44870642059152,20.70308013569955],[-100.4486381331289,20.70308944376079],[-100.44864746130516,20.70314932576575],[-100.4487404417935,20.703136657963753],[-100.44874909628047,20.703192241917208],[-100.44885415496444,20.703177921689488],[-100.44884267887674,20.703104215827366],[-100.44892672582392,20.703092759638636],[-100.44891410212745,20.70301168314279],[-100.44883161917491,20.70302292615409],[-100.44881631052459,20.702924652544255],[-100.44876115526631,20.702932170601457],[-100.44876857107077,20.702979776232425],[-100.44869240352487,20.702990153424594],[-100.44870642059152,20.70308013569955]]]},"id":"microsoft-023310003-88988"},{"type":"Feature","properties":{"height":-1,"confidence":-1,"footprintSource":"Microsoft Global ML Building Footprints","footprintMethod":"AI detected from imagery; not surveyed","heightMethod":"No supplied height"},"geometry":{"type":"Polygon","coordinates":[[[-100.44874165384668,20.70256238153131],[-100.44860594754222,20.70258353581947],[-100.44863117146498,20.702725126568396],[-100.44862073251849,20.70272675381969],[-100.44864813091733,20.7028805505162],[-100.4487942761683,20.7028577690196],[-100.44874165384668,20.70256238153131]]]},"id":"microsoft-023310003-88989"},{"type":"Feature","properties":{"height":-1,"confidence":-1,"footprintSource":"Microsoft Global ML Building Footprints","footprintMethod":"AI detected from imagery; not surveyed","heightMethod":"No supplied height"},"geometry":{"type":"Polygon","coordinates":[[[-100.4495381971233,20.697147430401756],[-100.44953360349609,20.697270226052424],[-100.4498899009703,20.69728188976785],[-100.4498944945975,20.697159094126647],[-100.4495381971233,20.697147430401756]]]},"id":"microsoft-023310003-88996"},{"type":"Feature","properties":{"height":-1,"confidence":-1,"footprintSource":"Microsoft Global ML Building Footprints","footprintMethod":"AI detected from imagery; not surveyed","heightMethod":"No supplied height"},"geometry":{"type":"Polygon","coordinates":[[[-100.44955931495518,20.699444409029056],[-100.44949455081223,20.69928708136203],[-100.44942213812317,20.69931316118813],[-100.44948690226609,20.699470488828126],[-100.44955931495518,20.699444409029056]]]},"id":"microsoft-023310003-88997"},{"type":"Feature","properties":{"height":-1,"confidence":-1,"footprintSource":"Microsoft Global ML Building Footprints","footprintMethod":"AI detected from imagery; not surveyed","heightMethod":"No supplied height"},"geometry":{"type":"Polygon","coordinates":[[[-100.45217778023618,20.699588661889536],[-100.45219524008962,20.69969915544516],[-100.45229891573896,20.69968481977743],[-100.45228146397581,20.699574325092655],[-100.45217778023618,20.699588661889536]]]},"id":"microsoft-023310003-89015"},{"type":"Feature","properties":{"height":-1,"confidence":-1,"footprintSource":"Microsoft Global ML Building Footprints","footprintMethod":"AI detected from imagery; not surveyed","heightMethod":"No supplied height"},"geometry":{"type":"Polygon","coordinates":[[[-100.45241564086578,20.698434259577084],[-100.45243033106591,20.698574606705307],[-100.45254847910985,20.69856378502466],[-100.45253664117338,20.6984507686182],[-100.45247553702256,20.69845636941149],[-100.45247267355575,20.69842903197228],[-100.45241564086578,20.698434259577084]]]},"id":"microsoft-023310003-89018"},{"type":"Feature","properties":{"height":-1,"confidence":-1,"footprintSource":"Microsoft Global ML Building Footprints","footprintMethod":"AI detected from imagery; not surveyed","heightMethod":"No supplied height"},"geometry":{"type":"Polygon","coordinates":[[[-100.4524814274295,20.699493698316616],[-100.45249163149694,20.699567739659685],[-100.45259848169373,20.69955485382441],[-100.45258827217722,20.699480813132197],[-100.4524814274295,20.699493698316616]]]},"id":"microsoft-023310003-89019"},{"type":"Feature","properties":{"height":-1,"confidence":-1,"footprintSource":"Microsoft Global ML Building Footprints","footprintMethod":"AI detected from imagery; not surveyed","heightMethod":"No supplied height"},"geometry":{"type":"Polygon","coordinates":[[[-100.45327753480143,20.69643509719623],[-100.45343176106711,20.696693188723927],[-100.45352082940809,20.69664661847358],[-100.45366304160696,20.69688463442202],[-100.4537263956048,20.69685150506203],[-100.45372982242604,20.696857240418325],[-100.45380221444445,20.696819384848183],[-100.45379022833922,20.696799326609764],[-100.45375957317897,20.69681535494459],[-100.45369959008612,20.696714975755086],[-100.4538017709076,20.696661542832956],[-100.45372238219895,20.696528689010535],[-100.45375423524624,20.696512034317834],[-100.4537182457834,20.696451799807562],[-100.45366511017231,20.696479585796126],[-100.45363426878112,20.69642796745302],[-100.45348099297986,20.696508119341857],[-100.45339931766787,20.696371421725388],[-100.45327753480143,20.69643509719623]]]},"id":"microsoft-023310003-89025"},{"type":"Feature","properties":{"height":-1,"confidence":-1,"footprintSource":"Microsoft Global ML Building Footprints","footprintMethod":"AI detected from imagery; not surveyed","heightMethod":"No supplied height"},"geometry":{"type":"Polygon","coordinates":[[[-100.4539036899303,20.702837968408332],[-100.4540177758177,20.70283409939765],[-100.45401125665546,20.702666216752604],[-100.45394539970084,20.70266845017123],[-100.45394899290763,20.702761161739204],[-100.45390077651939,20.70276279690914],[-100.4539036899303,20.702837968408332]]]},"id":"microsoft-023310003-89029"},{"type":"Feature","properties":{"height":-1,"confidence":-1,"footprintSource":"Microsoft Global ML Building Footprints","footprintMethod":"AI detected from imagery; not surveyed","heightMethod":"No supplied height"},"geometry":{"type":"Polygon","coordinates":[[[-100.44320326792604,20.69774201037012],[-100.44315152959929,20.697760153230362],[-100.4431947267305,20.69786795101787],[-100.44340532613393,20.69779410105464],[-100.44338946039775,20.69775450094606],[-100.44323059672334,20.697810208987434],[-100.44320326792604,20.69774201037012]]]},"id":"microsoft-023310003-90344"},{"type":"Feature","properties":{"height":-1,"confidence":-1,"footprintSource":"Microsoft Global ML Building Footprints","footprintMethod":"AI detected from imagery; not surveyed","heightMethod":"No supplied height"},"geometry":{"type":"Polygon","coordinates":[[[-100.44900898522592,20.694957714297033],[-100.44891824086936,20.69495173142228],[-100.44891266931928,20.695025683463925],[-100.44900341412125,20.695031660423794],[-100.44900898522592,20.694957714297033]]]},"id":"microsoft-023310003-90366"},{"type":"Feature","properties":{"height":-1,"confidence":-1,"footprintSource":"Microsoft Global ML Building Footprints","footprintMethod":"AI detected from imagery; not surveyed","heightMethod":"No supplied height"},"geometry":{"type":"Polygon","coordinates":[[[-100.4491372751681,20.696566176435866],[-100.44913090640942,20.696688833970157],[-100.44919624898833,20.696691798701536],[-100.44920260859165,20.696569140754264],[-100.4491372751681,20.696566176435866]]]},"id":"microsoft-023310003-90367"},{"type":"Feature","properties":{"height":-1,"confidence":-1,"footprintSource":"Microsoft Global ML Building Footprints","footprintMethod":"AI detected from imagery; not surveyed","heightMethod":"No supplied height"},"geometry":{"type":"Polygon","coordinates":[[[-100.4498522548842,20.698195278705228],[-100.44981247757273,20.698086019535424],[-100.44969119990269,20.69812464871481],[-100.44973097247886,20.698233917305586],[-100.4498522548842,20.698195278705228]]]},"id":"microsoft-023310003-90373"},{"type":"Feature","properties":{"height":-1,"confidence":-1,"footprintSource":"Microsoft Global ML Building Footprints","footprintMethod":"AI detected from imagery; not surveyed","heightMethod":"No supplied height"},"geometry":{"type":"Polygon","coordinates":[[[-100.4499281921332,20.70360874570413],[-100.44988306327122,20.703686054202507],[-100.44997603960132,20.703733545505543],[-100.4500211684633,20.703656237031396],[-100.4499281921332,20.70360874570413]]]},"id":"microsoft-023310003-90374"},{"type":"Feature","properties":{"height":-1,"confidence":-1,"footprintSource":"Microsoft Global ML Building Footprints","footprintMethod":"AI detected from imagery; not surveyed","heightMethod":"No supplied height"},"geometry":{"type":"Polygon","coordinates":[[[-100.4505769700927,20.700088135245082],[-100.45057533325263,20.700053075342552],[-100.45052714540059,20.700055043991895],[-100.45052948374352,20.700105129563823],[-100.450566963184,20.700103598392616],[-100.45057152295276,20.700201265211277],[-100.45063974440271,20.70019847811912],[-100.45063857710136,20.700173435274223],[-100.45068011499981,20.700171738301037],[-100.45067602289966,20.70008408857781],[-100.4505769700927,20.700088135245082]]]},"id":"microsoft-023310003-90379"},{"type":"Feature","properties":{"height":-1,"confidence":-1,"footprintSource":"Microsoft Global ML Building Footprints","footprintMethod":"AI detected from imagery; not surveyed","heightMethod":"No supplied height"},"geometry":{"type":"Polygon","coordinates":[[[-100.4523927626614,20.70051763504692],[-100.45228443159009,20.700543402012812],[-100.45229694301119,20.700589430729863],[-100.45228434658553,20.700592427662116],[-100.45232564431366,20.7007443592575],[-100.45244657202115,20.700715596170596],[-100.4523927626614,20.70051763504692]]]},"id":"microsoft-023310003-90387"},{"type":"Feature","properties":{"height":-1,"confidence":-1,"footprintSource":"Microsoft Global ML Building Footprints","footprintMethod":"AI detected from imagery; not surveyed","heightMethod":"No supplied height"},"geometry":{"type":"Polygon","coordinates":[[[-100.45291030517501,20.700454219689433],[-100.45288759577876,20.700459551330837],[-100.4528755632884,20.700414704347438],[-100.45280238856716,20.70043188408465],[-100.45284355235006,20.700585307902827],[-100.4528864478763,20.700575237032837],[-100.4529079797012,20.700655489435064],[-100.45286256090871,20.70066615270352],[-100.45288852575638,20.70076292759586],[-100.45294908414635,20.700748709913483],[-100.45292755232146,20.70066845756061],[-100.4529654013152,20.70065957150375],[-100.45291030517501,20.700454219689433]]]},"id":"microsoft-023310003-90390"},{"type":"Feature","properties":{"height":-1,"confidence":-1,"footprintSource":"Microsoft Global ML Building Footprints","footprintMethod":"AI detected from imagery; not surveyed","heightMethod":"No supplied height"},"geometry":{"type":"Polygon","coordinates":[[[-100.45412830594101,20.719733884989225],[-100.4540596517229,20.719791901226486],[-100.45411568684484,20.71984991536047],[-100.45418434345308,20.719791897125674],[-100.45412830594101,20.719733884989225]]]},"id":"microsoft-023310003-90397"},{"type":"Feature","properties":{"height":-1,"confidence":-1,"footprintSource":"Microsoft Global ML Building Footprints","footprintMethod":"AI detected from imagery; not surveyed","heightMethod":"No supplied height"},"geometry":{"type":"Polygon","coordinates":[[[-100.4485021721119,20.70033620842584],[-100.44851064345477,20.70036406193745],[-100.44845605452423,20.700378593665548],[-100.4484767875394,20.70044676314589],[-100.44852393339333,20.70043421587829],[-100.44853946447468,20.700485281553313],[-100.44861886801813,20.700464149317895],[-100.44857413024758,20.70031705296043],[-100.4485021721119,20.70033620842584]]]},"id":"microsoft-023310003-91720"},{"type":"Feature","properties":{"height":-1,"confidence":-1,"footprintSource":"Microsoft Global ML Building Footprints","footprintMethod":"AI detected from imagery; not surveyed","heightMethod":"No supplied height"},"geometry":{"type":"Polygon","coordinates":[[[-100.44955599872497,20.698954985965287],[-100.44943855804951,20.69897683800305],[-100.4494585799548,20.699070966383914],[-100.44957601385576,20.69904911562024],[-100.44955599872497,20.698954985965287]]]},"id":"microsoft-023310003-91733"},{"type":"Feature","properties":{"height":-1,"confidence":-1,"footprintSource":"Microsoft Global ML Building Footprints","footprintMethod":"AI detected from imagery; not surveyed","heightMethod":"No supplied height"},"geometry":{"type":"Polygon","coordinates":[[[-100.45071836763313,20.700701168874104],[-100.4505890267411,20.700737073137006],[-100.45061286164152,20.700812189075847],[-100.45065591717031,20.700800234304978],[-100.45066835297804,20.700839435115157],[-100.4507140412576,20.700826749338617],[-100.45073118296418,20.700880771578696],[-100.4507829496017,20.700866401482443],[-100.4507672702601,20.700816987894584],[-100.45075609374344,20.70082009115889],[-100.45071836763313,20.700701168874104]]]},"id":"microsoft-023310003-91743"},{"type":"Feature","properties":{"height":-1,"confidence":-1,"footprintSource":"Microsoft Global ML Building Footprints","footprintMethod":"AI detected from imagery; not surveyed","heightMethod":"No supplied height"},"geometry":{"type":"Polygon","coordinates":[[[-100.45105060311202,20.69805639689332],[-100.4509339293851,20.698091504803102],[-100.4509612952045,20.698171088303624],[-100.45107796893141,20.698135980412246],[-100.45105060311202,20.69805639689332]]]},"id":"microsoft-023310003-91746"},{"type":"Feature","properties":{"height":-1,"confidence":-1,"footprintSource":"Microsoft Global ML Building Footprints","footprintMethod":"AI detected from imagery; not surveyed","heightMethod":"No supplied height"},"geometry":{"type":"Polygon","coordinates":[[[-100.45460869528344,20.71037152939938],[-100.45460639940647,20.710296324161504],[-100.45453273025049,20.7102982918789],[-100.45453503175,20.710373496965616],[-100.45460869528344,20.71037152939938]]]},"id":"microsoft-023310003-91760"},{"type":"Feature","properties":{"height":-1,"confidence":-1,"footprintSource":"Microsoft Global ML Building Footprints","footprintMethod":"AI detected from imagery; not surveyed","heightMethod":"No supplied height"},"geometry":{"type":"Polygon","coordinates":[[[-100.45684290802197,20.717713256692335],[-100.4568163740069,20.717684502048797],[-100.45677487146804,20.717718006601487],[-100.45680140548309,20.717746761238658],[-100.45684290802197,20.717713256692335]]]},"id":"microsoft-023310003-91769"},{"type":"Feature","properties":{"height":-1,"confidence":-1,"footprintSource":"Microsoft Global ML Building Footprints","footprintMethod":"AI detected from imagery; not surveyed","heightMethod":"No supplied height"},"geometry":{"type":"Polygon","coordinates":[[[-100.44985936830331,20.699854965083645],[-100.44992897320626,20.700024668358395],[-100.449973394725,20.70000872213045],[-100.45004283390217,20.700178021178772],[-100.44996567893205,20.700205712823788],[-100.44999491495717,20.700276992850476],[-100.45010947571609,20.700235868432927],[-100.45008974103683,20.7001877535222],[-100.45018680302859,20.700152910700112],[-100.45015091608842,20.700065431033067],[-100.450145040814,20.70006754011075],[-100.45012261504212,20.70001286401397],[-100.45020912010499,20.699981810829286],[-100.45015208048578,20.6998427428683],[-100.45008895369205,20.69986539971923],[-100.4500575568765,20.69978885128441],[-100.44999327487318,20.699811922760034],[-100.44999148048414,20.699807548665646],[-100.44985936830331,20.699854965083645]]]},"id":"microsoft-023310003-93090"},{"type":"Feature","properties":{"height":-1,"confidence":-1,"footprintSource":"Microsoft Global ML Building Footprints","footprintMethod":"AI detected from imagery; not surveyed","heightMethod":"No supplied height"},"geometry":{"type":"Polygon","coordinates":[[[-100.45165771639928,20.700792844150612],[-100.45160181576425,20.700780514184984],[-100.45158743655935,20.70083755960647],[-100.4516433371944,20.700849889567436],[-100.45165771639928,20.700792844150612]]]},"id":"microsoft-023310003-93097"},{"type":"Feature","properties":{"height":-1,"confidence":-1,"footprintSource":"Microsoft Global ML Building Footprints","footprintMethod":"AI detected from imagery; not surveyed","heightMethod":"No supplied height"},"geometry":{"type":"Polygon","coordinates":[[[-100.45217043752967,20.699704129118473],[-100.45214660011865,20.69960775809507],[-100.45208931581774,20.699620157074463],[-100.45211314550433,20.699716526010974],[-100.45217043752967,20.699704129118473]]]},"id":"microsoft-023310003-93106"},{"type":"Feature","properties":{"height":-1,"confidence":-1,"footprintSource":"Microsoft Global ML Building Footprints","footprintMethod":"AI detected from imagery; not surveyed","heightMethod":"No supplied height"},"geometry":{"type":"Polygon","coordinates":[[[-100.4550115856125,20.702762064170173],[-100.45495516980016,20.702778201115308],[-100.45496867049492,20.702819501614982],[-100.45502508630726,20.70280336467424],[-100.4550115856125,20.702762064170173]]]},"id":"microsoft-023310003-93126"},{"type":"Feature","properties":{"height":-1,"confidence":-1,"footprintSource":"Microsoft Global ML Building Footprints","footprintMethod":"AI detected from imagery; not surveyed","heightMethod":"No supplied height"},"geometry":{"type":"Polygon","coordinates":[[[-100.43576150013587,20.695893974581907],[-100.4357547776822,20.695857419564177],[-100.43565578348985,20.69587335081235],[-100.43567326186931,20.695968393830128],[-100.43564460565575,20.695973005504044],[-100.43565805056303,20.696046115474957],[-100.43605402733255,20.695982390544813],[-100.43604416773385,20.695928776547035],[-100.43595298887247,20.695943450058266],[-100.43593864763801,20.69586546603523],[-100.43576150013587,20.695893974581907]]]},"id":"microsoft-023310003-94408"},{"type":"Feature","properties":{"height":-1,"confidence":-1,"footprintSource":"Microsoft Global ML Building Footprints","footprintMethod":"AI detected from imagery; not surveyed","heightMethod":"No supplied height"},"geometry":{"type":"Polygon","coordinates":[[[-100.44831247872601,20.70015616342154],[-100.44852811353161,20.700138657439],[-100.44851878645518,20.70003812346576],[-100.44843093576772,20.700045261246316],[-100.44843587258575,20.700098473846268],[-100.44838529158199,20.700102580189125],[-100.44837836043129,20.70002787122432],[-100.44830115784656,20.70003413880312],[-100.44831247872601,20.70015616342154]]]},"id":"microsoft-023310003-94441"},{"type":"Feature","properties":{"height":-1,"confidence":-1,"footprintSource":"Microsoft Global ML Building Footprints","footprintMethod":"AI detected from imagery; not surveyed","heightMethod":"No supplied height"},"geometry":{"type":"Polygon","coordinates":[[[-100.4507438410309,20.699578714031077],[-100.45067827592565,20.699587960289392],[-100.450690305906,20.69966260680529],[-100.45075587168768,20.699653364748798],[-100.4507438410309,20.699578714031077]]]},"id":"microsoft-023310003-94461"},{"type":"Feature","properties":{"height":-1,"confidence":-1,"footprintSource":"Microsoft Global ML Building Footprints","footprintMethod":"AI detected from imagery; not surveyed","heightMethod":"No supplied height"},"geometry":{"type":"Polygon","coordinates":[[[-100.45119750788137,20.700594356921712],[-100.45119175550288,20.700596459913243],[-100.4511708369728,20.700546399365237],[-100.45114058909259,20.700557457583045],[-100.45119152116585,20.70067934409694],[-100.45122751676261,20.7006661846018],[-100.45119750788137,20.700594356921712]]]},"id":"microsoft-023310003-94467"},{"type":"Feature","properties":{"height":-1,"confidence":-1,"footprintSource":"Microsoft Global ML Building Footprints","footprintMethod":"AI detected from imagery; not surveyed","heightMethod":"No supplied height"},"geometry":{"type":"Polygon","coordinates":[[[-100.45352814802202,20.69527055606021],[-100.45355343213465,20.695306367064774],[-100.45359264883554,20.695282133858882],[-100.45356736598512,20.69524632463633],[-100.45352814802202,20.69527055606021]]]},"id":"microsoft-023310003-94480"},{"type":"Feature","properties":{"height":-1,"confidence":-1,"footprintSource":"Microsoft Global ML Building Footprints","footprintMethod":"AI detected from imagery; not surveyed","heightMethod":"No supplied height"},"geometry":{"type":"Polygon","coordinates":[[[-100.45365939639228,20.700144514597923],[-100.4535444895618,20.700168648420913],[-100.45356054249068,20.700235530319375],[-100.45348015416205,20.70025241422931],[-100.45353062119615,20.700462611121623],[-100.45363908288914,20.70043983101182],[-100.45361471498879,20.700338306271902],[-100.45365046324568,20.700330795752095],[-100.45362380629983,20.70021973400739],[-100.45367487600225,20.700209007867926],[-100.45365939639228,20.700144514597923]]]},"id":"microsoft-023310003-94481"},{"type":"Feature","properties":{"height":-1,"confidence":-1,"footprintSource":"Microsoft Global ML Building Footprints","footprintMethod":"AI detected from imagery; not surveyed","heightMethod":"No supplied height"},"geometry":{"type":"Polygon","coordinates":[[[-100.45411274960115,20.699160054699334],[-100.45403019767325,20.69887346633324],[-100.45391016883936,20.698903729101687],[-100.45392129416845,20.698942351965357],[-100.45371874194997,20.698993407997037],[-100.4537524327464,20.699110369384968],[-100.45373114347022,20.6991157356304],[-100.45377326220336,20.699261917446904],[-100.45371952288752,20.699275466661234],[-100.45375860352425,20.699411139225035],[-100.45390737345919,20.699373630111666],[-100.45386390912641,20.69922277822083],[-100.45411274960115,20.699160054699334]]]},"id":"microsoft-023310003-94484"},{"type":"Feature","properties":{"height":-1,"confidence":-1,"footprintSource":"Microsoft Global ML Building Footprints","footprintMethod":"AI detected from imagery; not surveyed","heightMethod":"No supplied height"},"geometry":{"type":"Polygon","coordinates":[[[-100.45448616932897,20.710926902846154],[-100.45440845402844,20.710929065119117],[-100.45441020770178,20.710984211578065],[-100.45448792300235,20.71098204930587],[-100.45448616932897,20.710926902846154]]]},"id":"microsoft-023310003-94486"},{"type":"Feature","properties":{"height":-1,"confidence":-1,"footprintSource":"Microsoft Global ML Building Footprints","footprintMethod":"AI detected from imagery; not surveyed","heightMethod":"No supplied height"},"geometry":{"type":"Polygon","coordinates":[[[-100.43546795935245,20.696225509175633],[-100.43544453222137,20.69612594601857],[-100.43538721845644,20.696137747513703],[-100.4354106376406,20.696237308546415],[-100.43546795935245,20.696225509175633]]]},"id":"microsoft-023310003-95752"},{"type":"Feature","properties":{"height":-1,"confidence":-1,"footprintSource":"Microsoft Global ML Building Footprints","footprintMethod":"AI detected from imagery; not surveyed","heightMethod":"No supplied height"},"geometry":{"type":"Polygon","coordinates":[[[-100.45247038463413,20.715179704201503],[-100.45249928722836,20.71528570376094],[-100.45258491138412,20.71526527244066],[-100.45255600878988,20.715159272866927],[-100.45247038463413,20.715179704201503]]]},"id":"microsoft-023310003-95839"},{"type":"Feature","properties":{"height":-1,"confidence":-1,"footprintSource":"Microsoft Global ML Building Footprints","footprintMethod":"AI detected from imagery; not surveyed","heightMethod":"No supplied height"},"geometry":{"type":"Polygon","coordinates":[[[-100.45383955122476,20.702684775739442],[-100.45375963830783,20.702699817320436],[-100.45378064983895,20.702797496325687],[-100.45386056383751,20.70278245978271],[-100.45383955122476,20.702684775739442]]]},"id":"microsoft-023310003-95847"},{"type":"Feature","properties":{"height":-1,"confidence":-1,"footprintSource":"Microsoft Global ML Building Footprints","footprintMethod":"AI detected from imagery; not surveyed","heightMethod":"No supplied height"},"geometry":{"type":"Polygon","coordinates":[[[-100.45739122347372,20.719614549476702],[-100.4574496444229,20.719620029784465],[-100.45745763433371,20.719545517329408],[-100.45739921338455,20.719540037018945],[-100.45739122347372,20.719614549476702]]]},"id":"microsoft-023310003-95865"},{"type":"Feature","properties":{"height":-1,"confidence":-1,"footprintSource":"Microsoft Global ML Building Footprints","footprintMethod":"AI detected from imagery; not surveyed","heightMethod":"No supplied height"},"geometry":{"type":"Polygon","coordinates":[[[-100.43562013648982,20.699427243044667],[-100.43560904584618,20.69936112619861],[-100.43546245162585,20.699382644135127],[-100.43547354226949,20.69944876097179],[-100.43562013648982,20.699427243044667]]]},"id":"microsoft-023310003-97160"},{"type":"Feature","properties":{"height":-1,"confidence":-1,"footprintSource":"Microsoft Global ML Building Footprints","footprintMethod":"AI detected from imagery; not surveyed","heightMethod":"No supplied height"},"geometry":{"type":"Polygon","coordinates":[[[-100.44875161263835,20.696516908134527],[-100.44879299036656,20.69668984483171],[-100.44889516029303,20.696668452534794],[-100.44885378104071,20.696495509443153],[-100.44875161263835,20.696516908134527]]]},"id":"microsoft-023310003-97218"},{"type":"Feature","properties":{"height":-1,"confidence":-1,"footprintSource":"Microsoft Global ML Building Footprints","footprintMethod":"AI detected from imagery; not surveyed","heightMethod":"No supplied height"},"geometry":{"type":"Polygon","coordinates":[[[-100.4520525939834,20.696109153852333],[-100.45193714242203,20.696152572039765],[-100.45198219991073,20.69625741823363],[-100.45209764867569,20.69621399356916],[-100.4520525939834,20.696109153852333]]]},"id":"microsoft-023310003-97242"},{"type":"Feature","properties":{"height":-1,"confidence":-1,"footprintSource":"Microsoft Global ML Building Footprints","footprintMethod":"AI detected from imagery; not surveyed","heightMethod":"No supplied height"},"geometry":{"type":"Polygon","coordinates":[[[-100.45209274908916,20.69530183636627],[-100.45209113201942,20.69535062601119],[-100.4522395343346,20.695354930326516],[-100.45224114807856,20.695306130870435],[-100.45209274908916,20.69530183636627]]]},"id":"microsoft-023310003-97243"},{"type":"Feature","properties":{"height":-1,"confidence":-1,"footprintSource":"Microsoft Global ML Building Footprints","footprintMethod":"AI detected from imagery; not surveyed","heightMethod":"No supplied height"},"geometry":{"type":"Polygon","coordinates":[[[-100.45400772482408,20.701683750690123],[-100.45400481717304,20.70160986827726],[-100.4538949954425,20.701613650227202],[-100.4538979033761,20.701687539818508],[-100.45400772482408,20.701683750690123]]]},"id":"microsoft-023310003-97251"},{"type":"Feature","properties":{"height":-1,"confidence":-1,"footprintSource":"Microsoft Global ML Building Footprints","footprintMethod":"AI detected from imagery; not surveyed","heightMethod":"No supplied height"},"geometry":{"type":"Polygon","coordinates":[[[-100.45403746333525,20.700826659631375],[-100.45408971381647,20.70082409057143],[-100.4540875368165,20.700785346484153],[-100.45403528903468,20.700787911991327],[-100.45403746333525,20.700826659631375]]]},"id":"microsoft-023310003-97252"},{"type":"Feature","properties":{"height":-1,"confidence":-1,"footprintSource":"Microsoft Global ML Building Footprints","footprintMethod":"AI detected from imagery; not surveyed","heightMethod":"No supplied height"},"geometry":{"type":"Polygon","coordinates":[[[-100.45501627793264,20.697728269131233],[-100.4550753515907,20.697807798537127],[-100.45512961748126,20.697772525618348],[-100.45507054382321,20.697692996193922],[-100.45501627793264,20.697728269131233]]]},"id":"microsoft-023310003-97258"},{"type":"Feature","properties":{"height":-1,"confidence":-1,"footprintSource":"Microsoft Global ML Building Footprints","footprintMethod":"AI detected from imagery; not surveyed","heightMethod":"No supplied height"},"geometry":{"type":"Polygon","coordinates":[[[-100.45713227261558,20.70030107386829],[-100.45708765987136,20.700197445748913],[-100.4570576570126,20.70020874834688],[-100.45703999780133,20.70016772886646],[-100.45698691582047,20.700187725773873],[-100.45695345626226,20.70011000463289],[-100.45698345912102,20.70009870202756],[-100.45695836445239,20.70004041114133],[-100.45697913566231,20.70003258625721],[-100.45692429916416,20.699905209791638],[-100.45673274245055,20.699977372657074],[-100.45677828462698,20.70008315984839],[-100.45666750484078,20.700124892545062],[-100.45673535338932,20.700282493690636],[-100.45682185827351,20.700249905811972],[-100.45684191932727,20.700296512456305],[-100.45682696235936,20.70030214602305],[-100.45686173516602,20.700382917524635],[-100.45701867319647,20.700323796301603],[-100.45702610865384,20.70034106764534],[-100.45713227261558,20.70030107386829]]]},"id":"microsoft-023310003-97275"},{"type":"Feature","properties":{"height":-1,"confidence":-1,"footprintSource":"Microsoft Global ML Building Footprints","footprintMethod":"AI detected from imagery; not surveyed","heightMethod":"No supplied height"},"geometry":{"type":"Polygon","coordinates":[[[-100.45761292759349,20.70275365445977],[-100.45747866710019,20.70280368688296],[-100.45750541019677,20.702866482297253],[-100.45763967069006,20.702816449894797],[-100.45761292759349,20.70275365445977]]]},"id":"microsoft-023310003-97279"},{"type":"Feature","properties":{"height":-1,"confidence":-1,"footprintSource":"Microsoft Global ML Building Footprints","footprintMethod":"AI detected from imagery; not surveyed","heightMethod":"No supplied height"},"geometry":{"type":"Polygon","coordinates":[[[-100.43673885542059,20.700619771644043],[-100.43662631378007,20.700623079938595],[-100.43662942937205,20.700715823029483],[-100.43674197101254,20.700712514736978],[-100.43673885542059,20.700619771644043]]]},"id":"microsoft-023310003-98541"},{"type":"Feature","properties":{"height":-1,"confidence":-1,"footprintSource":"Microsoft Global ML Building Footprints","footprintMethod":"AI detected from imagery; not surveyed","heightMethod":"No supplied height"},"geometry":{"type":"Polygon","coordinates":[[[-100.44639710731519,20.694669427418518],[-100.44636703949371,20.694733320780642],[-100.44666362193178,20.694855441203657],[-100.44669368209871,20.69479156415875],[-100.44639710731519,20.694669427418518]]]},"id":"microsoft-023310003-98576"},{"type":"Feature","properties":{"height":-1,"confidence":-1,"footprintSource":"Microsoft Global ML Building Footprints","footprintMethod":"AI detected from imagery; not surveyed","heightMethod":"No supplied height"},"geometry":{"type":"Polygon","coordinates":[[[-100.44921362818549,20.696363286721464],[-100.44915468445826,20.696365115969982],[-100.44915962754635,20.696504502070056],[-100.44921857113685,20.696502668968293],[-100.44921362818549,20.696363286721464]]]},"id":"microsoft-023310003-98587"},{"type":"Feature","properties":{"height":-1,"confidence":-1,"footprintSource":"Microsoft Global ML Building Footprints","footprintMethod":"AI detected from imagery; not surveyed","heightMethod":"No supplied height"},"geometry":{"type":"Polygon","coordinates":[[[-100.44931713521324,20.700924149726973],[-100.44931902271335,20.700989336958543],[-100.44935922635385,20.70098831832054],[-100.44935733885372,20.700923131088544],[-100.44931713521324,20.700924149726973]]]},"id":"microsoft-023310003-98588"},{"type":"Feature","properties":{"height":-1,"confidence":-1,"footprintSource":"Microsoft Global ML Building Footprints","footprintMethod":"AI detected from imagery; not surveyed","heightMethod":"No supplied height"},"geometry":{"type":"Polygon","coordinates":[[[-100.450634023565,20.70155011864459],[-100.45050734539893,20.701565262778658],[-100.45052703936734,20.70170949255443],[-100.45065371864771,20.701694356595226],[-100.450634023565,20.70155011864459]]]},"id":"microsoft-023310003-98594"},{"type":"Feature","properties":{"height":-1,"confidence":-1,"footprintSource":"Microsoft Global ML Building Footprints","footprintMethod":"AI detected from imagery; not surveyed","heightMethod":"No supplied height"},"geometry":{"type":"Polygon","coordinates":[[[-100.452895386207,20.715691962257893],[-100.45281736233696,20.715719978216214],[-100.45286222604233,20.715829308819053],[-100.45294025704243,20.71580129032077],[-100.452895386207,20.715691962257893]]]},"id":"microsoft-023310003-98602"},{"type":"Feature","properties":{"height":-1,"confidence":-1,"footprintSource":"Microsoft Global ML Building Footprints","footprintMethod":"AI detected from imagery; not surveyed","heightMethod":"No supplied height"},"geometry":{"type":"Polygon","coordinates":[[[-100.45555755470427,20.717301255457897],[-100.45550688333365,20.71732335733823],[-100.4555469513456,20.717403722435634],[-100.45559762271623,20.71738162056704],[-100.45555755470427,20.717301255457897]]]},"id":"microsoft-023310003-98613"},{"type":"Feature","properties":{"height":-1,"confidence":-1,"footprintSource":"Microsoft Global ML Building Footprints","footprintMethod":"AI detected from imagery; not surveyed","heightMethod":"No supplied height"},"geometry":{"type":"Polygon","coordinates":[[[-100.455725147768,20.715679168469237],[-100.45576888077863,20.715700222459148],[-100.4558059923648,20.715632789658287],[-100.45572117605846,20.715591957286023],[-100.45570262026537,20.715625673699293],[-100.45574370156656,20.71564545110766],[-100.455725147768,20.715679168469237]]]},"id":"microsoft-023310003-98615"},{"type":"Feature","properties":{"height":-1,"confidence":-1,"footprintSource":"Microsoft Global ML Building Footprints","footprintMethod":"AI detected from imagery; not surveyed","heightMethod":"No supplied height"},"geometry":{"type":"Polygon","coordinates":[[[-100.44836867871118,20.696363484925612],[-100.44836329119103,20.696331664640738],[-100.44832142606283,20.69633786752736],[-100.44832681358298,20.69636968781093],[-100.44836867871118,20.696363484925612]]]},"id":"microsoft-023310003-99948"},{"type":"Feature","properties":{"height":-1,"confidence":-1,"footprintSource":"Microsoft Global ML Building Footprints","footprintMethod":"AI detected from imagery; not surveyed","heightMethod":"No supplied height"},"geometry":{"type":"Polygon","coordinates":[[[-100.44896861767761,20.700804623652346],[-100.44898965631528,20.700860404843183],[-100.44903386615611,20.700845811133064],[-100.44901282380712,20.700790031161972],[-100.44896861767761,20.700804623652346]]]},"id":"microsoft-023310003-99951"},{"type":"Feature","properties":{"height":-1,"confidence":-1,"footprintSource":"Microsoft Global ML Building Footprints","footprintMethod":"AI detected from imagery; not surveyed","heightMethod":"No supplied height"},"geometry":{"type":"Polygon","coordinates":[[[-100.4526595388344,20.697936154863996],[-100.45258483023349,20.698086923426075],[-100.45269742925221,20.698135748300672],[-100.45270508380031,20.69812030075768],[-100.45275807298887,20.698143274310468],[-100.45282512562663,20.698007956216102],[-100.4526595388344,20.697936154863996]]]},"id":"microsoft-023310003-99976"},{"type":"Feature","properties":{"height":-1,"confidence":-1,"footprintSource":"Microsoft Global ML Building Footprints","footprintMethod":"AI detected from imagery; not surveyed","heightMethod":"No supplied height"},"geometry":{"type":"Polygon","coordinates":[[[-100.4554299971933,20.70389222216609],[-100.45549125760122,20.703870905543255],[-100.45545882811354,20.70378935720848],[-100.45546825279169,20.703786077726008],[-100.45545159981154,20.70374420153614],[-100.45533850367381,20.70378355533194],[-100.45539985675862,20.703937835934198],[-100.45544226781026,20.703923078277],[-100.4554299971933,20.70389222216609]]]},"id":"microsoft-023310003-99990"},{"type":"Feature","properties":{"height":-1,"confidence":-1,"footprintSource":"Microsoft Global ML Building Footprints","footprintMethod":"AI detected from imagery; not surveyed","heightMethod":"No supplied height"},"geometry":{"type":"Polygon","coordinates":[[[-100.45703985521406,20.70188267981493],[-100.45708138942176,20.701870527548692],[-100.45706381327145,20.701817962463736],[-100.45697341528997,20.701844411521762],[-100.4570192661169,20.701981537768148],[-100.45706812989064,20.701967240993525],[-100.45703985521406,20.70188267981493]]]},"id":"microsoft-023310003-99998"},{"type":"Feature","properties":{"height":-1,"confidence":-1,"footprintSource":"Microsoft Global ML Building Footprints","footprintMethod":"AI detected from imagery; not surveyed","heightMethod":"No supplied height"},"geometry":{"type":"Polygon","coordinates":[[[-100.44820301291422,20.701019822258175],[-100.44825920250193,20.7010172287453],[-100.44825444962328,20.700927122669768],[-100.44819826003555,20.70092971618419],[-100.44820301291422,20.701019822258175]]]},"id":"microsoft-023310003-101266"},{"type":"Feature","properties":{"height":-1,"confidence":-1,"footprintSource":"Microsoft Global ML Building Footprints","footprintMethod":"AI detected from imagery; not surveyed","heightMethod":"No supplied height"},"geometry":{"type":"Polygon","coordinates":[[[-100.44964153893086,20.699247716368347],[-100.44962486042407,20.699194589628434],[-100.4495668598618,20.699210523317333],[-100.44958353470926,20.699263651056967],[-100.44964153893086,20.699247716368347]]]},"id":"microsoft-023310003-101276"},{"type":"Feature","properties":{"height":-1,"confidence":-1,"footprintSource":"Microsoft Global ML Building Footprints","footprintMethod":"AI detected from imagery; not surveyed","heightMethod":"No supplied height"},"geometry":{"type":"Polygon","coordinates":[[[-100.45188555450413,20.697204432238166],[-100.45194473469934,20.697178247454445],[-100.45191203545792,20.697113575361826],[-100.45178928802886,20.69716787799372],[-100.45182510073573,20.697238707827083],[-100.45188866464909,20.69721058343592],[-100.45188555450413,20.697204432238166]]]},"id":"microsoft-023310003-101292"},{"type":"Feature","properties":{"height":-1,"confidence":-1,"footprintSource":"Microsoft Global ML Building Footprints","footprintMethod":"AI detected from imagery; not surveyed","heightMethod":"No supplied height"},"geometry":{"type":"Polygon","coordinates":[[[-100.45199510724602,20.70046143101483],[-100.45194215880701,20.700290078184324],[-100.45181591414985,20.700324213863297],[-100.45186886258884,20.700495566655235],[-100.45199510724602,20.70046143101483]]]},"id":"microsoft-023310003-101294"},{"type":"Feature","properties":{"height":-1,"confidence":-1,"footprintSource":"Microsoft Global ML Building Footprints","footprintMethod":"AI detected from imagery; not surveyed","heightMethod":"No supplied height"},"geometry":{"type":"Polygon","coordinates":[[[-100.45212599243105,20.696198340071234],[-100.45212398052678,20.696145715735682],[-100.45208539611596,20.696147004102272],[-100.45208740408806,20.696199628568678],[-100.45212599243105,20.696198340071234]]]},"id":"microsoft-023310003-101297"},{"type":"Feature","properties":{"height":-1,"confidence":-1,"footprintSource":"Microsoft Global ML Building Footprints","footprintMethod":"AI detected from imagery; not surveyed","heightMethod":"No supplied height"},"geometry":{"type":"Polygon","coordinates":[[[-100.45284395715369,20.715877158416106],[-100.45279657687458,20.71580345327928],[-100.45272565701828,20.715843338554393],[-100.45275526969276,20.715889404257],[-100.45269813980853,20.715921534044554],[-100.4527159074132,20.715949173453524],[-100.45284395715369,20.715877158416106]]]},"id":"microsoft-023310003-101303"},{"type":"Feature","properties":{"height":-1,"confidence":-1,"footprintSource":"Microsoft Global ML Building Footprints","footprintMethod":"AI detected from imagery; not surveyed","heightMethod":"No supplied height"},"geometry":{"type":"Polygon","coordinates":[[[-100.45348568222501,20.70187856602884],[-100.45354198412299,20.70187746757884],[-100.4535422077934,20.701887499316086],[-100.45366821680315,20.70188504088054],[-100.45366486174683,20.7017345647499],[-100.45348255083914,20.701738121638897],[-100.45348568222501,20.70187856602884]]]},"id":"microsoft-023310003-101304"},{"type":"Feature","properties":{"height":-1,"confidence":-1,"footprintSource":"Microsoft Global ML Building Footprints","footprintMethod":"AI detected from imagery; not surveyed","heightMethod":"No supplied height"},"geometry":{"type":"Polygon","coordinates":[[[-100.45414221208065,20.702562171031374],[-100.45407220214948,20.702585510289083],[-100.45411122470928,20.702687915905386],[-100.45418122784191,20.702664578929856],[-100.45414221208065,20.702562171031374]]]},"id":"microsoft-023310003-101311"},{"type":"Feature","properties":{"height":-1,"confidence":-1,"footprintSource":"Microsoft Global ML Building Footprints","footprintMethod":"AI detected from imagery; not surveyed","heightMethod":"No supplied height"},"geometry":{"type":"Polygon","coordinates":[[[-100.45465039108274,20.710536854766815],[-100.4545486243075,20.71053311057136],[-100.45454584069692,20.710599424474992],[-100.45464760775137,20.71060316201681],[-100.45465039108274,20.710536854766815]]]},"id":"microsoft-023310003-101313"},{"type":"Feature","properties":{"height":-1,"confidence":-1,"footprintSource":"Microsoft Global ML Building Footprints","footprintMethod":"AI detected from imagery; not surveyed","heightMethod":"No supplied height"},"geometry":{"type":"Polygon","coordinates":[[[-100.4550494649903,20.699374107589293],[-100.45503518935398,20.699449524005146],[-100.45508980335536,20.699458570335594],[-100.4551040789917,20.699383153924245],[-100.4550494649903,20.699374107589293]]]},"id":"microsoft-023310003-101316"},{"type":"Feature","properties":{"height":-1,"confidence":-1,"footprintSource":"Microsoft Global ML Building Footprints","footprintMethod":"AI detected from imagery; not surveyed","heightMethod":"No supplied height"},"geometry":{"type":"Polygon","coordinates":[[[-100.45634114297805,20.697337221891544],[-100.45638639209211,20.697431031894965],[-100.45653792963839,20.697367068466107],[-100.4564926805243,20.697273258423138],[-100.45634114297805,20.697337221891544]]]},"id":"microsoft-023310003-101324"},{"type":"Feature","properties":{"height":-1,"confidence":-1,"footprintSource":"Microsoft Global ML Building Footprints","footprintMethod":"AI detected from imagery; not surveyed","heightMethod":"No supplied height"},"geometry":{"type":"Polygon","coordinates":[[[-100.44952647029983,20.695303799591613],[-100.4493602344749,20.69530081740372],[-100.44935794084485,20.695412703302182],[-100.4495241768928,20.695415674608014],[-100.44952647029983,20.695303799591613]]]},"id":"microsoft-023310003-102714"},{"type":"Feature","properties":{"height":-1,"confidence":-1,"footprintSource":"Microsoft Global ML Building Footprints","footprintMethod":"AI detected from imagery; not surveyed","heightMethod":"No supplied height"},"geometry":{"type":"Polygon","coordinates":[[[-100.45176997937993,20.700164727540496],[-100.4517453290708,20.70017157195855],[-100.45175849925067,20.70021307807808],[-100.4517831495598,20.700206233661902],[-100.45176997937993,20.700164727540496]]]},"id":"microsoft-023310003-102733"},{"type":"Feature","properties":{"height":-1,"confidence":-1,"footprintSource":"Microsoft Global ML Building Footprints","footprintMethod":"AI detected from imagery; not surveyed","heightMethod":"No supplied height"},"geometry":{"type":"Polygon","coordinates":[[[-100.45352577469835,20.699326975903332],[-100.45351135720615,20.69926729808435],[-100.45346287228276,20.699277551243227],[-100.45342394404155,20.699116416835565],[-100.45327207523624,20.699148522781698],[-100.45331072608154,20.69930845940901],[-100.45333498967831,20.699303329949785],[-100.45334969787119,20.699364211041285],[-100.45352577469835,20.699326975903332]]]},"id":"microsoft-023310003-102742"},{"type":"Feature","properties":{"height":-1,"confidence":-1,"footprintSource":"Microsoft Global ML Building Footprints","footprintMethod":"AI detected from imagery; not surveyed","heightMethod":"No supplied height"},"geometry":{"type":"Polygon","coordinates":[[[-100.45570005631602,20.703120581739952],[-100.45572456685015,20.70317196868777],[-100.45579928395061,20.703140789169964],[-100.45577477467744,20.703089396793615],[-100.45570005631602,20.703120581739952]]]},"id":"microsoft-023310003-102749"},{"type":"Feature","properties":{"height":-1,"confidence":-1,"footprintSource":"Microsoft Global ML Building Footprints","footprintMethod":"AI detected from imagery; not surveyed","heightMethod":"No supplied height"},"geometry":{"type":"Polygon","coordinates":[[[-100.45698107543852,20.698270675230532],[-100.45692572776268,20.698303639909895],[-100.45695124580999,20.69834113231478],[-100.45700659348586,20.698308167643575],[-100.45698107543852,20.698270675230532]]]},"id":"microsoft-023310003-102760"},{"type":"Feature","properties":{"height":-1,"confidence":-1,"footprintSource":"Microsoft Global ML Building Footprints","footprintMethod":"AI detected from imagery; not surveyed","heightMethod":"No supplied height"},"geometry":{"type":"Polygon","coordinates":[[[-100.44822385005968,20.696128227131837],[-100.44815399296655,20.69615839984786],[-100.44812986129693,20.696109507464527],[-100.44807679857205,20.696132422876587],[-100.44813155573401,20.69624336452482],[-100.44825447031212,20.696190275214903],[-100.44822385005968,20.696128227131837]]]},"id":"microsoft-023310003-104034"},{"type":"Feature","properties":{"height":-1,"confidence":-1,"footprintSource":"Microsoft Global ML Building Footprints","footprintMethod":"AI detected from imagery; not surveyed","heightMethod":"No supplied height"},"geometry":{"type":"Polygon","coordinates":[[[-100.44883956007963,20.69960818129171],[-100.44881423432463,20.69950677460666],[-100.44876590912953,20.699517332507696],[-100.44879123563383,20.69961874218582],[-100.44883956007963,20.69960818129171]]]},"id":"microsoft-023310003-104038"},{"type":"Feature","properties":{"height":-1,"confidence":-1,"footprintSource":"Microsoft Global ML Building Footprints","footprintMethod":"AI detected from imagery; not surveyed","heightMethod":"No supplied height"},"geometry":{"type":"Polygon","coordinates":[[[-100.45507407333136,20.699936574243225],[-100.45501038184871,20.699930411098734],[-100.45500132270709,20.70001233336292],[-100.45506501418971,20.700018496504086],[-100.45507407333136,20.699936574243225]]]},"id":"microsoft-023310003-104077"},{"type":"Feature","properties":{"height":-1,"confidence":-1,"footprintSource":"Microsoft Global ML Building Footprints","footprintMethod":"AI detected from imagery; not surveyed","heightMethod":"No supplied height"},"geometry":{"type":"Polygon","coordinates":[[[-100.45755129860196,20.7022450167062],[-100.45751739149037,20.702153093147956],[-100.4573879643902,20.702194876219536],[-100.45742187150178,20.70228679975243],[-100.45755129860196,20.7022450167062]]]},"id":"microsoft-023310003-104092"},{"type":"Feature","properties":{"height":-1,"confidence":-1,"footprintSource":"Microsoft Global ML Building Footprints","footprintMethod":"AI detected from imagery; not surveyed","heightMethod":"No supplied height"},"geometry":{"type":"Polygon","coordinates":[[[-100.45780040056589,20.701975255234245],[-100.45760120740323,20.70204466009811],[-100.4576499872568,20.702167186717475],[-100.45769373209014,20.70215194758636],[-100.45771478887332,20.702204828647908],[-100.45776761699636,20.70218642522876],[-100.45787463798132,20.702455243192148],[-100.45796414784424,20.70242406122358],[-100.45791711520191,20.70230592350086],[-100.45799249020327,20.70227966064185],[-100.45790652449459,20.702063729631007],[-100.45784426785987,20.702085421697944],[-100.45780040056589,20.701975255234245]]]},"id":"microsoft-023310003-104096"},{"type":"Feature","properties":{"height":-1,"confidence":-1,"footprintSource":"Microsoft Global ML Building Footprints","footprintMethod":"AI detected from imagery; not surveyed","heightMethod":"No supplied height"},"geometry":{"type":"Polygon","coordinates":[[[-100.43534292026672,20.695311052016365],[-100.43535630001779,20.69531044669519],[-100.43535259874288,20.695238852785778],[-100.43528837615466,20.695241762523835],[-100.4352973832279,20.695415986641763],[-100.43534822628195,20.69541368642284],[-100.43534292026672,20.695311052016365]]]},"id":"microsoft-023310003-105321"},{"type":"Feature","properties":{"height":-1,"confidence":-1,"footprintSource":"Microsoft Global ML Building Footprints","footprintMethod":"AI detected from imagery; not surveyed","heightMethod":"No supplied height"},"geometry":{"type":"Polygon","coordinates":[[[-100.44425459264248,20.718428645443637],[-100.44425719541336,20.71849515293954],[-100.44429348086445,20.718493913011727],[-100.44429088297089,20.718427402972978],[-100.44425459264248,20.718428645443637]]]},"id":"microsoft-023310003-105353"},{"type":"Feature","properties":{"height":-1,"confidence":-1,"footprintSource":"Microsoft Global ML Building Footprints","footprintMethod":"AI detected from imagery; not surveyed","heightMethod":"No supplied height"},"geometry":{"type":"Polygon","coordinates":[[[-100.44970653525795,20.69924508110904],[-100.4497308315985,20.699381812574558],[-100.4498195757179,20.69936801926586],[-100.44979180847153,20.69921175470958],[-100.44973310836636,20.699220878350943],[-100.44973657784998,20.699240411649157],[-100.44970653525795,20.69924508110904]]]},"id":"microsoft-023310003-105384"},{"type":"Feature","properties":{"height":-1,"confidence":-1,"footprintSource":"Microsoft Global ML Building Footprints","footprintMethod":"AI detected from imagery; not surveyed","heightMethod":"No supplied height"},"geometry":{"type":"Polygon","coordinates":[[[-100.45219661899745,20.698980051343028],[-100.4522028604772,20.699025637038105],[-100.4522833912314,20.69901599376108],[-100.45227715239744,20.69897040247369],[-100.45219661899745,20.698980051343028]]]},"id":"microsoft-023310003-105398"},{"type":"Feature","properties":{"height":-1,"confidence":-1,"footprintSource":"Microsoft Global ML Building Footprints","footprintMethod":"AI detected from imagery; not surveyed","heightMethod":"No supplied height"},"geometry":{"type":"Polygon","coordinates":[[[-100.45320875090607,20.69935066990074],[-100.4532421576382,20.699344132454286],[-100.45325936027791,20.69942105615985],[-100.45328892564642,20.69941527044209],[-100.45326124579753,20.699291455167995],[-100.45319826393816,20.699303776125205],[-100.45320875090607,20.69935066990074]]]},"id":"microsoft-023310003-105408"},{"type":"Feature","properties":{"height":-1,"confidence":-1,"footprintSource":"Microsoft Global ML Building Footprints","footprintMethod":"AI detected from imagery; not surveyed","heightMethod":"No supplied height"},"geometry":{"type":"Polygon","coordinates":[[[-100.45763154299766,20.703696753127574],[-100.45749898690961,20.7037398322817],[-100.45747454409238,20.703674021337946],[-100.45742760023403,20.703689274464622],[-100.45746418044095,20.703787784488284],[-100.45750008188412,20.703776119301025],[-100.45754331303776,20.703892540164475],[-100.45768691881045,20.70384587944227],[-100.45763154299766,20.703696753127574]]]},"id":"microsoft-023310003-105429"},{"type":"Feature","properties":{"height":-1,"confidence":-1,"footprintSource":"Microsoft Global ML Building Footprints","footprintMethod":"AI detected from imagery; not surveyed","heightMethod":"No supplied height"},"geometry":{"type":"Polygon","coordinates":[[[-100.43649848144382,20.71053392837554],[-100.43648779299086,20.710482246775],[-100.43643474613238,20.710491842037825],[-100.43644543154981,20.71054352765715],[-100.43649848144382,20.71053392837554]]]},"id":"microsoft-023310003-106702"},{"type":"Feature","properties":{"height":-1,"confidence":-1,"footprintSource":"Microsoft Global ML Building Footprints","footprintMethod":"AI detected from imagery; not surveyed","heightMethod":"No supplied height"},"geometry":{"type":"Polygon","coordinates":[[[-100.44916607717883,20.704026669323795],[-100.44911252462319,20.704028741384676],[-100.44911529351668,20.704091358980946],[-100.44916884607235,20.704089286920933],[-100.44916607717883,20.704026669323795]]]},"id":"microsoft-023310003-106757"},{"type":"Feature","properties":{"height":-1,"confidence":-1,"footprintSource":"Microsoft Global ML Building Footprints","footprintMethod":"AI detected from imagery; not surveyed","heightMethod":"No supplied height"},"geometry":{"type":"Polygon","coordinates":[[[-100.45055378827004,20.70005113923449],[-100.45063153086052,20.700052818885894],[-100.45063429074213,20.69994103845707],[-100.45055654827726,20.699939353717255],[-100.45055378827004,20.70005113923449]]]},"id":"microsoft-023310003-106762"},{"type":"Feature","properties":{"height":-1,"confidence":-1,"footprintSource":"Microsoft Global ML Building Footprints","footprintMethod":"AI detected from imagery; not surveyed","heightMethod":"No supplied height"},"geometry":{"type":"Polygon","coordinates":[[[-100.4507060226025,20.703656958701558],[-100.4506235216063,20.703748579008234],[-100.45076158943411,20.7038573743108],[-100.45084409519166,20.70376574878223],[-100.4507060226025,20.703656958701558]]]},"id":"microsoft-023310003-106763"},{"type":"Feature","properties":{"height":-1,"confidence":-1,"footprintSource":"Microsoft Global ML Building Footprints","footprintMethod":"AI detected from imagery; not surveyed","heightMethod":"No supplied height"},"geometry":{"type":"Polygon","coordinates":[[[-100.45122500099016,20.69988010197642],[-100.45112642864068,20.699902915438855],[-100.4511451885067,20.699973845403008],[-100.45110727606459,20.699982619806605],[-100.45111728132645,20.700020449105082],[-100.45117794123382,20.700006410062556],[-100.45117418926061,20.69999222407543],[-100.45125001414485,20.69997467526882],[-100.45122500099016,20.69988010197642]]]},"id":"microsoft-023310003-106765"},{"type":"Feature","properties":{"height":-1,"confidence":-1,"footprintSource":"Microsoft Global ML Building Footprints","footprintMethod":"AI detected from imagery; not surveyed","heightMethod":"No supplied height"},"geometry":{"type":"Polygon","coordinates":[[[-100.45151872677833,20.69941744013059],[-100.45145064489935,20.69943789058432],[-100.45147250657774,20.699501577594347],[-100.45150654751723,20.699491352372107],[-100.45154601624577,20.699606331833223],[-100.4514414640617,20.699637744052197],[-100.45145161391989,20.699667312383085],[-100.45159020634995,20.699625672936733],[-100.45151872677833,20.69941744013059]]]},"id":"microsoft-023310003-106767"},{"type":"Feature","properties":{"height":-1,"confidence":-1,"footprintSource":"Microsoft Global ML Building Footprints","footprintMethod":"AI detected from imagery; not surveyed","heightMethod":"No supplied height"},"geometry":{"type":"Polygon","coordinates":[[[-100.45154324967704,20.700449173489716],[-100.45142526296524,20.700475668998294],[-100.4514666620391,20.700636987493326],[-100.45158466016277,20.700610489450256],[-100.45154324967704,20.700449173489716]]]},"id":"microsoft-023310003-106768"},{"type":"Feature","properties":{"height":-1,"confidence":-1,"footprintSource":"Microsoft Global ML Building Footprints","footprintMethod":"AI detected from imagery; not surveyed","heightMethod":"No supplied height"},"geometry":{"type":"Polygon","coordinates":[[[-100.4516883264861,20.700563677227166],[-100.45163736542176,20.70042159874832],[-100.45155413388214,20.700447716782094],[-100.45160508539152,20.7005897982348],[-100.4516883264861,20.700563677227166]]]},"id":"microsoft-023310003-106771"},{"type":"Feature","properties":{"height":-1,"confidence":-1,"footprintSource":"Microsoft Global ML Building Footprints","footprintMethod":"AI detected from imagery; not surveyed","heightMethod":"No supplied height"},"geometry":{"type":"Polygon","coordinates":[[[-100.45596706819991,20.718031830921532],[-100.45591445465367,20.7179718676459],[-100.45587759196816,20.718000164078575],[-100.45593020551438,20.71806012734301],[-100.45596706819991,20.718031830921532]]]},"id":"microsoft-023310003-106792"},{"type":"Feature","properties":{"height":-1,"confidence":-1,"footprintSource":"Microsoft Global ML Building Footprints","footprintMethod":"AI detected from imagery; not surveyed","heightMethod":"No supplied height"},"geometry":{"type":"Polygon","coordinates":[[[-100.45054360404518,20.69544306882348],[-100.45054129776729,20.695505722814787],[-100.45060023647997,20.695507621377658],[-100.45060254275786,20.695444967387132],[-100.45054360404518,20.69544306882348]]]},"id":"microsoft-023310003-108086"},{"type":"Feature","properties":{"height":-1,"confidence":-1,"footprintSource":"Microsoft Global ML Building Footprints","footprintMethod":"AI detected from imagery; not surveyed","heightMethod":"No supplied height"},"geometry":{"type":"Polygon","coordinates":[[[-100.45108494964428,20.69813671826637],[-100.45120135524026,20.6981197000395],[-100.45117534666547,20.69796402367207],[-100.45105895119704,20.69798103281522],[-100.45108494964428,20.69813671826637]]]},"id":"microsoft-023310003-108089"},{"type":"Feature","properties":{"height":-1,"confidence":-1,"footprintSource":"Microsoft Global ML Building Footprints","footprintMethod":"AI detected from imagery; not surveyed","heightMethod":"No supplied height"},"geometry":{"type":"Polygon","coordinates":[[[-100.45213191008004,20.699070901810984],[-100.45213063346037,20.69901823845835],[-100.45205288949967,20.699019892700946],[-100.45205416611932,20.699072556053025],[-100.45213191008004,20.699070901810984]]]},"id":"microsoft-023310003-108099"},{"type":"Feature","properties":{"height":-1,"confidence":-1,"footprintSource":"Microsoft Global ML Building Footprints","footprintMethod":"AI detected from imagery; not surveyed","heightMethod":"No supplied height"},"geometry":{"type":"Polygon","coordinates":[[[-100.45237923632939,20.700985553303894],[-100.45232272449681,20.701005269749572],[-100.45234380173338,20.70105813304636],[-100.45225667932476,20.701088529217813],[-100.45230234667065,20.701203066274644],[-100.4524459809118,20.701152953702206],[-100.45237923632939,20.700985553303894]]]},"id":"microsoft-023310003-108101"},{"type":"Feature","properties":{"height":-1,"confidence":-1,"footprintSource":"Microsoft Global ML Building Footprints","footprintMethod":"AI detected from imagery; not surveyed","heightMethod":"No supplied height"},"geometry":{"type":"Polygon","coordinates":[[[-100.4523885014222,20.71278716218798],[-100.4523606599935,20.712733353547094],[-100.4523085035515,20.71275696430841],[-100.45233634354877,20.7128107701744],[-100.4523885014222,20.71278716218798]]]},"id":"microsoft-023310003-108102"},{"type":"Feature","properties":{"height":-1,"confidence":-1,"footprintSource":"Microsoft Global ML Building Footprints","footprintMethod":"AI detected from imagery; not surveyed","heightMethod":"No supplied height"},"geometry":{"type":"Polygon","coordinates":[[[-100.45366676733472,20.69817297553729],[-100.4535236693843,20.698077554049746],[-100.45347993079557,20.698134952267296],[-100.45362303632733,20.698230369404882],[-100.45366676733472,20.69817297553729]]]},"id":"microsoft-023310003-108108"},{"type":"Feature","properties":{"height":-1,"confidence":-1,"footprintSource":"Microsoft Global ML Building Footprints","footprintMethod":"AI detected from imagery; not surveyed","heightMethod":"No supplied height"},"geometry":{"type":"Polygon","coordinates":[[[-100.4551473882932,20.697118992650616],[-100.45497537044915,20.69713225967078],[-100.45497361179532,20.6971123224762],[-100.4549111903333,20.697117136784044],[-100.45492107442719,20.6972292841086],[-100.45515551521483,20.697211202677963],[-100.4551473882932,20.697118992650616]]]},"id":"microsoft-023310003-108116"},{"type":"Feature","properties":{"height":-1,"confidence":-1,"footprintSource":"Microsoft Global ML Building Footprints","footprintMethod":"AI detected from imagery; not surveyed","heightMethod":"No supplied height"},"geometry":{"type":"Polygon","coordinates":[[[-100.4408633038762,20.695622813125894],[-100.44085417638347,20.69554343889557],[-100.44078951308731,20.695549941812033],[-100.4407986347094,20.695629316629322],[-100.4408633038762,20.695622813125894]]]},"id":"microsoft-023310003-109375"},{"type":"Feature","properties":{"height":-1,"confidence":-1,"footprintSource":"Microsoft Global ML Building Footprints","footprintMethod":"AI detected from imagery; not surveyed","heightMethod":"No supplied height"},"geometry":{"type":"Polygon","coordinates":[[[-100.44693797021107,20.69581611320453],[-100.44687810237338,20.695800751931557],[-100.44684825430366,20.6959025246356],[-100.44690812107223,20.69591788954358],[-100.44693797021107,20.69581611320453]]]},"id":"microsoft-023310003-109397"},{"type":"Feature","properties":{"height":-1,"confidence":-1,"footprintSource":"Microsoft Global ML Building Footprints","footprintMethod":"AI detected from imagery; not surveyed","heightMethod":"No supplied height"},"geometry":{"type":"Polygon","coordinates":[[[-100.45066999278104,20.7023654983591],[-100.450635412016,20.70224091978953],[-100.4505363435767,20.702264982754798],[-100.4505709330738,20.702389559183658],[-100.45066999278104,20.7023654983591]]]},"id":"microsoft-023310003-109416"},{"type":"Feature","properties":{"height":-1,"confidence":-1,"footprintSource":"Microsoft Global ML Building Footprints","footprintMethod":"AI detected from imagery; not surveyed","heightMethod":"No supplied height"},"geometry":{"type":"Polygon","coordinates":[[[-100.45134115520926,20.70145993025801],[-100.4513059995162,20.701376426900794],[-100.45120510983703,20.701413601235117],[-100.45124026853091,20.701497096861132],[-100.45134115520926,20.70145993025801]]]},"id":"microsoft-023310003-109420"},{"type":"Feature","properties":{"height":-1,"confidence":-1,"footprintSource":"Microsoft Global ML Building Footprints","footprintMethod":"AI detected from imagery; not surveyed","heightMethod":"No supplied height"},"geometry":{"type":"Polygon","coordinates":[[[-100.4516292505589,20.69815747219343],[-100.45168012213185,20.698143763306476],[-100.45166299894046,20.698088159568243],[-100.45161212352623,20.69810186949539],[-100.4516292505589,20.69815747219343]]]},"id":"microsoft-023310003-109423"},{"type":"Feature","properties":{"height":-1,"confidence":-1,"footprintSource":"Microsoft Global ML Building Footprints","footprintMethod":"AI detected from imagery; not surveyed","heightMethod":"No supplied height"},"geometry":{"type":"Polygon","coordinates":[[[-100.44718786619715,20.69766453718907],[-100.44712697514801,20.69768624840357],[-100.44719180220389,20.697845349916676],[-100.4472526946714,20.69782364220596],[-100.44718786619715,20.69766453718907]]]},"id":"microsoft-023310003-110735"},{"type":"Feature","properties":{"height":-1,"confidence":-1,"footprintSource":"Microsoft Global ML Building Footprints","footprintMethod":"AI detected from imagery; not surveyed","heightMethod":"No supplied height"},"geometry":{"type":"Polygon","coordinates":[[[-100.44876064910164,20.699845973124],[-100.44865911685939,20.699868587523596],[-100.44869296188763,20.700001556402484],[-100.44879449412991,20.69997894202271],[-100.44876064910164,20.699845973124]]]},"id":"microsoft-023310003-110744"},{"type":"Feature","properties":{"height":-1,"confidence":-1,"footprintSource":"Microsoft Global ML Building Footprints","footprintMethod":"AI detected from imagery; not surveyed","heightMethod":"No supplied height"},"geometry":{"type":"Polygon","coordinates":[[[-100.45098865025064,20.698415550691422],[-100.45092012198654,20.698427700495586],[-100.45091128883878,20.698384103089495],[-100.45087245082324,20.69839098892551],[-100.45090266389107,20.69854011026979],[-100.45101003641653,20.698521066507652],[-100.45098865025064,20.698415550691422]]]},"id":"microsoft-023310003-110766"},{"type":"Feature","properties":{"height":-1,"confidence":-1,"footprintSource":"Microsoft Global ML Building Footprints","footprintMethod":"AI detected from imagery; not surveyed","heightMethod":"No supplied height"},"geometry":{"type":"Polygon","coordinates":[[[-100.4511664304279,20.694905923071744],[-100.45114545931419,20.694898297220362],[-100.45111647497535,20.69496804996207],[-100.45106288212916,20.694948561682438],[-100.45103480355093,20.695016134629057],[-100.4511885917182,20.695072057486783],[-100.45121123573293,20.69501756319744],[-100.45127647919784,20.695041288048458],[-100.45138335894731,20.694784074778667],[-100.45129015399743,20.694750182075737],[-100.45127385030683,20.6947894180352],[-100.45122258758441,20.69477077705018],[-100.4511664304279,20.694905923071744]]]},"id":"microsoft-023310003-110768"},{"type":"Feature","properties":{"height":-1,"confidence":-1,"footprintSource":"Microsoft Global ML Building Footprints","footprintMethod":"AI detected from imagery; not surveyed","heightMethod":"No supplied height"},"geometry":{"type":"Polygon","coordinates":[[[-100.45203605233725,20.700298007446264],[-100.45208129753941,20.70044798980905],[-100.45214837427388,20.700430278721],[-100.45210313029875,20.700280300408338],[-100.45203605233725,20.700298007446264]]]},"id":"microsoft-023310003-110773"},{"type":"Feature","properties":{"height":-1,"confidence":-1,"footprintSource":"Microsoft Global ML Building Footprints","footprintMethod":"AI detected from imagery; not surveyed","heightMethod":"No supplied height"},"geometry":{"type":"Polygon","coordinates":[[[-100.45211188231302,20.716038367239975],[-100.45211777923029,20.71607260165898],[-100.45217891808869,20.716063388194414],[-100.4521730186746,20.71602915414961],[-100.45211188231302,20.716038367239975]]]},"id":"microsoft-023310003-110774"},{"type":"Feature","properties":{"height":-1,"confidence":-1,"footprintSource":"Microsoft Global ML Building Footprints","footprintMethod":"AI detected from imagery; not surveyed","heightMethod":"No supplied height"},"geometry":{"type":"Polygon","coordinates":[[[-100.45435101809421,20.712831265261656],[-100.45436780096071,20.71287303331934],[-100.45440775480898,20.71285898765116],[-100.45439097194249,20.712817219589596],[-100.45435101809421,20.712831265261656]]]},"id":"microsoft-023310003-110789"},{"type":"Feature","properties":{"height":-1,"confidence":-1,"footprintSource":"Microsoft Global ML Building Footprints","footprintMethod":"AI detected from imagery; not surveyed","heightMethod":"No supplied height"},"geometry":{"type":"Polygon","coordinates":[[[-100.45534477410482,20.701133186390294],[-100.45524701062266,20.70115204891802],[-100.45524406682134,20.701138702430598],[-100.45503825181494,20.70117842593585],[-100.45503612855545,20.701168799589382],[-100.45498724749142,20.70117823392097],[-100.45500529519731,20.701260057841196],[-100.45507733044953,20.70124615462302],[-100.45509166245125,20.70131113241655],[-100.45519714264204,20.70129077413924],[-100.45520191997595,20.701312433400446],[-100.45534341779283,20.70128512351586],[-100.45533917127382,20.701265870835897],[-100.45537261621236,20.701259415770707],[-100.45534477410482,20.701133186390294]]]},"id":"microsoft-023310003-110792"},{"type":"Feature","properties":{"height":-1,"confidence":-1,"footprintSource":"Microsoft Global ML Building Footprints","footprintMethod":"AI detected from imagery; not surveyed","heightMethod":"No supplied height"},"geometry":{"type":"Polygon","coordinates":[[[-100.44149897934342,20.698871707729666],[-100.44144322949752,20.698877011184507],[-100.44145159862614,20.6989539963388],[-100.44150734847204,20.69894869288663],[-100.44149897934342,20.698871707729666]]]},"id":"microsoft-023310003-112071"},{"type":"Feature","properties":{"height":-1,"confidence":-1,"footprintSource":"Microsoft Global ML Building Footprints","footprintMethod":"AI detected from imagery; not surveyed","heightMethod":"No supplied height"},"geometry":{"type":"Polygon","coordinates":[[[-100.44849486061219,20.699387022243997],[-100.44861074411801,20.699349049333662],[-100.4485538367914,20.699197080183893],[-100.4484379431584,20.69923505645079],[-100.44849486061219,20.699387022243997]]]},"id":"microsoft-023310003-112103"},{"type":"Feature","properties":{"height":-1,"confidence":-1,"footprintSource":"Microsoft Global ML Building Footprints","footprintMethod":"AI detected from imagery; not surveyed","heightMethod":"No supplied height"},"geometry":{"type":"Polygon","coordinates":[[[-100.45734814958425,20.720062316408118],[-100.45733464447318,20.720096247659612],[-100.45735937712162,20.720104857750215],[-100.45737516036762,20.720065195286836],[-100.45741520975245,20.720079137542058],[-100.45745326194444,20.71998351435998],[-100.45736609763053,20.719953164419124],[-100.4573257635914,20.720054521782956],[-100.45734814958425,20.720062316408118]]]},"id":"microsoft-023310003-112152"},{"type":"Feature","properties":{"height":-1,"confidence":-1,"footprintSource":"Microsoft Global ML Building Footprints","footprintMethod":"AI detected from imagery; not surveyed","heightMethod":"No supplied height"},"geometry":{"type":"Polygon","coordinates":[[[-100.43680644871839,20.708382511751097],[-100.43681528878115,20.70842254780976],[-100.43693105170188,20.708400190797718],[-100.43692221003415,20.708360147464546],[-100.43680644871839,20.708382511751097]]]},"id":"microsoft-023310003-113382"},{"type":"Feature","properties":{"height":-1,"confidence":-1,"footprintSource":"Microsoft Global ML Building Footprints","footprintMethod":"AI detected from imagery; not surveyed","heightMethod":"No supplied height"},"geometry":{"type":"Polygon","coordinates":[[[-100.44853844487379,20.69981556130162],[-100.44852267227293,20.69977883465711],[-100.44848110165827,20.69979445696943],[-100.44849687425912,20.699831183610144],[-100.44853844487379,20.69981556130162]]]},"id":"microsoft-023310003-113427"},{"type":"Feature","properties":{"height":-1,"confidence":-1,"footprintSource":"Microsoft Global ML Building Footprints","footprintMethod":"AI detected from imagery; not surveyed","heightMethod":"No supplied height"},"geometry":{"type":"Polygon","coordinates":[[[-100.4503824697866,20.701135695362055],[-100.45041901647151,20.701230157835397],[-100.45049145420424,20.701205629603535],[-100.45045490289294,20.70111117342367],[-100.4503824697866,20.701135695362055]]]},"id":"microsoft-023310003-113441"},{"type":"Feature","properties":{"height":-1,"confidence":-1,"footprintSource":"Microsoft Global ML Building Footprints","footprintMethod":"AI detected from imagery; not surveyed","heightMethod":"No supplied height"},"geometry":{"type":"Polygon","coordinates":[[[-100.45043261259202,20.6975578267876],[-100.45043893017571,20.6974981941419],[-100.45032471694824,20.697487605672052],[-100.45031866259724,20.697544753628648],[-100.45016460754627,20.69753047151073],[-100.45015223561161,20.697647252061728],[-100.4502027019214,20.697651930683094],[-100.45019796373366,20.697696655124233],[-100.45025639840816,20.697702072473533],[-100.45026640124898,20.6976076541968],[-100.45030093082936,20.697610855359642],[-100.45030777487831,20.69754625334832],[-100.45043261259202,20.6975578267876]]]},"id":"microsoft-023310003-113442"},{"type":"Feature","properties":{"height":-1,"confidence":-1,"footprintSource":"Microsoft Global ML Building Footprints","footprintMethod":"AI detected from imagery; not surveyed","heightMethod":"No supplied height"},"geometry":{"type":"Polygon","coordinates":[[[-100.45166072081653,20.698767653765373],[-100.45162576354022,20.698778538787437],[-100.45164059150213,20.69882021839574],[-100.45167555231905,20.698809334563094],[-100.45166072081653,20.698767653765373]]]},"id":"microsoft-023310003-113447"},{"type":"Feature","properties":{"height":-1,"confidence":-1,"footprintSource":"Microsoft Global ML Building Footprints","footprintMethod":"AI detected from imagery; not surveyed","heightMethod":"No supplied height"},"geometry":{"type":"Polygon","coordinates":[[[-100.4524290699236,20.6964539143045],[-100.45237019202612,20.69648138790221],[-100.45239054537187,20.696519563800408],[-100.45244942555648,20.696492089142396],[-100.4524290699236,20.6964539143045]]]},"id":"microsoft-023310003-113450"},{"type":"Feature","properties":{"height":-1,"confidence":-1,"footprintSource":"Microsoft Global ML Building Footprints","footprintMethod":"AI detected from imagery; not surveyed","heightMethod":"No supplied height"},"geometry":{"type":"Polygon","coordinates":[[[-100.45498482311697,20.69795489487501],[-100.45486815557497,20.697792292539006],[-100.45497170866335,20.697727274413324],[-100.45493695662957,20.697678839620465],[-100.45500352647208,20.697637042225907],[-100.45493898698076,20.697547091830472],[-100.45456360703542,20.697782782683433],[-100.45468399800961,20.697950574463363],[-100.45476536115048,20.69789948884886],[-100.4548609292434,20.698032684298198],[-100.45498482311697,20.69795489487501]]]},"id":"microsoft-023310003-113461"},{"type":"Feature","properties":{"height":-1,"confidence":-1,"footprintSource":"Microsoft Global ML Building Footprints","footprintMethod":"AI detected from imagery; not surveyed","heightMethod":"No supplied height"},"geometry":{"type":"Polygon","coordinates":[[[-100.43562681963878,20.695881331908595],[-100.43563813488387,20.695965307133733],[-100.43566453724557,20.69596219215211],[-100.43565322200051,20.69587821692525],[-100.43562681963878,20.695881331908595]]]},"id":"microsoft-023310003-114720"},{"type":"Feature","properties":{"height":-1,"confidence":-1,"footprintSource":"Microsoft Global ML Building Footprints","footprintMethod":"AI detected from imagery; not surveyed","heightMethod":"No supplied height"},"geometry":{"type":"Polygon","coordinates":[[[-100.43632821941335,20.699141449592886],[-100.4363274991267,20.699174993614747],[-100.43635836385046,20.69917557356804],[-100.43635908660228,20.69914203161352],[-100.43632821941335,20.699141449592886]]]},"id":"microsoft-023310003-114723"},{"type":"Feature","properties":{"height":-1,"confidence":-1,"footprintSource":"Microsoft Global ML Building Footprints","footprintMethod":"AI detected from imagery; not surveyed","heightMethod":"No supplied height"},"geometry":{"type":"Polygon","coordinates":[[[-100.448667065628,20.697530811391687],[-100.44848659517298,20.6975841474639],[-100.44851587362444,20.697670840176713],[-100.4486963440795,20.69761750413501],[-100.448667065628,20.697530811391687]]]},"id":"microsoft-023310003-114769"},{"type":"Feature","properties":{"height":-1,"confidence":-1,"footprintSource":"Microsoft Global ML Building Footprints","footprintMethod":"AI detected from imagery; not surveyed","heightMethod":"No supplied height"},"geometry":{"type":"Polygon","coordinates":[[[-100.45775886931371,20.703269329556008],[-100.45771632049996,20.703180887975478],[-100.45766189793558,20.703203798086676],[-100.45770445367744,20.703292240299874],[-100.45775886931371,20.703269329556008]]]},"id":"microsoft-023310003-114816"},{"type":"Feature","properties":{"height":-1,"confidence":-1,"footprintSource":"Microsoft Global ML Building Footprints","footprintMethod":"AI detected from imagery; not surveyed","heightMethod":"No supplied height"},"geometry":{"type":"Polygon","coordinates":[[[-100.44532853097957,20.698674019816323],[-100.44526814245845,20.698675288956466],[-100.44526968264809,20.698739419086067],[-100.44527772522838,20.698739250587835],[-100.44527823281872,20.698760385534342],[-100.44533057239597,20.698759285553436],[-100.44532853097957,20.698674019816323]]]},"id":"microsoft-023310003-116162"},{"type":"Feature","properties":{"height":-1,"confidence":-1,"footprintSource":"Microsoft Global ML Building Footprints","footprintMethod":"AI detected from imagery; not surveyed","heightMethod":"No supplied height"},"geometry":{"type":"Polygon","coordinates":[[[-100.44931922770438,20.696171854595647],[-100.449383507881,20.69616956934297],[-100.44937919283622,20.696063354343863],[-100.44931491283032,20.69606564380061],[-100.44931922770438,20.696171854595647]]]},"id":"microsoft-023310003-116187"},{"type":"Feature","properties":{"height":-1,"confidence":-1,"footprintSource":"Microsoft Global ML Building Footprints","footprintMethod":"AI detected from imagery; not surveyed","heightMethod":"No supplied height"},"geometry":{"type":"Polygon","coordinates":[[[-100.44947885416589,20.701797183939533],[-100.44944479830677,20.701685867580906],[-100.44938777757716,20.701701132390667],[-100.44939842003312,20.701735918758033],[-100.44938106589802,20.70174056456831],[-100.44939667483345,20.701791584557753],[-100.44935452907677,20.701802867235514],[-100.44936233354447,20.701828377221887],[-100.44947885416589,20.701797183939533]]]},"id":"microsoft-023310003-116189"},{"type":"Feature","properties":{"height":-1,"confidence":-1,"footprintSource":"Microsoft Global ML Building Footprints","footprintMethod":"AI detected from imagery; not surveyed","heightMethod":"No supplied height"},"geometry":{"type":"Polygon","coordinates":[[[-100.45025608029329,20.694818705944172],[-100.45021668761888,20.694813323257165],[-100.4502070976936,20.69487474141549],[-100.45024649036799,20.694880124100308],[-100.45025608029329,20.694818705944172]]]},"id":"microsoft-023310003-116193"},{"type":"Feature","properties":{"height":-1,"confidence":-1,"footprintSource":"Microsoft Global ML Building Footprints","footprintMethod":"AI detected from imagery; not surveyed","heightMethod":"No supplied height"},"geometry":{"type":"Polygon","coordinates":[[[-100.45370349889093,20.701488666294438],[-100.45377051727452,20.701487196417872],[-100.45376850597252,20.701406951491705],[-100.45370148758894,20.701408421369038],[-100.45370349889093,20.701488666294438]]]},"id":"microsoft-023310003-116215"},{"type":"Feature","properties":{"height":-1,"confidence":-1,"footprintSource":"Microsoft Global ML Building Footprints","footprintMethod":"AI detected from imagery; not surveyed","heightMethod":"No supplied height"},"geometry":{"type":"Polygon","coordinates":[[[-100.4558158779774,20.715793573558116],[-100.45569917926467,20.715742594902864],[-100.4556570107005,20.715827034593005],[-100.45577370941325,20.71587801321985],[-100.4558158779774,20.715793573558116]]]},"id":"microsoft-023310003-116224"},{"type":"Feature","properties":{"height":-1,"confidence":-1,"footprintSource":"Microsoft Global ML Building Footprints","footprintMethod":"AI detected from imagery; not surveyed","heightMethod":"No supplied height"},"geometry":{"type":"Polygon","coordinates":[[[-100.44840694567998,20.69807649936294],[-100.4484166980899,20.698111776409064],[-100.44835133222149,20.698127589516815],[-100.44838449041521,20.69824753139973],[-100.44845237035548,20.69823111010851],[-100.44844001730291,20.69818642588386],[-100.44855566460855,20.69815844885683],[-100.44852510705748,20.698047914118888],[-100.44840694567998,20.69807649936294]]]},"id":"microsoft-023310003-117522"},{"type":"Feature","properties":{"height":-1,"confidence":-1,"footprintSource":"Microsoft Global ML Building Footprints","footprintMethod":"AI detected from imagery; not surveyed","heightMethod":"No supplied height"},"geometry":{"type":"Polygon","coordinates":[[[-100.44877679204377,20.698198974832096],[-100.44868031209779,20.69822041362768],[-100.44870662251743,20.69832402564637],[-100.44880310094513,20.69830258088625],[-100.44877679204377,20.698198974832096]]]},"id":"microsoft-023310003-117528"},{"type":"Feature","properties":{"height":-1,"confidence":-1,"footprintSource":"Microsoft Global ML Building Footprints","footprintMethod":"AI detected from imagery; not surveyed","heightMethod":"No supplied height"},"geometry":{"type":"Polygon","coordinates":[[[-100.45108866843808,20.695062071831344],[-100.4510541449042,20.695156397969],[-100.45115737810731,20.69518946277975],[-100.45116395401853,20.695171495904845],[-100.45121917177833,20.695189181732985],[-100.45124711940099,20.69511282249971],[-100.45108866843808,20.695062071831344]]]},"id":"microsoft-023310003-117540"},{"type":"Feature","properties":{"height":-1,"confidence":-1,"footprintSource":"Microsoft Global ML Building Footprints","footprintMethod":"AI detected from imagery; not surveyed","heightMethod":"No supplied height"},"geometry":{"type":"Polygon","coordinates":[[[-100.44954932019768,20.70034486835503],[-100.44942081518829,20.700375400151643],[-100.44946240233025,20.7005286075549],[-100.44959090733965,20.7004980757891],[-100.44954932019768,20.70034486835503]]]},"id":"microsoft-023310003-118932"},{"type":"Feature","properties":{"height":-1,"confidence":-1,"footprintSource":"Microsoft Global ML Building Footprints","footprintMethod":"AI detected from imagery; not surveyed","heightMethod":"No supplied height"},"geometry":{"type":"Polygon","coordinates":[[[-100.45073952554816,20.702934808812273],[-100.45085637849866,20.703033948829614],[-100.45093321830079,20.7029547056471],[-100.45081636616706,20.70285555862067],[-100.45073952554816,20.702934808812273]]]},"id":"microsoft-023310003-118939"},{"type":"Feature","properties":{"height":-1,"confidence":-1,"footprintSource":"Microsoft Global ML Building Footprints","footprintMethod":"AI detected from imagery; not surveyed","heightMethod":"No supplied height"},"geometry":{"type":"Polygon","coordinates":[[[-100.4519412595418,20.69999171381714],[-100.45188652706914,20.70000996749465],[-100.45192725864538,20.700116817880925],[-100.45203550186073,20.70008071800504],[-100.45199901951104,20.69998499572894],[-100.4519455024143,20.700002844070568],[-100.4519412595418,20.69999171381714]]]},"id":"microsoft-023310003-118945"},{"type":"Feature","properties":{"height":-1,"confidence":-1,"footprintSource":"Microsoft Global ML Building Footprints","footprintMethod":"AI detected from imagery; not surveyed","heightMethod":"No supplied height"},"geometry":{"type":"Polygon","coordinates":[[[-100.45576552199881,20.703254936972456],[-100.45579821785319,20.70332285600054],[-100.4558272080234,20.703310644509727],[-100.45579451140941,20.703242723898242],[-100.45576552199881,20.703254936972456]]]},"id":"microsoft-023310003-118967"},{"type":"Feature","properties":{"height":-1,"confidence":-1,"footprintSource":"Microsoft Global ML Building Footprints","footprintMethod":"AI detected from imagery; not surveyed","heightMethod":"No supplied height"},"geometry":{"type":"Polygon","coordinates":[[[-100.45582048024401,20.7039228688013],[-100.4558277085582,20.70396183952333],[-100.45591623864122,20.703947471320944],[-100.45590901032702,20.703908500595233],[-100.45582048024401,20.7039228688013]]]},"id":"microsoft-023310003-118968"},{"type":"Feature","properties":{"height":-1,"confidence":-1,"footprintSource":"Microsoft Global ML Building Footprints","footprintMethod":"AI detected from imagery; not surveyed","heightMethod":"No supplied height"},"geometry":{"type":"Polygon","coordinates":[[[-100.45718370787263,20.71702463591342],[-100.4572377872883,20.71704153689636],[-100.4572608387544,20.716976994122305],[-100.45720676254568,20.716960097674402],[-100.45718370787263,20.71702463591342]]]},"id":"microsoft-023310003-118974"},{"type":"Feature","properties":{"height":-1,"confidence":-1,"footprintSource":"Microsoft Global ML Building Footprints","footprintMethod":"AI detected from imagery; not surveyed","heightMethod":"No supplied height"},"geometry":{"type":"Polygon","coordinates":[[[-100.4429486637116,20.718298380685667],[-100.44288457648356,20.71835120399028],[-100.44292981197616,20.718399216642126],[-100.4429939012264,20.718346391687504],[-100.4429486637116,20.718298380685667]]]},"id":"microsoft-023310003-120225"},{"type":"Feature","properties":{"height":-1,"confidence":-1,"footprintSource":"Microsoft Global ML Building Footprints","footprintMethod":"AI detected from imagery; not surveyed","heightMethod":"No supplied height"},"geometry":{"type":"Polygon","coordinates":[[[-100.44875029894875,20.698807943351042],[-100.44880660047939,20.698948836568206],[-100.44893838885908,20.698902752677327],[-100.44888208732844,20.698761859417345],[-100.44875029894875,20.698807943351042]]]},"id":"microsoft-023310003-120256"},{"type":"Feature","properties":{"height":-1,"confidence":-1,"footprintSource":"Microsoft Global ML Building Footprints","footprintMethod":"AI detected from imagery; not surveyed","heightMethod":"No supplied height"},"geometry":{"type":"Polygon","coordinates":[[[-100.44975855043303,20.7006761060898],[-100.44976071649623,20.70076889663092],[-100.44983310173458,20.700767422776593],[-100.4498309356714,20.70067463223458],[-100.44975855043303,20.7006761060898]]]},"id":"microsoft-023310003-120263"},{"type":"Feature","properties":{"height":-1,"confidence":-1,"footprintSource":"Microsoft Global ML Building Footprints","footprintMethod":"AI detected from imagery; not surveyed","heightMethod":"No supplied height"},"geometry":{"type":"Polygon","coordinates":[[[-100.45234441007649,20.69826013490865],[-100.45232651965412,20.6982009615718],[-100.45229920060156,20.698208189369566],[-100.45226792095914,20.698104730564367],[-100.45217985530255,20.698128024330103],[-100.45219319826892,20.69817216770916],[-100.45215346000867,20.698182678655073],[-100.45218927533946,20.698301168706067],[-100.45234441007649,20.69826013490865]]]},"id":"microsoft-023310003-120277"},{"type":"Feature","properties":{"height":-1,"confidence":-1,"footprintSource":"Microsoft Global ML Building Footprints","footprintMethod":"AI detected from imagery; not surveyed","heightMethod":"No supplied height"},"geometry":{"type":"Polygon","coordinates":[[[-100.45628875313004,20.69520433405677],[-100.456177294771,20.69517904099878],[-100.45614103967188,20.695318852659454],[-100.45620436828497,20.695333223702406],[-100.45619392190048,20.695373508390446],[-100.45623191906834,20.69538213101329],[-100.45624385754877,20.695336092315173],[-100.4562539899644,20.6953383923084],[-100.45628875313004,20.69520433405677]]]},"id":"microsoft-023310003-120304"},{"type":"Feature","properties":{"height":-1,"confidence":-1,"footprintSource":"Microsoft Global ML Building Footprints","footprintMethod":"AI detected from imagery; not surveyed","heightMethod":"No supplied height"},"geometry":{"type":"Polygon","coordinates":[[[-100.44912009368541,20.699002027384793],[-100.44919776866611,20.699204244126392],[-100.44933079675931,20.699159529671576],[-100.44931713961984,20.69912397508871],[-100.44929576010487,20.699131161342933],[-100.4492317422636,20.6989644991325],[-100.44912009368541,20.699002027384793]]]},"id":"microsoft-023310003-121558"},{"type":"Feature","properties":{"height":-1,"confidence":-1,"footprintSource":"Microsoft Global ML Building Footprints","footprintMethod":"AI detected from imagery; not surveyed","heightMethod":"No supplied height"},"geometry":{"type":"Polygon","coordinates":[[[-100.44943560771617,20.69931608868994],[-100.44941565954086,20.69925012602853],[-100.449363507854,20.69926393052583],[-100.44938345507325,20.699329890019825],[-100.44943560771617,20.69931608868994]]]},"id":"microsoft-023310003-121562"},{"type":"Feature","properties":{"height":-1,"confidence":-1,"footprintSource":"Microsoft Global ML Building Footprints","footprintMethod":"AI detected from imagery; not surveyed","heightMethod":"No supplied height"},"geometry":{"type":"Polygon","coordinates":[[[-100.4541925598916,20.700839085296096],[-100.4539916191111,20.700832796899064],[-100.45398184921882,20.701105976553208],[-100.45394701948355,20.70110488656634],[-100.45394307567383,20.70121516078349],[-100.45401541435481,20.701217424600728],[-100.454020433749,20.70107707558526],[-100.45407937637793,20.70107892017876],[-100.45407713557697,20.70114157600456],[-100.45410660689143,20.70114249830091],[-100.45410445572249,20.70120264786894],[-100.45424913308446,20.701207175503754],[-100.45425482293298,20.701048079662428],[-100.45430840701579,20.70104976007019],[-100.45431194939262,20.700950710351492],[-100.45418870571392,20.700946853470853],[-100.4541925598916,20.700839085296096]]]},"id":"microsoft-023310003-121591"},{"type":"Feature","properties":{"height":-1,"confidence":-1,"footprintSource":"Microsoft Global ML Building Footprints","footprintMethod":"AI detected from imagery; not surveyed","heightMethod":"No supplied height"},"geometry":{"type":"Polygon","coordinates":[[[-100.44167200642922,20.697612629197153],[-100.44169958181983,20.697671600083908],[-100.44178738690593,20.697635670451277],[-100.44175981151533,20.697576699550524],[-100.44167200642922,20.697612629197153]]]},"id":"microsoft-023310003-122896"},{"type":"Feature","properties":{"height":-1,"confidence":-1,"footprintSource":"Microsoft Global ML Building Footprints","footprintMethod":"AI detected from imagery; not surveyed","heightMethod":"No supplied height"},"geometry":{"type":"Polygon","coordinates":[[[-100.45352994176733,20.70063089944651],[-100.45353166540637,20.700733745018738],[-100.45365501670331,20.7007319360294],[-100.45365329306428,20.700629090455962],[-100.45352994176733,20.70063089944651]]]},"id":"microsoft-023310003-122955"},{"type":"Feature","properties":{"height":-1,"confidence":-1,"footprintSource":"Microsoft Global ML Building Footprints","footprintMethod":"AI detected from imagery; not surveyed","heightMethod":"No supplied height"},"geometry":{"type":"Polygon","coordinates":[[[-100.45367575942865,20.715328890675465],[-100.45362748376456,20.71535018173222],[-100.45366473178375,20.715424071073528],[-100.45371300744786,20.715402780027176],[-100.45367575942865,20.715328890675465]]]},"id":"microsoft-023310003-122957"},{"type":"Feature","properties":{"height":-1,"confidence":-1,"footprintSource":"Microsoft Global ML Building Footprints","footprintMethod":"AI detected from imagery; not surveyed","heightMethod":"No supplied height"},"geometry":{"type":"Polygon","coordinates":[[[-100.45381519022482,20.696905634567784],[-100.4538269187957,20.696935448728212],[-100.45387316020272,20.69691953005791],[-100.45386143464528,20.69688971788466],[-100.45381519022482,20.696905634567784]]]},"id":"microsoft-023310003-122958"},{"type":"Feature","properties":{"height":-1,"confidence":-1,"footprintSource":"Microsoft Global ML Building Footprints","footprintMethod":"AI detected from imagery; not surveyed","heightMethod":"No supplied height"},"geometry":{"type":"Polygon","coordinates":[[[-100.45599411420866,20.715559106066095],[-100.45601264012079,20.71559930495087],[-100.45605477503801,20.715582319248],[-100.45603625166262,20.715542119336078],[-100.45599411420866,20.715559106066095]]]},"id":"microsoft-023310003-122967"},{"type":"Feature","properties":{"height":-1,"confidence":-1,"footprintSource":"Microsoft Global ML Building Footprints","footprintMethod":"AI detected from imagery; not surveyed","heightMethod":"No supplied height"},"geometry":{"type":"Polygon","coordinates":[[[-100.45635378994545,20.694824853846967],[-100.45628434611467,20.694792363233162],[-100.45621781616002,20.694916802716875],[-100.45631730565619,20.69496335072489],[-100.45640483213775,20.694799615867595],[-100.45637479307881,20.694785563489205],[-100.45635378994545,20.694824853846967]]]},"id":"microsoft-023310003-122968"},{"type":"Feature","properties":{"height":-1,"confidence":-1,"footprintSource":"Microsoft Global ML Building Footprints","footprintMethod":"AI detected from imagery; not surveyed","heightMethod":"No supplied height"},"geometry":{"type":"Polygon","coordinates":[[[-100.44078425355265,20.695553834988146],[-100.44063585761506,20.695569156893754],[-100.44064697180549,20.695663356252027],[-100.44079536774308,20.695648034355912],[-100.44078425355265,20.695553834988146]]]},"id":"microsoft-023310003-124219"},{"type":"Feature","properties":{"height":-1,"confidence":-1,"footprintSource":"Microsoft Global ML Building Footprints","footprintMethod":"AI detected from imagery; not surveyed","heightMethod":"No supplied height"},"geometry":{"type":"Polygon","coordinates":[[[-100.45098143231547,20.703604543476416],[-100.45101755634636,20.70356261479091],[-100.45094600947087,20.703508677285868],[-100.45086607017257,20.703601461790996],[-100.45091485213312,20.703638237342176],[-100.45095866662206,20.703587382453392],[-100.45098143231547,20.703604543476416]]]},"id":"microsoft-023310003-124276"},{"type":"Feature","properties":{"height":-1,"confidence":-1,"footprintSource":"Microsoft Global ML Building Footprints","footprintMethod":"AI detected from imagery; not surveyed","heightMethod":"No supplied height"},"geometry":{"type":"Polygon","coordinates":[[[-100.45177173609694,20.696853817126282],[-100.45181438586624,20.69689842217612],[-100.45185312774197,20.69686600562605],[-100.45181047797266,20.696821400566677],[-100.45177173609694,20.696853817126282]]]},"id":"microsoft-023310003-124283"},{"type":"Feature","properties":{"height":-1,"confidence":-1,"footprintSource":"Microsoft Global ML Building Footprints","footprintMethod":"AI detected from imagery; not surveyed","heightMethod":"No supplied height"},"geometry":{"type":"Polygon","coordinates":[[[-100.44145804682096,20.698763831681987],[-100.44139913900972,20.69876611102805],[-100.44140295689816,20.698852454282488],[-100.44146186487964,20.698850178787893],[-100.44145804682096,20.698763831681987]]]},"id":"microsoft-023310003-125570"},{"type":"Feature","properties":{"height":-1,"confidence":-1,"footprintSource":"Microsoft Global ML Building Footprints","footprintMethod":"AI detected from imagery; not surveyed","heightMethod":"No supplied height"},"geometry":{"type":"Polygon","coordinates":[[[-100.45083183019052,20.694990046141413],[-100.45086856960673,20.694995155277482],[-100.45088026740217,20.694921507827104],[-100.45084352798598,20.694916398688534],[-100.45083183019052,20.694990046141413]]]},"id":"microsoft-023310003-125605"},{"type":"Feature","properties":{"height":-1,"confidence":-1,"footprintSource":"Microsoft Global ML Building Footprints","footprintMethod":"AI detected from imagery; not surveyed","heightMethod":"No supplied height"},"geometry":{"type":"Polygon","coordinates":[[[-100.4527396994371,20.70010097779604],[-100.45274226151722,20.70017114945506],[-100.45285478303587,20.70016755443524],[-100.45285222095575,20.700097382774544],[-100.4527396994371,20.70010097779604]]]},"id":"microsoft-023310003-125623"},{"type":"Feature","properties":{"height":-1,"confidence":-1,"footprintSource":"Microsoft Global ML Building Footprints","footprintMethod":"AI detected from imagery; not surveyed","heightMethod":"No supplied height"},"geometry":{"type":"Polygon","coordinates":[[[-100.45378371286606,20.715040797995215],[-100.45380308903042,20.715080110095087],[-100.45386202339697,20.71505469688792],[-100.45384264965867,20.71501538373532],[-100.45378371286606,20.715040797995215]]]},"id":"microsoft-023310003-125629"},{"type":"Feature","properties":{"height":-1,"confidence":-1,"footprintSource":"Microsoft Global ML Building Footprints","footprintMethod":"AI detected from imagery; not surveyed","heightMethod":"No supplied height"},"geometry":{"type":"Polygon","coordinates":[[[-100.45436928079117,20.70254388149391],[-100.45433712603675,20.70254482670893],[-100.45433931537164,20.702609996709455],[-100.45437147012608,20.702609051494832],[-100.45436928079117,20.70254388149391]]]},"id":"microsoft-023310003-125631"},{"type":"Feature","properties":{"height":-1,"confidence":-1,"footprintSource":"Microsoft Global ML Building Footprints","footprintMethod":"AI detected from imagery; not surveyed","heightMethod":"No supplied height"},"geometry":{"type":"Polygon","coordinates":[[[-100.45500898437581,20.69935550383437],[-100.45508237465525,20.69937230185667],[-100.45509723578297,20.69931548574975],[-100.45502384550356,20.699298687721125],[-100.45500898437581,20.69935550383437]]]},"id":"microsoft-023310003-125639"},{"type":"Feature","properties":{"height":-1,"confidence":-1,"footprintSource":"Microsoft Global ML Building Footprints","footprintMethod":"AI detected from imagery; not surveyed","heightMethod":"No supplied height"},"geometry":{"type":"Polygon","coordinates":[[[-100.4556916268224,20.703623606534634],[-100.45573886418646,20.70371803393148],[-100.45578472973116,20.703723931374412],[-100.4558040544155,20.70376256136153],[-100.45587765663367,20.70373033896327],[-100.45588988423106,20.703647128425374],[-100.45602150769544,20.703664052724633],[-100.45603037169903,20.703603731898568],[-100.4560283543241,20.70359969916825],[-100.45584572352313,20.70357621627541],[-100.45579699419397,20.70359754956594],[-100.45576155468186,20.703592992710142],[-100.4556916268224,20.703623606534634]]]},"id":"microsoft-023310003-125645"},{"type":"Feature","properties":{"height":-1,"confidence":-1,"footprintSource":"Microsoft Global ML Building Footprints","footprintMethod":"AI detected from imagery; not surveyed","heightMethod":"No supplied height"},"geometry":{"type":"Polygon","coordinates":[[[-100.43700935261215,20.711187677855875],[-100.4369545958513,20.71120439328203],[-100.43691927356328,20.71110317765273],[-100.43686894147248,20.711118545677323],[-100.43686984291044,20.711185105868907],[-100.43674158715162,20.711224258103556],[-100.4367719693466,20.71131131788478],[-100.43680181000289,20.711310964294015],[-100.43680286315659,20.71138872674004],[-100.43686844978998,20.71138794958503],[-100.4369174052689,20.711528230691584],[-100.4369176572988,20.71154683997851],[-100.4368214915403,20.711576196129926],[-100.4368381078638,20.711623809882653],[-100.4370145298651,20.711569954229134],[-100.43700935261215,20.711187677855875]]]},"id":"microsoft-023310003-126928"},{"type":"Feature","properties":{"height":-1,"confidence":-1,"footprintSource":"Microsoft Global ML Building Footprints","footprintMethod":"AI detected from imagery; not surveyed","heightMethod":"No supplied height"},"geometry":{"type":"Polygon","coordinates":[[[-100.44086427565881,20.69579863283947],[-100.4408340741022,20.69572110759532],[-100.44076777568225,20.69574370538335],[-100.44079797723886,20.695821230615934],[-100.44086427565881,20.69579863283947]]]},"id":"microsoft-023310003-126944"},{"type":"Feature","properties":{"height":-1,"confidence":-1,"footprintSource":"Microsoft Global ML Building Footprints","footprintMethod":"AI detected from imagery; not surveyed","heightMethod":"No supplied height"},"geometry":{"type":"Polygon","coordinates":[[[-100.45198319532427,20.699287581777057],[-100.45196598951452,20.699221232232944],[-100.45191910031139,20.699231872437863],[-100.45193631080934,20.69929822091349],[-100.45198319532427,20.699287581777057]]]},"id":"microsoft-023310003-126997"},{"type":"Feature","properties":{"height":-1,"confidence":-1,"footprintSource":"Microsoft Global ML Building Footprints","footprintMethod":"AI detected from imagery; not surveyed","heightMethod":"No supplied height"},"geometry":{"type":"Polygon","coordinates":[[[-100.45252353983264,20.698641047154453],[-100.45250602775585,20.69858293842013],[-100.45244639417815,20.698598664871284],[-100.45246390625493,20.698656773599552],[-100.45252353983264,20.698641047154453]]]},"id":"microsoft-023310003-127001"},{"type":"Feature","properties":{"height":-1,"confidence":-1,"footprintSource":"Microsoft Global ML Building Footprints","footprintMethod":"AI detected from imagery; not surveyed","heightMethod":"No supplied height"},"geometry":{"type":"Polygon","coordinates":[[[-100.45322150019186,20.697792724923644],[-100.45320711680296,20.697821577655503],[-100.45327100679202,20.69784944882504],[-100.45332134865316,20.697748464258012],[-100.45320899039656,20.6976994494066],[-100.45317303192432,20.697771581270374],[-100.45322150019186,20.697792724923644]]]},"id":"microsoft-023310003-127007"},{"type":"Feature","properties":{"height":-1,"confidence":-1,"footprintSource":"Microsoft Global ML Building Footprints","footprintMethod":"AI detected from imagery; not surveyed","heightMethod":"No supplied height"},"geometry":{"type":"Polygon","coordinates":[[[-100.45600371787496,20.697231076659477],[-100.45594980635367,20.697224574980552],[-100.455931429224,20.69735785018345],[-100.45598535055358,20.697364353039532],[-100.45600371787496,20.697231076659477]]]},"id":"microsoft-023310003-127020"},{"type":"Feature","properties":{"height":-1,"confidence":-1,"footprintSource":"Microsoft Global ML Building Footprints","footprintMethod":"AI detected from imagery; not surveyed","heightMethod":"No supplied height"},"geometry":{"type":"Polygon","coordinates":[[[-100.45667398131603,20.719247280319905],[-100.45661943302107,20.71921596033482],[-100.45657160181939,20.719288846613566],[-100.45662615011435,20.71932016658357],[-100.45667398131603,20.719247280319905]]]},"id":"microsoft-023310003-127021"},{"type":"Feature","properties":{"height":-1,"confidence":-1,"footprintSource":"Microsoft Global ML Building Footprints","footprintMethod":"AI detected from imagery; not surveyed","heightMethod":"No supplied height"},"geometry":{"type":"Polygon","coordinates":[[[-100.4487378870819,20.698101167177356],[-100.44871560002098,20.697994855857715],[-100.44866018313438,20.6980050221443],[-100.44868246253579,20.698111334861977],[-100.4487378870819,20.698101167177356]]]},"id":"microsoft-023310003-128382"},{"type":"Feature","properties":{"height":-1,"confidence":-1,"footprintSource":"Microsoft Global ML Building Footprints","footprintMethod":"AI detected from imagery; not surveyed","heightMethod":"No supplied height"},"geometry":{"type":"Polygon","coordinates":[[[-100.44898251877325,20.703920727636643],[-100.44897318626056,20.70387632334645],[-100.44892313887772,20.703885530448147],[-100.44893247392585,20.703929930992828],[-100.44898251877325,20.703920727636643]]]},"id":"microsoft-023310003-128386"},{"type":"Feature","properties":{"height":-1,"confidence":-1,"footprintSource":"Microsoft Global ML Building Footprints","footprintMethod":"AI detected from imagery; not surveyed","heightMethod":"No supplied height"},"geometry":{"type":"Polygon","coordinates":[[[-100.45263396248465,20.699070604008938],[-100.45264408020394,20.699126716224114],[-100.45267798432893,20.69912136665924],[-100.45268810204819,20.699177478855603],[-100.45277938238473,20.699163076185343],[-100.45275914694619,20.699050851761157],[-100.45263396248465,20.699070604008938]]]},"id":"microsoft-023310003-128409"},{"type":"Feature","properties":{"height":-1,"confidence":-1,"footprintSource":"Microsoft Global ML Building Footprints","footprintMethod":"AI detected from imagery; not surveyed","heightMethod":"No supplied height"},"geometry":{"type":"Polygon","coordinates":[[[-100.45301711763332,20.69555988957603],[-100.45313510570097,20.695561627695753],[-100.45313687137805,20.69545627021627],[-100.4530188833104,20.695454532095354],[-100.45301711763332,20.69555988957603]]]},"id":"microsoft-023310003-128413"},{"type":"Feature","properties":{"height":-1,"confidence":-1,"footprintSource":"Microsoft Global ML Building Footprints","footprintMethod":"AI detected from imagery; not surveyed","heightMethod":"No supplied height"},"geometry":{"type":"Polygon","coordinates":[[[-100.4536739154834,20.70042967204499],[-100.4536809347526,20.700494239580394],[-100.45372341082566,20.70049019889599],[-100.4537163915565,20.700425631358854],[-100.4536739154834,20.70042967204499]]]},"id":"microsoft-023310003-128416"},{"type":"Feature","properties":{"height":-1,"confidence":-1,"footprintSource":"Microsoft Global ML Building Footprints","footprintMethod":"AI detected from imagery; not surveyed","heightMethod":"No supplied height"},"geometry":{"type":"Polygon","coordinates":[[[-100.45495459682539,20.70348146345725],[-100.4549116548699,20.70334106885575],[-100.45485215387654,20.70335699747382],[-100.4548950947307,20.703497388459894],[-100.45495459682539,20.70348146345725]]]},"id":"microsoft-023310003-128426"},{"type":"Feature","properties":{"height":-1,"confidence":-1,"footprintSource":"Microsoft Global ML Building Footprints","footprintMethod":"AI detected from imagery; not surveyed","heightMethod":"No supplied height"},"geometry":{"type":"Polygon","coordinates":[[[-100.45715662557288,20.70301849204131],[-100.4570034831556,20.703075059441474],[-100.45706213344307,20.703213971624734],[-100.45707837582067,20.703207972058507],[-100.45715114295628,20.703380319580376],[-100.45725555574401,20.703341745064833],[-100.45727296713174,20.70338298357386],[-100.45730545111014,20.703370982614743],[-100.45715662557288,20.70301849204131]]]},"id":"microsoft-023310003-128439"},{"type":"Feature","properties":{"height":-1,"confidence":-1,"footprintSource":"Microsoft Global ML Building Footprints","footprintMethod":"AI detected from imagery; not surveyed","heightMethod":"No supplied height"},"geometry":{"type":"Polygon","coordinates":[[[-100.43315887490509,20.694774763871123],[-100.43322354045623,20.69489966631147],[-100.43326996369692,20.694878630207583],[-100.43320529185156,20.694753733641136],[-100.43315887490509,20.694774763871123]]]},"id":"microsoft-023310003-129678"},{"type":"Feature","properties":{"height":-1,"confidence":-1,"footprintSource":"Microsoft Global ML Building Footprints","footprintMethod":"AI detected from imagery; not surveyed","heightMethod":"No supplied height"},"geometry":{"type":"Polygon","coordinates":[[[-100.44085661142952,20.695783759091313],[-100.44100274649105,20.69576608733196],[-100.44099199062893,20.695688251456048],[-100.44084585999549,20.695705913121472],[-100.44085661142952,20.695783759091313]]]},"id":"microsoft-023310003-129710"},{"type":"Feature","properties":{"height":-1,"confidence":-1,"footprintSource":"Microsoft Global ML Building Footprints","footprintMethod":"AI detected from imagery; not surveyed","heightMethod":"No supplied height"},"geometry":{"type":"Polygon","coordinates":[[[-100.44146481447734,20.695792819688634],[-100.44149159085714,20.695881057572663],[-100.4415601109149,20.69586286614569],[-100.44153334064471,20.695774626629017],[-100.44146481447734,20.695792819688634]]]},"id":"microsoft-023310003-129712"},{"type":"Feature","properties":{"height":-1,"confidence":-1,"footprintSource":"Microsoft Global ML Building Footprints","footprintMethod":"AI detected from imagery; not surveyed","heightMethod":"No supplied height"},"geometry":{"type":"Polygon","coordinates":[[[-100.4507250472373,20.698671496162163],[-100.45067683942865,20.69867323839678],[-100.45067425269015,20.698610604909675],[-100.45063943593945,20.69861186319072],[-100.45064425495961,20.69872854757081],[-100.45072727929478,20.69872554162913],[-100.4507250472373,20.698671496162163]]]},"id":"microsoft-023310003-129757"},{"type":"Feature","properties":{"height":-1,"confidence":-1,"footprintSource":"Microsoft Global ML Building Footprints","footprintMethod":"AI detected from imagery; not surveyed","heightMethod":"No supplied height"},"geometry":{"type":"Polygon","coordinates":[[[-100.4516629853038,20.698708967032275],[-100.45164928892919,20.698673441672767],[-100.45158407642674,20.698695438338447],[-100.45161535780899,20.698776591034147],[-100.45166633329306,20.698759393293457],[-100.45169240124518,20.698827007737037],[-100.45175411334023,20.6988061918031],[-100.45171045614616,20.698692954763203],[-100.4516629853038,20.698708967032275]]]},"id":"microsoft-023310003-129763"},{"type":"Feature","properties":{"height":-1,"confidence":-1,"footprintSource":"Microsoft Global ML Building Footprints","footprintMethod":"AI detected from imagery; not surveyed","heightMethod":"No supplied height"},"geometry":{"type":"Polygon","coordinates":[[[-100.45262906438835,20.699538774740702],[-100.45272731290503,20.699510896675037],[-100.45270347141167,20.699437371629287],[-100.452605222895,20.699465249708453],[-100.45262906438835,20.699538774740702]]]},"id":"microsoft-023310003-129768"},{"type":"Feature","properties":{"height":-1,"confidence":-1,"footprintSource":"Microsoft Global ML Building Footprints","footprintMethod":"AI detected from imagery; not surveyed","heightMethod":"No supplied height"},"geometry":{"type":"Polygon","coordinates":[[[-100.45269774355191,20.70170895438605],[-100.45262671221292,20.701645601803975],[-100.45255239532767,20.701718508479615],[-100.45262342704108,20.701781866015622],[-100.45269774355191,20.70170895438605]]]},"id":"microsoft-023310003-129770"},{"type":"Feature","properties":{"height":-1,"confidence":-1,"footprintSource":"Microsoft Global ML Building Footprints","footprintMethod":"AI detected from imagery; not surveyed","heightMethod":"No supplied height"},"geometry":{"type":"Polygon","coordinates":[[[-100.45277723989267,20.699169146669405],[-100.45268150545759,20.699191917679215],[-100.45269336966466,20.699235565726738],[-100.45278910249954,20.699212788836377],[-100.45277723989267,20.699169146669405]]]},"id":"microsoft-023310003-129771"},{"type":"Feature","properties":{"height":-1,"confidence":-1,"footprintSource":"Microsoft Global ML Building Footprints","footprintMethod":"AI detected from imagery; not surveyed","heightMethod":"No supplied height"},"geometry":{"type":"Polygon","coordinates":[[[-100.45309272669778,20.69996955834776],[-100.45312539182973,20.700139702433688],[-100.45325145038925,20.70011851666601],[-100.45321877292535,20.699948374628846],[-100.45309272669778,20.69996955834776]]]},"id":"microsoft-023310003-129772"},{"type":"Feature","properties":{"height":-1,"confidence":-1,"footprintSource":"Microsoft Global ML Building Footprints","footprintMethod":"AI detected from imagery; not surveyed","heightMethod":"No supplied height"},"geometry":{"type":"Polygon","coordinates":[[[-100.45347768002571,20.700268109674496],[-100.45340392325461,20.70027742460691],[-100.45340943921595,20.70031562363404],[-100.45335148800528,20.700322946233413],[-100.45337230214813,20.7004670878339],[-100.4535040106679,20.70045045404639],[-100.45347768002571,20.700268109674496]]]},"id":"microsoft-023310003-129774"},{"type":"Feature","properties":{"height":-1,"confidence":-1,"footprintSource":"Microsoft Global ML Building Footprints","footprintMethod":"AI detected from imagery; not surveyed","heightMethod":"No supplied height"},"geometry":{"type":"Polygon","coordinates":[[[-100.45413200458304,20.703482647562026],[-100.45410693722881,20.70329357682158],[-100.4539484438502,20.70331197423488],[-100.45397350984955,20.703501034733137],[-100.45413200458304,20.703482647562026]]]},"id":"microsoft-023310003-129780"},{"type":"Feature","properties":{"height":-1,"confidence":-1,"footprintSource":"Microsoft Global ML Building Footprints","footprintMethod":"AI detected from imagery; not surveyed","heightMethod":"No supplied height"},"geometry":{"type":"Polygon","coordinates":[[[-100.45472496260986,20.70139704255456],[-100.45473132853323,20.701455479188866],[-100.45476849378701,20.70145193887066],[-100.45476212760131,20.70139349982678],[-100.45472496260986,20.70139704255456]]]},"id":"microsoft-023310003-129786"},{"type":"Feature","properties":{"height":-1,"confidence":-1,"footprintSource":"Microsoft Global ML Building Footprints","footprintMethod":"AI detected from imagery; not surveyed","heightMethod":"No supplied height"},"geometry":{"type":"Polygon","coordinates":[[[-100.44879482120642,20.70143513811479],[-100.44871787932011,20.70122380080913],[-100.44863135527532,20.70125136541199],[-100.44865263707368,20.701309820430268],[-100.44863340950816,20.70131594589452],[-100.44868906959613,20.70146882813728],[-100.44879482120642,20.70143513811479]]]},"id":"microsoft-023310003-131128"},{"type":"Feature","properties":{"height":-1,"confidence":-1,"footprintSource":"Microsoft Global ML Building Footprints","footprintMethod":"AI detected from imagery; not surveyed","heightMethod":"No supplied height"},"geometry":{"type":"Polygon","coordinates":[[[-100.44914197689285,20.70173975845435],[-100.44910632324915,20.70158643542348],[-100.44907302988129,20.701593209975044],[-100.44905408888309,20.70151175705547],[-100.44894908672283,20.701533122958338],[-100.44896892909146,20.70161845207305],[-100.44904063684145,20.701603856250657],[-100.44904976410066,20.70164310664056],[-100.44899342147811,20.701654571261827],[-100.44902573259269,20.701793520202685],[-100.44909744138506,20.701778928879776],[-100.44909075632688,20.7017501808307],[-100.44914197689285,20.70173975845435]]]},"id":"microsoft-023310003-131131"},{"type":"Feature","properties":{"height":-1,"confidence":-1,"footprintSource":"Microsoft Global ML Building Footprints","footprintMethod":"AI detected from imagery; not surveyed","heightMethod":"No supplied height"},"geometry":{"type":"Polygon","coordinates":[[[-100.44963827984003,20.698494540492078],[-100.44966464506285,20.698559437561443],[-100.44972089404992,20.69853944055177],[-100.44969453013444,20.69847454669187],[-100.44963827984003,20.698494540492078]]]},"id":"microsoft-023310003-131135"},{"type":"Feature","properties":{"height":-1,"confidence":-1,"footprintSource":"Microsoft Global ML Building Footprints","footprintMethod":"AI detected from imagery; not surveyed","heightMethod":"No supplied height"},"geometry":{"type":"Polygon","coordinates":[[[-100.45068432849554,20.70131399115445],[-100.45073580925596,20.701304119113644],[-100.45075427772656,20.701388393762954],[-100.45083548719806,20.701372820899778],[-100.45078270285063,20.70113203935375],[-100.45078270285063,20.70113203935375],[-100.45076294629781,20.70104191758938],[-100.45067543141548,20.701058705354797],[-100.45066962521723,20.70103221971337],[-100.4506244773555,20.701040880317834],[-100.45068432849554,20.70131399115445]]]},"id":"microsoft-023310003-131144"},{"type":"Feature","properties":{"height":-1,"confidence":-1,"footprintSource":"Microsoft Global ML Building Footprints","footprintMethod":"AI detected from imagery; not surveyed","heightMethod":"No supplied height"},"geometry":{"type":"Polygon","coordinates":[[[-100.45204633558082,20.696268770370793],[-100.45200574301174,20.696279783819193],[-100.45202550360796,20.696343519130252],[-100.45206609981513,20.69633250204147],[-100.45204633558082,20.696268770370793]]]},"id":"microsoft-023310003-131153"},{"type":"Feature","properties":{"height":-1,"confidence":-1,"footprintSource":"Microsoft Global ML Building Footprints","footprintMethod":"AI detected from imagery; not surveyed","heightMethod":"No supplied height"},"geometry":{"type":"Polygon","coordinates":[[[-100.45740959214402,20.697274599801574],[-100.4573474013349,20.69720139556287],[-100.45728657595953,20.697246615114636],[-100.45735581876258,20.697328120165068],[-100.45739034127291,20.6973024550295],[-100.45738328838227,20.69729415313904],[-100.45740959214402,20.697274599801574]]]},"id":"microsoft-023310003-131175"},{"type":"Feature","properties":{"height":-1,"confidence":-1,"footprintSource":"Microsoft Global ML Building Footprints","footprintMethod":"AI detected from imagery; not surveyed","heightMethod":"No supplied height"},"geometry":{"type":"Polygon","coordinates":[[[-100.44104630563086,20.698711464039448],[-100.44106923916502,20.6995288581206],[-100.44112687240566,20.69952744313501],[-100.4411223821146,20.699366973182876],[-100.44116927102017,20.69936582198615],[-100.44116265828333,20.699130131866923],[-100.44110774589686,20.699131480054874],[-100.44110585155529,20.699063781637747],[-100.44115807851753,20.69906249938073],[-100.441149425681,20.698754095661556],[-100.44109990214477,20.69875531154753],[-100.44109863925043,20.69871017916084],[-100.44104630563086,20.698711464039448]]]},"id":"microsoft-023310003-132384"},{"type":"Feature","properties":{"height":-1,"confidence":-1,"footprintSource":"Microsoft Global ML Building Footprints","footprintMethod":"AI detected from imagery; not surveyed","heightMethod":"No supplied height"},"geometry":{"type":"Polygon","coordinates":[[[-100.44700351591393,20.695836112544796],[-100.44694436421096,20.695819672489975],[-100.44690701921299,20.695937258539146],[-100.44696617091599,20.695953698581263],[-100.44700351591393,20.695836112544796]]]},"id":"microsoft-023310003-132413"},{"type":"Feature","properties":{"height":-1,"confidence":-1,"footprintSource":"Microsoft Global ML Building Footprints","footprintMethod":"AI detected from imagery; not surveyed","heightMethod":"No supplied height"},"geometry":{"type":"Polygon","coordinates":[[[-100.44841053877828,20.70180055251103],[-100.44840059434152,20.701767090264752],[-100.448345818874,20.701781334417348],[-100.44835576232147,20.701814793331522],[-100.44841053877828,20.70180055251103]]]},"id":"microsoft-023310003-132421"},{"type":"Feature","properties":{"height":-1,"confidence":-1,"footprintSource":"Microsoft Global ML Building Footprints","footprintMethod":"AI detected from imagery; not surveyed","heightMethod":"No supplied height"},"geometry":{"type":"Polygon","coordinates":[[[-100.44892149884585,20.703246220232458],[-100.44876687618681,20.7032859632139],[-100.448803880646,20.70341193794006],[-100.44892857633879,20.70337988717604],[-100.44891049865161,20.703318345087965],[-100.44894042508275,20.703310651078738],[-100.44892149884585,20.703246220232458]]]},"id":"microsoft-023310003-132422"},{"type":"Feature","properties":{"height":-1,"confidence":-1,"footprintSource":"Microsoft Global ML Building Footprints","footprintMethod":"AI detected from imagery; not surveyed","heightMethod":"No supplied height"},"geometry":{"type":"Polygon","coordinates":[[[-100.4491567827134,20.70414741155355],[-100.4491519670906,20.704187043349265],[-100.44919433508241,20.70419154797038],[-100.44919915070524,20.704151916175846],[-100.4491567827134,20.70414741155355]]]},"id":"microsoft-023310003-132426"},{"type":"Feature","properties":{"height":-1,"confidence":-1,"footprintSource":"Microsoft Global ML Building Footprints","footprintMethod":"AI detected from imagery; not surveyed","heightMethod":"No supplied height"},"geometry":{"type":"Polygon","coordinates":[[[-100.44921565644277,20.696837313465807],[-100.44921069773862,20.696970134167614],[-100.44932857116335,20.696973985149555],[-100.44933352986752,20.696841164451158],[-100.44921565644277,20.696837313465807]]]},"id":"microsoft-023310003-132429"},{"type":"Feature","properties":{"height":-1,"confidence":-1,"footprintSource":"Microsoft Global ML Building Footprints","footprintMethod":"AI detected from imagery; not surveyed","heightMethod":"No supplied height"},"geometry":{"type":"Polygon","coordinates":[[[-100.44997215270996,20.696097553611125],[-100.44994533061981,20.696097553611125],[-100.44994533061981,20.696167808982338],[-100.44997215270996,20.696167808982338],[-100.44997215270996,20.696097553611125]]]},"id":"microsoft-023310003-132434"},{"type":"Feature","properties":{"height":-1,"confidence":-1,"footprintSource":"Microsoft Global ML Building Footprints","footprintMethod":"AI detected from imagery; not surveyed","heightMethod":"No supplied height"},"geometry":{"type":"Polygon","coordinates":[[[-100.45006517860595,20.703239887234346],[-100.4500383590481,20.70326532202074],[-100.45011531432313,20.703336325357384],[-100.4501877245248,20.703267649053487],[-100.4501768478839,20.703257613640147],[-100.45029484969402,20.70314569662638],[-100.45021654211591,20.703073445486424],[-100.45011060486243,20.70317391297806],[-100.45003528369772,20.703104417290916],[-100.44997762372232,20.70315910403876],[-100.45006517860595,20.703239887234346]]]},"id":"microsoft-023310003-132435"},{"type":"Feature","properties":{"height":-1,"confidence":-1,"footprintSource":"Microsoft Global ML Building Footprints","footprintMethod":"AI detected from imagery; not surveyed","heightMethod":"No supplied height"},"geometry":{"type":"Polygon","coordinates":[[[-100.45359645506548,20.69853778344364],[-100.45350336760366,20.69843859782125],[-100.45339582342837,20.698526920788524],[-100.45348891089014,20.69862610635313],[-100.45359645506548,20.69853778344364]]]},"id":"microsoft-023310003-132457"},{"type":"Feature","properties":{"height":-1,"confidence":-1,"footprintSource":"Microsoft Global ML Building Footprints","footprintMethod":"AI detected from imagery; not surveyed","heightMethod":"No supplied height"},"geometry":{"type":"Polygon","coordinates":[[[-100.45385138770091,20.700503166250968],[-100.45388886714139,20.70050469741814],[-100.45389389457873,20.70039701370183],[-100.45385641513826,20.700395482533565],[-100.45385138770091,20.700503166250968]]]},"id":"microsoft-023310003-132461"},{"type":"Feature","properties":{"height":-1,"confidence":-1,"footprintSource":"Microsoft Global ML Building Footprints","footprintMethod":"AI detected from imagery; not surveyed","heightMethod":"No supplied height"},"geometry":{"type":"Polygon","coordinates":[[[-100.45520295833738,20.70148168812942],[-100.45529671242562,20.70147850860546],[-100.45529006469577,20.70130698303845],[-100.45519631036994,20.701310156435937],[-100.45520295833738,20.70148168812942]]]},"id":"microsoft-023310003-132468"},{"type":"Feature","properties":{"height":-1,"confidence":-1,"footprintSource":"Microsoft Global ML Building Footprints","footprintMethod":"AI detected from imagery; not surveyed","heightMethod":"No supplied height"},"geometry":{"type":"Polygon","coordinates":[[[-100.4412866841355,20.697749815539737],[-100.4412444934234,20.69775498655123],[-100.44125193665579,20.69780810182249],[-100.44129412698734,20.697802928097175],[-100.4412866841355,20.697749815539737]]]},"id":"microsoft-023310003-133789"},{"type":"Feature","properties":{"height":-1,"confidence":-1,"footprintSource":"Microsoft Global ML Building Footprints","footprintMethod":"AI detected from imagery; not surveyed","heightMethod":"No supplied height"},"geometry":{"type":"Polygon","coordinates":[[[-100.44962510919214,20.699399953254925],[-100.44958823263971,20.699271196644304],[-100.44952817083508,20.69928624949445],[-100.44956504738751,20.699415006092295],[-100.44962510919214,20.699399953254925]]]},"id":"microsoft-023310003-133820"},{"type":"Feature","properties":{"height":-1,"confidence":-1,"footprintSource":"Microsoft Global ML Building Footprints","footprintMethod":"AI detected from imagery; not surveyed","heightMethod":"No supplied height"},"geometry":{"type":"Polygon","coordinates":[[[-100.4516289784006,20.698223061707168],[-100.45151090542281,20.698251795601593],[-100.45157299195213,20.698475049349796],[-100.4516394850311,20.698458867813144],[-100.45164049716055,20.69846250629604],[-100.45169207592483,20.698449950880047],[-100.4516289784006,20.698223061707168]]]},"id":"microsoft-023310003-133832"},{"type":"Feature","properties":{"height":-1,"confidence":-1,"footprintSource":"Microsoft Global ML Building Footprints","footprintMethod":"AI detected from imagery; not surveyed","heightMethod":"No supplied height"},"geometry":{"type":"Polygon","coordinates":[[[-100.45318025804956,20.70088068898727],[-100.45318561222636,20.700809554278734],[-100.45312689471363,20.700805686962525],[-100.45312905756201,20.700776951705947],[-100.45293013305842,20.70076383689866],[-100.4529200666747,20.700897444412334],[-100.45304427072098,20.700905624868255],[-100.45304680981135,20.700871890942423],[-100.45318025804956,20.70088068898727]]]},"id":"microsoft-023310003-133844"},{"type":"Feature","properties":{"height":-1,"confidence":-1,"footprintSource":"Microsoft Global ML Building Footprints","footprintMethod":"AI detected from imagery; not surveyed","heightMethod":"No supplied height"},"geometry":{"type":"Polygon","coordinates":[[[-100.45669004437296,20.709108834439363],[-100.45667623109108,20.709146471956146],[-100.456685297676,20.70919347476358],[-100.45672872699419,20.709186142224397],[-100.456769658564,20.70907461459231],[-100.45677705103743,20.709112938523916],[-100.45674937256987,20.709188354970124],[-100.45685974645578,20.709223797550806],[-100.4568573262668,20.709230391917345],[-100.45686798419815,20.709285623094928],[-100.45692429553428,20.709303709119396],[-100.45695031629265,20.70923280954389],[-100.45692720813335,20.70922538919558],[-100.45690327696336,20.70922942969645],[-100.4569425139057,20.709122519505314],[-100.45693888231962,20.709103692702627],[-100.45676122195387,20.70904664345376],[-100.45674970662877,20.709048586931473],[-100.45673007483046,20.70910207837548],[-100.45669004437296,20.709108834439363]]]},"id":"microsoft-023310003-133857"},{"type":"Feature","properties":{"height":-1,"confidence":-1,"footprintSource":"Microsoft Global ML Building Footprints","footprintMethod":"AI detected from imagery; not surveyed","heightMethod":"No supplied height"},"geometry":{"type":"Polygon","coordinates":[[[-100.45743072740257,20.695447655908495],[-100.45733465528781,20.6956451188493],[-100.45744575205899,20.695692420245678],[-100.45754182417373,20.695494957366478],[-100.45743072740257,20.695447655908495]]]},"id":"microsoft-023310003-133865"},{"type":"Feature","properties":{"height":-1,"confidence":-1,"footprintSource":"Microsoft Global ML Building Footprints","footprintMethod":"AI detected from imagery; not surveyed","heightMethod":"No supplied height"},"geometry":{"type":"Polygon","coordinates":[[[-100.4574538938767,20.702890103610315],[-100.45743027970283,20.702827667957465],[-100.45733492875857,20.70285923037676],[-100.45735854293243,20.702921666016636],[-100.4574538938767,20.702890103610315]]]},"id":"microsoft-023310003-133866"},{"type":"Feature","properties":{"height":-1,"confidence":-1,"footprintSource":"Microsoft Global ML Building Footprints","footprintMethod":"AI detected from imagery; not surveyed","heightMethod":"No supplied height"},"geometry":{"type":"Polygon","coordinates":[[[-100.43525393845812,20.698075425022978],[-100.43517341156337,20.69806183326091],[-100.43514884945118,20.69818917694667],[-100.43522937733078,20.698202763591283],[-100.43525393845812,20.698075425022978]]]},"id":"microsoft-023310003-135152"},{"type":"Feature","properties":{"height":-1,"confidence":-1,"footprintSource":"Microsoft Global ML Building Footprints","footprintMethod":"AI detected from imagery; not surveyed","heightMethod":"No supplied height"},"geometry":{"type":"Polygon","coordinates":[[[-100.44928060388983,20.701649713654632],[-100.4493093698118,20.701640434626],[-100.4493292087952,20.701694251854178],[-100.44943334748706,20.701660659824782],[-100.44937301485866,20.701496962129198],[-100.44929523398245,20.701522051942888],[-100.44928614111505,20.701497385687645],[-100.44923100643125,20.701515170508827],[-100.44928060388983,20.701649713654632]]]},"id":"microsoft-023310003-135221"},{"type":"Feature","properties":{"height":-1,"confidence":-1,"footprintSource":"Microsoft Global ML Building Footprints","footprintMethod":"AI detected from imagery; not surveyed","heightMethod":"No supplied height"},"geometry":{"type":"Polygon","coordinates":[[[-100.44944030975121,20.700685479815135],[-100.44937886220963,20.700689096482776],[-100.44938239228698,20.700741578646287],[-100.44944383982856,20.700737961979897],[-100.44944030975121,20.700685479815135]]]},"id":"microsoft-023310003-135222"},{"type":"Feature","properties":{"height":-1,"confidence":-1,"footprintSource":"Microsoft Global ML Building Footprints","footprintMethod":"AI detected from imagery; not surveyed","heightMethod":"No supplied height"},"geometry":{"type":"Polygon","coordinates":[[[-100.44944881408578,20.69606789519004],[-100.44939259475358,20.696065598365053],[-100.44938757535769,20.696173285485784],[-100.44944379468993,20.696175582309138],[-100.44944881408578,20.69606789519004]]]},"id":"microsoft-023310003-135223"},{"type":"Feature","properties":{"height":-1,"confidence":-1,"footprintSource":"Microsoft Global ML Building Footprints","footprintMethod":"AI detected from imagery; not surveyed","heightMethod":"No supplied height"},"geometry":{"type":"Polygon","coordinates":[[[-100.44995686004515,20.69882681432931],[-100.44997394515491,20.698875256180926],[-100.44996910724153,20.698876748992916],[-100.44999112732022,20.698939183065605],[-100.45004676216536,20.698922012449003],[-100.4500603292366,20.698960479492555],[-100.45012322080063,20.698941069232887],[-100.45007054864172,20.698791726519488],[-100.44995686004515,20.69882681432931]]]},"id":"microsoft-023310003-135227"},{"type":"Feature","properties":{"height":-1,"confidence":-1,"footprintSource":"Microsoft Global ML Building Footprints","footprintMethod":"AI detected from imagery; not surveyed","heightMethod":"No supplied height"},"geometry":{"type":"Polygon","coordinates":[[[-100.45104990525337,20.703377931808816],[-100.4510770332795,20.703335346070233],[-100.45116532442977,20.70338455994535],[-100.45119598823592,20.703336418064765],[-100.45105821536038,20.70325962282716],[-100.45100042086995,20.70335034899682],[-100.45104990525337,20.703377931808816]]]},"id":"microsoft-023310003-135234"},{"type":"Feature","properties":{"height":-1,"confidence":-1,"footprintSource":"Microsoft Global ML Building Footprints","footprintMethod":"AI detected from imagery; not surveyed","heightMethod":"No supplied height"},"geometry":{"type":"Polygon","coordinates":[[[-100.45295851236425,20.700439255404362],[-100.45296094333503,20.700542076090898],[-100.45308962642397,20.700539413813047],[-100.4530871954532,20.70043659312472],[-100.45295851236425,20.700439255404362]]]},"id":"microsoft-023310003-135248"},{"type":"Feature","properties":{"height":-1,"confidence":-1,"footprintSource":"Microsoft Global ML Building Footprints","footprintMethod":"AI detected from imagery; not surveyed","heightMethod":"No supplied height"},"geometry":{"type":"Polygon","coordinates":[[[-100.45373917483391,20.71925334628243],[-100.4537034764827,20.719223422328554],[-100.45367480737391,20.719253340483988],[-100.45371050448334,20.71928326572784],[-100.45373917483391,20.71925334628243]]]},"id":"microsoft-023310003-135254"},{"type":"Feature","properties":{"height":-1,"confidence":-1,"footprintSource":"Microsoft Global ML Building Footprints","footprintMethod":"AI detected from imagery; not surveyed","heightMethod":"No supplied height"},"geometry":{"type":"Polygon","coordinates":[[[-100.45378868110724,20.7044224238157],[-100.45373373312647,20.70443056466992],[-100.45374906683767,20.70452112524123],[-100.45380401481842,20.704512984391883],[-100.45378868110724,20.7044224238157]]]},"id":"microsoft-023310003-135255"},{"type":"Feature","properties":{"height":-1,"confidence":-1,"footprintSource":"Microsoft Global ML Building Footprints","footprintMethod":"AI detected from imagery; not surveyed","heightMethod":"No supplied height"},"geometry":{"type":"Polygon","coordinates":[[[-100.43631681008331,20.699033599884146],[-100.43640484843296,20.699027553489003],[-100.43638709755707,20.698801382624595],[-100.43621102175766,20.6988134868987],[-100.43622277373728,20.69896322350148],[-100.43625745533416,20.69896083932869],[-100.43627488743728,20.699182948354007],[-100.43632824374014,20.699179280401182],[-100.43631681008331,20.699033599884146]]]},"id":"microsoft-023310003-136502"},{"type":"Feature","properties":{"height":-1,"confidence":-1,"footprintSource":"Microsoft Global ML Building Footprints","footprintMethod":"AI detected from imagery; not surveyed","heightMethod":"No supplied height"},"geometry":{"type":"Polygon","coordinates":[[[-100.43639378076874,20.699396977853738],[-100.43628809093673,20.69940171086347],[-100.43629090935727,20.69945678409762],[-100.43639660330037,20.69945205090552],[-100.43639378076874,20.699396977853738]]]},"id":"microsoft-023310003-136503"},{"type":"Feature","properties":{"height":-1,"confidence":-1,"footprintSource":"Microsoft Global ML Building Footprints","footprintMethod":"AI detected from imagery; not surveyed","heightMethod":"No supplied height"},"geometry":{"type":"Polygon","coordinates":[[[-100.43655855603619,20.699094673476836],[-100.43655649811713,20.69902949446437],[-100.43632334931608,20.699035936079497],[-100.43632540723515,20.699101115089206],[-100.43655855603619,20.699094673476836]]]},"id":"microsoft-023310003-136504"},{"type":"Feature","properties":{"height":-1,"confidence":-1,"footprintSource":"Microsoft Global ML Building Footprints","footprintMethod":"AI detected from imagery; not surveyed","heightMethod":"No supplied height"},"geometry":{"type":"Polygon","coordinates":[[[-100.45280493699387,20.701596233597357],[-100.45271607915254,20.701544422795024],[-100.45264503944126,20.70165103407807],[-100.4527338972826,20.701702844843993],[-100.45280493699387,20.701596233597357]]]},"id":"microsoft-023310003-136572"},{"type":"Feature","properties":{"height":-1,"confidence":-1,"footprintSource":"Microsoft Global ML Building Footprints","footprintMethod":"AI detected from imagery; not surveyed","heightMethod":"No supplied height"},"geometry":{"type":"Polygon","coordinates":[[[-100.45454740655167,20.70246434071177],[-100.45459107402863,20.70246055554169],[-100.45457235927516,20.70227149245723],[-100.45452867777294,20.70227527884775],[-100.45454740655167,20.70246434071177]]]},"id":"microsoft-023310003-136581"},{"type":"Feature","properties":{"height":-1,"confidence":-1,"footprintSource":"Microsoft Global ML Building Footprints","footprintMethod":"AI detected from imagery; not surveyed","heightMethod":"No supplied height"},"geometry":{"type":"Polygon","coordinates":[[[-100.45101257360298,20.69975031714131],[-100.45090678836922,20.69977000036269],[-100.45091756574733,20.699820685296345],[-100.4510233509811,20.699801002081543],[-100.45101257360298,20.69975031714131]]]},"id":"microsoft-023310003-137926"},{"type":"Feature","properties":{"height":-1,"confidence":-1,"footprintSource":"Microsoft Global ML Building Footprints","footprintMethod":"AI detected from imagery; not surveyed","heightMethod":"No supplied height"},"geometry":{"type":"Polygon","coordinates":[[[-100.45384522779258,20.719252664944904],[-100.45381892718632,20.719208740998425],[-100.45376788246622,20.719235479721092],[-100.45379418307247,20.719279403659826],[-100.45384522779258,20.719252664944904]]]},"id":"microsoft-023310003-137944"},{"type":"Feature","properties":{"height":-1,"confidence":-1,"footprintSource":"Microsoft Global ML Building Footprints","footprintMethod":"AI detected from imagery; not surveyed","heightMethod":"No supplied height"},"geometry":{"type":"Polygon","coordinates":[[[-100.45479613402175,20.703084627983046],[-100.45475958174693,20.70309374789987],[-100.45478594129544,20.703186192015878],[-100.45487508284664,20.703163945072433],[-100.45482466804731,20.70298718442197],[-100.45477208367413,20.703000304410068],[-100.45479613402175,20.703084627983046]]]},"id":"microsoft-023310003-137947"},{"type":"Feature","properties":{"height":-1,"confidence":-1,"footprintSource":"Microsoft Global ML Building Footprints","footprintMethod":"AI detected from imagery; not surveyed","heightMethod":"No supplied height"},"geometry":{"type":"Polygon","coordinates":[[[-100.45491524343832,20.710920108672596],[-100.45489780663738,20.710859247615133],[-100.454755162347,20.710894994773568],[-100.45477259914794,20.710955855816692],[-100.45491524343832,20.710920108672596]]]},"id":"microsoft-023310003-137949"},{"type":"Feature","properties":{"height":-1,"confidence":-1,"footprintSource":"Microsoft Global ML Building Footprints","footprintMethod":"AI detected from imagery; not surveyed","heightMethod":"No supplied height"},"geometry":{"type":"Polygon","coordinates":[[[-100.4367975243585,20.713448758136693],[-100.4370260161846,20.713438078002042],[-100.43699619473485,20.712879105079665],[-100.43690790170564,20.712883226295943],[-100.43686717958325,20.712119927977113],[-100.43695547261245,20.712115806740073],[-100.43695720830948,20.712148340846113],[-100.43702409696797,20.712145218697444],[-100.43699891026813,20.71167311558314],[-100.43672065441824,20.711686121932587],[-100.43672381014802,20.711745273459755],[-100.43670655860014,20.711746078708984],[-100.4367975243585,20.713448758136693]]]},"id":"microsoft-023310003-139203"},{"type":"Feature","properties":{"height":-1,"confidence":-1,"footprintSource":"Microsoft Global ML Building Footprints","footprintMethod":"AI detected from imagery; not surveyed","heightMethod":"No supplied height"},"geometry":{"type":"Polygon","coordinates":[[[-100.45567495401531,20.702482373197398],[-100.4556407238781,20.702297225507024],[-100.45551832100789,20.702317027281254],[-100.45552372576638,20.70234626113833],[-100.45546903512225,20.702355108737052],[-100.45549786050093,20.70251102253708],[-100.45567495401531,20.702482373197398]]]},"id":"microsoft-023310003-139291"},{"type":"Feature","properties":{"height":-1,"confidence":-1,"footprintSource":"Microsoft Global ML Building Footprints","footprintMethod":"AI detected from imagery; not surveyed","heightMethod":"No supplied height"},"geometry":{"type":"Polygon","coordinates":[[[-100.43567405287969,20.71915042865311],[-100.43561789999526,20.719159265513795],[-100.43562755504783,20.71921293833796],[-100.43568370402653,20.71920410209505],[-100.43567405287969,20.71915042865311]]]},"id":"microsoft-023310003-140549"},{"type":"Feature","properties":{"height":-1,"confidence":-1,"footprintSource":"Microsoft Global ML Building Footprints","footprintMethod":"AI detected from imagery; not surveyed","heightMethod":"No supplied height"},"geometry":{"type":"Polygon","coordinates":[[[-100.44761322176242,20.697844474428777],[-100.44762060405763,20.697901344957998],[-100.44766962955006,20.697895776001474],[-100.44766225144801,20.69783890499386],[-100.44761322176242,20.697844474428777]]]},"id":"microsoft-023310003-140600"},{"type":"Feature","properties":{"height":-1,"confidence":-1,"footprintSource":"Microsoft Global ML Building Footprints","footprintMethod":"AI detected from imagery; not surveyed","heightMethod":"No supplied height"},"geometry":{"type":"Polygon","coordinates":[[[-100.45117632055556,20.70098309393316],[-100.45111486993493,20.701000453968277],[-100.45108294984703,20.700901582768452],[-100.4510313313257,20.70091616520591],[-100.45110333710541,20.701139200125283],[-100.45121640624737,20.701107257688378],[-100.45117632055556,20.70098309393316]]]},"id":"microsoft-023310003-140616"},{"type":"Feature","properties":{"height":-1,"confidence":-1,"footprintSource":"Microsoft Global ML Building Footprints","footprintMethod":"AI detected from imagery; not surveyed","heightMethod":"No supplied height"},"geometry":{"type":"Polygon","coordinates":[[[-100.44818288272519,20.700879691038068],[-100.44816585909906,20.700834175913997],[-100.44807505310767,20.700863901364357],[-100.44809207475271,20.700909411182835],[-100.44818288272519,20.700879691038068]]]},"id":"microsoft-023310003-141992"},{"type":"Feature","properties":{"height":-1,"confidence":-1,"footprintSource":"Microsoft Global ML Building Footprints","footprintMethod":"AI detected from imagery; not surveyed","heightMethod":"No supplied height"},"geometry":{"type":"Polygon","coordinates":[[[-100.4484471163245,20.69770510762794],[-100.44841084774532,20.69761393597372],[-100.44829540600088,20.69765412270509],[-100.44833167193906,20.69774528769618],[-100.4484471163245,20.69770510762794]]]},"id":"microsoft-023310003-141994"},{"type":"Feature","properties":{"height":-1,"confidence":-1,"footprintSource":"Microsoft Global ML Building Footprints","footprintMethod":"AI detected from imagery; not surveyed","heightMethod":"No supplied height"},"geometry":{"type":"Polygon","coordinates":[[[-100.44912250389869,20.703151555809626],[-100.44914858457055,20.703289278866905],[-100.44916782171931,20.703286091223006],[-100.44918365717002,20.703369745783974],[-100.44935790184111,20.703340884424676],[-100.44934684973556,20.70328249902387],[-100.44928963506744,20.703291975892384],[-100.4492813459883,20.703248186829754],[-100.44923713465383,20.703255509866224],[-100.44921456993835,20.70313630624854],[-100.44912250389869,20.703151555809626]]]},"id":"microsoft-023310003-142004"},{"type":"Feature","properties":{"height":-1,"confidence":-1,"footprintSource":"Microsoft Global ML Building Footprints","footprintMethod":"AI detected from imagery; not surveyed","heightMethod":"No supplied height"},"geometry":{"type":"Polygon","coordinates":[[[-100.44981624603092,20.698322017391803],[-100.44981176747464,20.698254532187505],[-100.44975422132597,20.698257874070535],[-100.44975870491194,20.69832535898125],[-100.44981624603092,20.698322017391803]]]},"id":"microsoft-023310003-142006"},{"type":"Feature","properties":{"height":-1,"confidence":-1,"footprintSource":"Microsoft Global ML Building Footprints","footprintMethod":"AI detected from imagery; not surveyed","heightMethod":"No supplied height"},"geometry":{"type":"Polygon","coordinates":[[[-100.45173101843056,20.69868043258208],[-100.45178437416264,20.69885428398794],[-100.45195416964981,20.698808683287595],[-100.45192216342079,20.698704370500252],[-100.45188003719139,20.698715684034738],[-100.45185760251269,20.698642566234454],[-100.45178573878759,20.698661861453843],[-100.451786837314,20.698665441707575],[-100.45173101843056,20.69868043258208]]]},"id":"microsoft-023310003-142021"},{"type":"Feature","properties":{"height":-1,"confidence":-1,"footprintSource":"Microsoft Global ML Building Footprints","footprintMethod":"AI detected from imagery; not surveyed","heightMethod":"No supplied height"},"geometry":{"type":"Polygon","coordinates":[[[-100.45520782470703,20.701098149278806],[-100.45525342226028,20.701098149278806],[-100.45525342226028,20.70101284195465],[-100.45520782470703,20.70101284195465],[-100.45520782470703,20.701098149278806]]]},"id":"microsoft-023310003-142037"},{"type":"Feature","properties":{"height":-1,"confidence":-1,"footprintSource":"Microsoft Global ML Building Footprints","footprintMethod":"AI detected from imagery; not surveyed","heightMethod":"No supplied height"},"geometry":{"type":"Polygon","coordinates":[[[-100.4569967623434,20.696889344505706],[-100.45696664141305,20.69698105137941],[-100.45712594614216,20.69702683900637],[-100.4571560670725,20.696935132160334],[-100.4569967623434,20.696889344505706]]]},"id":"microsoft-023310003-142047"},{"type":"Feature","properties":{"height":-1,"confidence":-1,"footprintSource":"Microsoft Global ML Building Footprints","footprintMethod":"AI detected from imagery; not surveyed","heightMethod":"No supplied height"},"geometry":{"type":"Polygon","coordinates":[[[-100.44637395194322,20.696753479890702],[-100.44642117875468,20.696763859849156],[-100.44643491488767,20.696709169368305],[-100.44646033378761,20.696714756177997],[-100.44647347269742,20.696662443527586],[-100.44651520623128,20.69667161612672],[-100.4465659558701,20.696469495761306],[-100.44658015824702,20.696472617300913],[-100.44658971381779,20.696434571678054],[-100.44646112191104,20.696406308460894],[-100.44637395194322,20.696753479890702]]]},"id":"microsoft-023310003-143317"},{"type":"Feature","properties":{"height":-1,"confidence":-1,"footprintSource":"Microsoft Global ML Building Footprints","footprintMethod":"AI detected from imagery; not surveyed","heightMethod":"No supplied height"},"geometry":{"type":"Polygon","coordinates":[[[-100.44755888529058,20.695366317185986],[-100.44749747411606,20.695357945984853],[-100.4474879062096,20.695419370063476],[-100.44754932188415,20.695427741874667],[-100.44755888529058,20.695366317185986]]]},"id":"microsoft-023310003-143327"},{"type":"Feature","properties":{"height":-1,"confidence":-1,"footprintSource":"Microsoft Global ML Building Footprints","footprintMethod":"AI detected from imagery; not surveyed","heightMethod":"No supplied height"},"geometry":{"type":"Polygon","coordinates":[[[-100.44951314029572,20.700163079476326],[-100.44958967121005,20.700146845390606],[-100.4495954560216,20.700170708827955],[-100.44963627250922,20.700162050649567],[-100.44959982819645,20.700011710923036],[-100.44956156273929,20.70001982797335],[-100.44955519944656,20.69999357816596],[-100.44947611750177,20.700010353404778],[-100.44951314029572,20.700163079476326]]]},"id":"microsoft-023310003-143343"},{"type":"Feature","properties":{"height":-1,"confidence":-1,"footprintSource":"Microsoft Global ML Building Footprints","footprintMethod":"AI detected from imagery; not surveyed","heightMethod":"No supplied height"},"geometry":{"type":"Polygon","coordinates":[[[-100.45049381681908,20.70352308311523],[-100.45041858247458,20.703431845394476],[-100.45032104610638,20.703502221303594],[-100.45039628045085,20.703593458982],[-100.45049381681908,20.70352308311523]]]},"id":"microsoft-023310003-143349"},{"type":"Feature","properties":{"height":-1,"confidence":-1,"footprintSource":"Microsoft Global ML Building Footprints","footprintMethod":"AI detected from imagery; not surveyed","heightMethod":"No supplied height"},"geometry":{"type":"Polygon","coordinates":[[[-100.45065684887489,20.7022403246618],[-100.45068348061922,20.702357992262378],[-100.45078873336925,20.70233714742683],[-100.45076210162495,20.70221947981007],[-100.45065684887489,20.7022403246618]]]},"id":"microsoft-023310003-143350"},{"type":"Feature","properties":{"height":-1,"confidence":-1,"footprintSource":"Microsoft Global ML Building Footprints","footprintMethod":"AI detected from imagery; not surveyed","heightMethod":"No supplied height"},"geometry":{"type":"Polygon","coordinates":[[[-100.45368465095147,20.698190532520357],[-100.45363994762987,20.698236817657914],[-100.45373071504737,20.698313531526892],[-100.45377541962226,20.69826724152925],[-100.45368465095147,20.698190532520357]]]},"id":"microsoft-023310003-143371"},{"type":"Feature","properties":{"height":-1,"confidence":-1,"footprintSource":"Microsoft Global ML Building Footprints","footprintMethod":"AI detected from imagery; not surveyed","heightMethod":"No supplied height"},"geometry":{"type":"Polygon","coordinates":[[[-100.45413129544289,20.697749451528054],[-100.45423828130359,20.697635110045354],[-100.45443115693449,20.6977930342497],[-100.45450160944787,20.69771773793076],[-100.45430485047885,20.697556634015058],[-100.4543374460269,20.69752179459725],[-100.4542022718377,20.697411124296053],[-100.45417366867566,20.697441696515668],[-100.45407494937739,20.69736086619659],[-100.45389352309257,20.697554781927536],[-100.45413129544289,20.697749451528054]]]},"id":"microsoft-023310003-143374"},{"type":"Feature","properties":{"height":-1,"confidence":-1,"footprintSource":"Microsoft Global ML Building Footprints","footprintMethod":"AI detected from imagery; not surveyed","heightMethod":"No supplied height"},"geometry":{"type":"Polygon","coordinates":[[[-100.44144670438666,20.71914894584762],[-100.44146338616679,20.719199303697025],[-100.4415368042238,20.71917802702069],[-100.44152012244365,20.71912766916421],[-100.44144670438666,20.71914894584762]]]},"id":"microsoft-023310003-144682"},{"type":"Feature","properties":{"height":-1,"confidence":-1,"footprintSource":"Microsoft Global ML Building Footprints","footprintMethod":"AI detected from imagery; not surveyed","heightMethod":"No supplied height"},"geometry":{"type":"Polygon","coordinates":[[[-100.45096724460734,20.69613315900189],[-100.45091259843349,20.696162314567843],[-100.45098235109054,20.696276736640854],[-100.45092365528421,20.69630804894871],[-100.45095828188887,20.69636485029507],[-100.45107162551488,20.696304385165703],[-100.45096724460734,20.69613315900189]]]},"id":"microsoft-023310003-144731"},{"type":"Feature","properties":{"height":-1,"confidence":-1,"footprintSource":"Microsoft Global ML Building Footprints","footprintMethod":"AI detected from imagery; not surveyed","heightMethod":"No supplied height"},"geometry":{"type":"Polygon","coordinates":[[[-100.45242396085459,20.715101012491985],[-100.45245526549643,20.715182075132077],[-100.45253118829474,20.71515641888621],[-100.45251833318154,20.715123130869983],[-100.45254205905603,20.71511511329048],[-100.45252361175584,20.715067344420916],[-100.45242396085459,20.715101012491985]]]},"id":"microsoft-023310003-144742"},{"type":"Feature","properties":{"height":-1,"confidence":-1,"footprintSource":"Microsoft Global ML Building Footprints","footprintMethod":"AI detected from imagery; not surveyed","heightMethod":"No supplied height"},"geometry":{"type":"Polygon","coordinates":[[[-100.45295879180824,20.696077901706786],[-100.45293010711501,20.696195436532264],[-100.4529403368916,20.69622166030851],[-100.45284565899476,20.696253986910463],[-100.45286349711326,20.696299714460096],[-100.45288315412218,20.696303912613942],[-100.45302110433386,20.69625681122615],[-100.45299346432526,20.696185956761894],[-100.45300880047573,20.696180720420287],[-100.45303599213148,20.69606930327066],[-100.45294192541287,20.696049207219815],[-100.45301702264172,20.696023571078555],[-100.45300255719539,20.695986496329823],[-100.4530104031367,20.695954347742884],[-100.45298836773263,20.695897860430904],[-100.45288042717954,20.69593470841454],[-100.45290822404458,20.696005951430436],[-100.45289403629933,20.69606406759077],[-100.45295879180824,20.696077901706786]]]},"id":"microsoft-023310003-144745"},{"type":"Feature","properties":{"height":-1,"confidence":-1,"footprintSource":"Microsoft Global ML Building Footprints","footprintMethod":"AI detected from imagery; not surveyed","heightMethod":"No supplied height"},"geometry":{"type":"Polygon","coordinates":[[[-100.45374579813097,20.69864439289337],[-100.4536755986257,20.698526712099863],[-100.45347720238522,20.698630275342524],[-100.45354739598176,20.698747946150377],[-100.45374579813097,20.69864439289337]]]},"id":"microsoft-023310003-144749"},{"type":"Feature","properties":{"height":-1,"confidence":-1,"footprintSource":"Microsoft Global ML Building Footprints","footprintMethod":"AI detected from imagery; not surveyed","heightMethod":"No supplied height"},"geometry":{"type":"Polygon","coordinates":[[[-100.45512066264554,20.699102226129142],[-100.45510737350916,20.699251736708575],[-100.45513803284992,20.699254121375674],[-100.45513093938555,20.69933385982901],[-100.45511360493585,20.6993325115655],[-100.4551007587707,20.699477038241838],[-100.45519533203831,20.69948439408887],[-100.45519920139725,20.69944089822586],[-100.45524314189109,20.699444318766467],[-100.45524857841352,20.699383154795626],[-100.4552032939288,20.69937963259565],[-100.45520595175607,20.699349730516772],[-100.45517398623744,20.699347244257453],[-100.45517775149276,20.699304882968235],[-100.45530028598081,20.699314413631498],[-100.4553177833437,20.699117558085874],[-100.45512066264554,20.699102226129142]]]},"id":"microsoft-023310003-144760"},{"type":"Feature","properties":{"height":-1,"confidence":-1,"footprintSource":"Microsoft Global ML Building Footprints","footprintMethod":"AI detected from imagery; not surveyed","heightMethod":"No supplied height"},"geometry":{"type":"Polygon","coordinates":[[[-100.45515303626946,20.70401071465332],[-100.45512620838629,20.703942116604054],[-100.4550883585821,20.703955069032247],[-100.45511518646528,20.704023667075646],[-100.45515303626946,20.70401071465332]]]},"id":"microsoft-023310003-144761"},{"type":"Feature","properties":{"height":-1,"confidence":-1,"footprintSource":"Microsoft Global ML Building Footprints","footprintMethod":"AI detected from imagery; not surveyed","heightMethod":"No supplied height"},"geometry":{"type":"Polygon","coordinates":[[[-100.4494779434138,20.703894966668372],[-100.44943649118596,20.703893533764656],[-100.44939193957798,20.703907073298538],[-100.44937962420443,20.703871614782074],[-100.44938061539794,20.70384652466251],[-100.4493576485942,20.703780412676764],[-100.44927069314133,20.703777406833822],[-100.44926714099508,20.703867322469122],[-100.44927677433212,20.703895052873563],[-100.4492781437059,20.703860389867245],[-100.44930494794103,20.70393754819675],[-100.44928662046175,20.70394311923961],[-100.44928342993947,20.704023728316784],[-100.44932295998706,20.70402509477418],[-100.44935867883018,20.704127936610007],[-100.44945966740033,20.704097245545967],[-100.44944437737932,20.704053231937635],[-100.4494720230709,20.704044828423932],[-100.4494779434138,20.703894966668372]]]},"id":"microsoft-023310003-146057"},{"type":"Feature","properties":{"height":-1,"confidence":-1,"footprintSource":"Microsoft Global ML Building Footprints","footprintMethod":"AI detected from imagery; not surveyed","heightMethod":"No supplied height"},"geometry":{"type":"Polygon","coordinates":[[[-100.4521724750461,20.698315889314713],[-100.4521324021273,20.69820005762557],[-100.45203528531758,20.698229458734616],[-100.45207535823634,20.698345290401292],[-100.4521724750461,20.698315889314713]]]},"id":"microsoft-023310003-146071"},{"type":"Feature","properties":{"height":-1,"confidence":-1,"footprintSource":"Microsoft Global ML Building Footprints","footprintMethod":"AI detected from imagery; not surveyed","heightMethod":"No supplied height"},"geometry":{"type":"Polygon","coordinates":[[[-100.45707045254116,20.697237450383767],[-100.45726043533418,20.697280574710348],[-100.45728661173271,20.697179631173327],[-100.45709662589343,20.697136518565273],[-100.45707045254116,20.697237450383767]]]},"id":"microsoft-023310003-146096"},{"type":"Feature","properties":{"height":-1,"confidence":-1,"footprintSource":"Microsoft Global ML Building Footprints","footprintMethod":"AI detected from imagery; not surveyed","heightMethod":"No supplied height"},"geometry":{"type":"Polygon","coordinates":[[[-100.45715134297171,20.701508179691473],[-100.45698396483868,20.70116417022973],[-100.4569421761198,20.70115827707565],[-100.45691919287741,20.701180606290876],[-100.45690959444002,20.701240164361423],[-100.45686500965358,20.7012000080975],[-100.45682762731091,20.701215921255894],[-100.45678449522445,20.70120984148255],[-100.45673052757962,20.70126227336347],[-100.45671250212749,20.701269946552046],[-100.45669089570455,20.701266900974673],[-100.4566684131539,20.70128874373063],[-100.4566636562551,20.7013182601537],[-100.45670705580353,20.701324377623322],[-100.45670089714189,20.701362609685077],[-100.45673205319262,20.701367003386693],[-100.45685159245613,20.701316117181506],[-100.45693310135793,20.70132761176717],[-100.45695080883279,20.70132007278073],[-100.45697857608681,20.701323988587163],[-100.4570041810546,20.701376614041877],[-100.45694735519383,20.701400804014497],[-100.45692290315681,20.70142456018921],[-100.45689931966845,20.701376089462713],[-100.4568292149364,20.70140593206432],[-100.45688369531891,20.70151792180657],[-100.45692922040865,20.70155892488914],[-100.4569834124061,20.701566563617718],[-100.45703869335249,20.701616357109543],[-100.45705673475659,20.701608675966796],[-100.45706248590065,20.701572990347316],[-100.45711191823077,20.701524964818205],[-100.45715134297171,20.701508179691473]]]},"id":"microsoft-023310003-146097"},{"type":"Feature","properties":{"height":-1,"confidence":-1,"footprintSource":"Microsoft Global ML Building Footprints","footprintMethod":"AI detected from imagery; not surveyed","heightMethod":"No supplied height"},"geometry":{"type":"Polygon","coordinates":[[[-100.44365704807919,20.7163071661965],[-100.44359851184268,20.716334825502216],[-100.4436265757707,20.71638679327704],[-100.4436851151052,20.716359132517],[-100.44365704807919,20.7163071661965]]]},"id":"microsoft-023310003-147392"},{"type":"Feature","properties":{"height":-1,"confidence":-1,"footprintSource":"Microsoft Global ML Building Footprints","footprintMethod":"AI detected from imagery; not surveyed","heightMethod":"No supplied height"},"geometry":{"type":"Polygon","coordinates":[[[-100.45018467843725,20.69445588030611],[-100.45012463278002,20.694871292282073],[-100.45020268392784,20.694881165243842],[-100.45021479992013,20.694797387017175],[-100.45025167625029,20.694802051635094],[-100.45029963536749,20.69447042917517],[-100.45018467843725,20.69445588030611]]]},"id":"microsoft-023310003-147429"},{"type":"Feature","properties":{"height":-1,"confidence":-1,"footprintSource":"Microsoft Global ML Building Footprints","footprintMethod":"AI detected from imagery; not surveyed","heightMethod":"No supplied height"},"geometry":{"type":"Polygon","coordinates":[[[-100.45043246050004,20.695336561255473],[-100.45037953928902,20.695330774888475],[-100.45037273523914,20.695385231869466],[-100.45042565645016,20.69539101823439],[-100.45043246050004,20.695336561255473]]]},"id":"microsoft-023310003-147431"},{"type":"Feature","properties":{"height":-1,"confidence":-1,"footprintSource":"Microsoft Global ML Building Footprints","footprintMethod":"AI detected from imagery; not surveyed","heightMethod":"No supplied height"},"geometry":{"type":"Polygon","coordinates":[[[-100.45086429630939,20.703091920145553],[-100.45074091874615,20.70298564524056],[-100.45066263472137,20.70306517503586],[-100.45078601658746,20.703171445513775],[-100.45086429630939,20.703091920145553]]]},"id":"microsoft-023310003-147434"},{"type":"Feature","properties":{"height":-1,"confidence":-1,"footprintSource":"Microsoft Global ML Building Footprints","footprintMethod":"AI detected from imagery; not surveyed","heightMethod":"No supplied height"},"geometry":{"type":"Polygon","coordinates":[[[-100.45391970395549,20.7042100140646],[-100.45390283574697,20.704169820107168],[-100.4538299260941,20.70419659358903],[-100.4538467986442,20.70423679071807],[-100.45391970395549,20.7042100140646]]]},"id":"microsoft-023310003-147448"},{"type":"Feature","properties":{"height":-1,"confidence":-1,"footprintSource":"Microsoft Global ML Building Footprints","footprintMethod":"AI detected from imagery; not surveyed","heightMethod":"No supplied height"},"geometry":{"type":"Polygon","coordinates":[[[-100.44072440283956,20.698876867060306],[-100.44078601499402,20.69887480981464],[-100.44078323665002,20.69880213939095],[-100.44072162449557,20.698804196637624],[-100.44072440283956,20.698876867060306]]]},"id":"microsoft-023310003-148793"},{"type":"Feature","properties":{"height":-1,"confidence":-1,"footprintSource":"Microsoft Global ML Building Footprints","footprintMethod":"AI detected from imagery; not surveyed","heightMethod":"No supplied height"},"geometry":{"type":"Polygon","coordinates":[[[-100.44909342349926,20.701333940230185],[-100.44906902793883,20.70120241172333],[-100.44895185577015,20.701221428805823],[-100.44898059631483,20.701376383235868],[-100.4490300684251,20.70136835066525],[-100.44902572402403,20.701344927868575],[-100.44909342349926,20.701333940230185]]]},"id":"microsoft-023310003-148825"},{"type":"Feature","properties":{"height":-1,"confidence":-1,"footprintSource":"Microsoft Global ML Building Footprints","footprintMethod":"AI detected from imagery; not surveyed","heightMethod":"No supplied height"},"geometry":{"type":"Polygon","coordinates":[[[-100.45026099606761,20.704001860008788],[-100.45019745826721,20.704061294484433],[-100.45024573802948,20.704106456283355],[-100.4503092741403,20.704047023405863],[-100.45026099606761,20.704001860008788]]]},"id":"microsoft-023310003-148829"},{"type":"Feature","properties":{"height":-1,"confidence":-1,"footprintSource":"Microsoft Global ML Building Footprints","footprintMethod":"AI detected from imagery; not surveyed","heightMethod":"No supplied height"},"geometry":{"type":"Polygon","coordinates":[[[-100.45136776183325,20.699377143246707],[-100.45137633581635,20.699443924763358],[-100.45143979350641,20.69943679542031],[-100.45143121952329,20.69937001390052],[-100.45136776183325,20.699377143246707]]]},"id":"microsoft-023310003-148835"},{"type":"Feature","properties":{"height":-1,"confidence":-1,"footprintSource":"Microsoft Global ML Building Footprints","footprintMethod":"AI detected from imagery; not surveyed","heightMethod":"No supplied height"},"geometry":{"type":"Polygon","coordinates":[[[-100.45472207443115,20.698398659742566],[-100.45471496475155,20.698433698938317],[-100.45477710000338,20.69844472748835],[-100.45480560185393,20.698304259527333],[-100.45462039461601,20.698271386572515],[-100.45459901163638,20.698376808937496],[-100.45472207443115,20.698398659742566]]]},"id":"microsoft-023310003-148853"},{"type":"Feature","properties":{"height":-1,"confidence":-1,"footprintSource":"Microsoft Global ML Building Footprints","footprintMethod":"AI detected from imagery; not surveyed","heightMethod":"No supplied height"},"geometry":{"type":"Polygon","coordinates":[[[-100.45482465736134,20.701864550510265],[-100.45483125752664,20.70199221217092],[-100.45491421198322,20.701988459344847],[-100.45490761181793,20.70186079768105],[-100.45482465736134,20.701864550510265]]]},"id":"microsoft-023310003-148855"},{"type":"Feature","properties":{"height":-1,"confidence":-1,"footprintSource":"Microsoft Global ML Building Footprints","footprintMethod":"AI detected from imagery; not surveyed","heightMethod":"No supplied height"},"geometry":{"type":"Polygon","coordinates":[[[-100.45488269328823,20.70278774520628],[-100.45489382208659,20.702840904812106],[-100.45496250811681,20.70282832267614],[-100.45495137548797,20.702775163767583],[-100.45488269328823,20.70278774520628]]]},"id":"microsoft-023310003-148856"},{"type":"Feature","properties":{"height":-1,"confidence":-1,"footprintSource":"Microsoft Global ML Building Footprints","footprintMethod":"AI detected from imagery; not surveyed","heightMethod":"No supplied height"},"geometry":{"type":"Polygon","coordinates":[[[-100.45517373387531,20.719888858373608],[-100.45522395531226,20.719894562353375],[-100.45523101663808,20.719840172349635],[-100.45509356849492,20.719824561451517],[-100.4550820135981,20.719913563274815],[-100.45510051623276,20.719915664740725],[-100.4550905661827,20.71999230515671],[-100.4551592902543,20.72000011059734],[-100.45517373387531,20.719888858373608]]]},"id":"microsoft-023310003-148858"},{"type":"Feature","properties":{"height":-1,"confidence":-1,"footprintSource":"Microsoft Global ML Building Footprints","footprintMethod":"AI detected from imagery; not surveyed","heightMethod":"No supplied height"},"geometry":{"type":"Polygon","coordinates":[[[-100.45560302087496,20.70251886929958],[-100.45543981910353,20.70255362675971],[-100.45545143058175,20.702601334112117],[-100.45538874047993,20.702614685362306],[-100.45539918775607,20.7026576226133],[-100.45544253888336,20.70264839003019],[-100.45544486050026,20.702657931640474],[-100.45548970348457,20.70264838133336],[-100.45548654055597,20.70263538601249],[-100.45562424413673,20.70260606799293],[-100.45560302087496,20.70251886929958]]]},"id":"microsoft-023310003-148861"},{"type":"Feature","properties":{"height":-1,"confidence":-1,"footprintSource":"Microsoft Global ML Building Footprints","footprintMethod":"AI detected from imagery; not surveyed","heightMethod":"No supplied height"},"geometry":{"type":"Polygon","coordinates":[[[-100.45739634728615,20.703205432554967],[-100.45741156729208,20.703264738835173],[-100.45745214356174,20.70325562439784],[-100.45743692355578,20.703196318114053],[-100.45739634728615,20.703205432554967]]]},"id":"microsoft-023310003-148871"},{"type":"Feature","properties":{"height":-1,"confidence":-1,"footprintSource":"Microsoft Global ML Building Footprints","footprintMethod":"AI detected from imagery; not surveyed","heightMethod":"No supplied height"},"geometry":{"type":"Polygon","coordinates":[[[-100.44678651175437,20.695818384972654],[-100.44674461914187,20.695800150768065],[-100.44671999763356,20.695849653007926],[-100.44676189024607,20.695867887206575],[-100.44678651175437,20.695818384972654]]]},"id":"microsoft-023310003-150118"},{"type":"Feature","properties":{"height":-1,"confidence":-1,"footprintSource":"Microsoft Global ML Building Footprints","footprintMethod":"AI detected from imagery; not surveyed","heightMethod":"No supplied height"},"geometry":{"type":"Polygon","coordinates":[[[-100.44809472435698,20.700654216833883],[-100.44815860023229,20.70064894336423],[-100.44815484493168,20.70060910865861],[-100.44809096905635,20.700614382129658],[-100.44809472435698,20.700654216833883]]]},"id":"microsoft-023310003-150124"},{"type":"Feature","properties":{"height":-1,"confidence":-1,"footprintSource":"Microsoft Global ML Building Footprints","footprintMethod":"AI detected from imagery; not surveyed","heightMethod":"No supplied height"},"geometry":{"type":"Polygon","coordinates":[[[-100.4496416471966,20.699184691528018],[-100.44965532860589,20.69923674433994],[-100.44971097334708,20.69922394608234],[-100.44969729193782,20.699171893265998],[-100.4496416471966,20.699184691528018]]]},"id":"microsoft-023310003-150137"},{"type":"Feature","properties":{"height":-1,"confidence":-1,"footprintSource":"Microsoft Global ML Building Footprints","footprintMethod":"AI detected from imagery; not surveyed","heightMethod":"No supplied height"},"geometry":{"type":"Polygon","coordinates":[[[-100.45076649533615,20.695605359407836],[-100.45089552362388,20.69564138084452],[-100.45096533334697,20.695422502584265],[-100.45096533334697,20.695422502584265],[-100.45098076497,20.69537411892621],[-100.45084284204911,20.69533561426458],[-100.45080169105445,20.695464637351193],[-100.45081059518434,20.695467123161777],[-100.45076649533615,20.695605359407836]]]},"id":"microsoft-023310003-151532"},{"type":"Feature","properties":{"height":-1,"confidence":-1,"footprintSource":"Microsoft Global ML Building Footprints","footprintMethod":"AI detected from imagery; not surveyed","heightMethod":"No supplied height"},"geometry":{"type":"Polygon","coordinates":[[[-100.45096648279387,20.70120388138045],[-100.45092302121411,20.701212892867787],[-100.45088026244488,20.701032497219387],[-100.45078428917333,20.701052402983493],[-100.45082225632446,20.70121263376599],[-100.45084410177734,20.701208102817517],[-100.45088208035509,20.70136833106548],[-100.45099968053731,20.70134393972606],[-100.45096648279387,20.70120388138045]]]},"id":"microsoft-023310003-151535"},{"type":"Feature","properties":{"height":-1,"confidence":-1,"footprintSource":"Microsoft Global ML Building Footprints","footprintMethod":"AI detected from imagery; not surveyed","heightMethod":"No supplied height"},"geometry":{"type":"Polygon","coordinates":[[[-100.45696357429148,20.70194835916972],[-100.45695588122025,20.701899232846216],[-100.4569033639715,20.701906429193443],[-100.45691105704272,20.70195555551463],[-100.45696357429148,20.70194835916972]]]},"id":"microsoft-023310003-151575"},{"type":"Feature","properties":{"height":-1,"confidence":-1,"footprintSource":"Microsoft Global ML Building Footprints","footprintMethod":"AI detected from imagery; not surveyed","heightMethod":"No supplied height"},"geometry":{"type":"Polygon","coordinates":[[[-100.44863827752657,20.699863585733695],[-100.44850415913476,20.69989430104033],[-100.44854380891688,20.700045800238897],[-100.4486222555234,20.700027834700876],[-100.44863526560817,20.70007754534832],[-100.44869093739344,20.700064795614537],[-100.44863827752657,20.699863585733695]]]},"id":"microsoft-023310003-152839"},{"type":"Feature","properties":{"height":-1,"confidence":-1,"footprintSource":"Microsoft Global ML Building Footprints","footprintMethod":"AI detected from imagery; not surveyed","heightMethod":"No supplied height"},"geometry":{"type":"Polygon","coordinates":[[[-100.4522774205574,20.701403918971565],[-100.4522679999911,20.70136317120425],[-100.45221675268435,20.70137353865482],[-100.45222617325065,20.701414286419322],[-100.4522774205574,20.701403918971565]]]},"id":"microsoft-023310003-152861"},{"type":"Feature","properties":{"height":-1,"confidence":-1,"footprintSource":"Microsoft Global ML Building Footprints","footprintMethod":"AI detected from imagery; not surveyed","heightMethod":"No supplied height"},"geometry":{"type":"Polygon","coordinates":[[[-100.45311517181284,20.696958010675942],[-100.45299912960054,20.69705745440551],[-100.45310669303089,20.697167284793338],[-100.45318626926769,20.69709908585392],[-100.45312413604783,20.697035638277],[-100.45314309458934,20.69701939153549],[-100.45312373583951,20.696999623265967],[-100.45316664836135,20.69696284606303],[-100.45306175907147,20.696855746031204],[-100.45303634960256,20.696877520992714],[-100.45311517181284,20.696958010675942]]]},"id":"microsoft-023310003-152866"},{"type":"Feature","properties":{"height":-1,"confidence":-1,"footprintSource":"Microsoft Global ML Building Footprints","footprintMethod":"AI detected from imagery; not surveyed","heightMethod":"No supplied height"},"geometry":{"type":"Polygon","coordinates":[[[-100.45389261333082,20.719308633786724],[-100.45384494097104,20.719268741353105],[-100.4537969587309,20.719318904144004],[-100.45384463109069,20.71935879656438],[-100.45389261333082,20.719308633786724]]]},"id":"microsoft-023310003-152873"},{"type":"Feature","properties":{"height":-1,"confidence":-1,"footprintSource":"Microsoft Global ML Building Footprints","footprintMethod":"AI detected from imagery; not surveyed","heightMethod":"No supplied height"},"geometry":{"type":"Polygon","coordinates":[[[-100.44800088796552,20.703253463962113],[-100.4480036178291,20.7034048562018],[-100.44807601695999,20.703403718623733],[-100.448073287011,20.703252321644356],[-100.44800088796552,20.703253463962113]]]},"id":"microsoft-023310003-154172"},{"type":"Feature","properties":{"height":-1,"confidence":-1,"footprintSource":"Microsoft Global ML Building Footprints","footprintMethod":"AI detected from imagery; not surveyed","heightMethod":"No supplied height"},"geometry":{"type":"Polygon","coordinates":[[[-100.44907400585484,20.702124280596806],[-100.44901496429975,20.702216747897907],[-100.44913867488157,20.702285859110518],[-100.44919771133709,20.7021933890027],[-100.44907400585484,20.702124280596806]]]},"id":"microsoft-023310003-154175"},{"type":"Feature","properties":{"height":-1,"confidence":-1,"footprintSource":"Microsoft Global ML Building Footprints","footprintMethod":"AI detected from imagery; not surveyed","heightMethod":"No supplied height"},"geometry":{"type":"Polygon","coordinates":[[[-100.44909525409145,20.70097366548478],[-100.44906068745945,20.700846392249503],[-100.44900021754357,20.700860763346185],[-100.44903478417557,20.700988036569413],[-100.44909525409145,20.70097366548478]]]},"id":"microsoft-023310003-154176"},{"type":"Feature","properties":{"height":-1,"confidence":-1,"footprintSource":"Microsoft Global ML Building Footprints","footprintMethod":"AI detected from imagery; not surveyed","heightMethod":"No supplied height"},"geometry":{"type":"Polygon","coordinates":[[[-100.44956523580845,20.70076213221401],[-100.44959235681927,20.700843553445424],[-100.44971215174829,20.700808628548728],[-100.44968503311874,20.70072721444751],[-100.44956523580845,20.70076213221401]]]},"id":"microsoft-023310003-154180"},{"type":"Feature","properties":{"height":-1,"confidence":-1,"footprintSource":"Microsoft Global ML Building Footprints","footprintMethod":"AI detected from imagery; not surveyed","heightMethod":"No supplied height"},"geometry":{"type":"Polygon","coordinates":[[[-100.4527516799987,20.69643443762294],[-100.45275711991346,20.69632427157248],[-100.4527239083747,20.696322836447152],[-100.45272267016118,20.69634787411239],[-100.45267181686289,20.696345676657884],[-100.4526676069369,20.69643080469001],[-100.4527516799987,20.69643443762294]]]},"id":"microsoft-023310003-154203"},{"type":"Feature","properties":{"height":-1,"confidence":-1,"footprintSource":"Microsoft Global ML Building Footprints","footprintMethod":"AI detected from imagery; not surveyed","heightMethod":"No supplied height"},"geometry":{"type":"Polygon","coordinates":[[[-100.45574120508621,20.697618714136027],[-100.45570505607145,20.697627773997723],[-100.45571608011224,20.6976662655008],[-100.4557522311813,20.697657202759686],[-100.45574120508621,20.697618714136027]]]},"id":"microsoft-023310003-154222"},{"type":"Feature","properties":{"height":-1,"confidence":-1,"footprintSource":"Microsoft Global ML Building Footprints","footprintMethod":"AI detected from imagery; not surveyed","heightMethod":"No supplied height"},"geometry":{"type":"Polygon","coordinates":[[[-100.4571625279662,20.695423268825635],[-100.45719008148895,20.695436549875268],[-100.45724315473778,20.69534019308678],[-100.45721560042983,20.695326913454295],[-100.4571625279662,20.695423268825635]]]},"id":"microsoft-023310003-154234"},{"type":"Feature","properties":{"height":-1,"confidence":-1,"footprintSource":"Microsoft Global ML Building Footprints","footprintMethod":"AI detected from imagery; not surveyed","heightMethod":"No supplied height"},"geometry":{"type":"Polygon","coordinates":[[[-100.45760019577435,20.694813048663747],[-100.45745537201103,20.694880475321327],[-100.45743718576158,20.69484628702162],[-100.45740572960635,20.69486093229297],[-100.45734902490797,20.694754348177426],[-100.45721359191144,20.69481740273241],[-100.45724461901057,20.694875722327822],[-100.45719947467838,20.69489674049892],[-100.45722836197757,20.694951038025593],[-100.45727780576995,20.694928018132003],[-100.45732702116854,20.69502052499857],[-100.45735711739002,20.695006512896285],[-100.4573785153894,20.69504673325916],[-100.45765583057278,20.69491762171846],[-100.45760019577435,20.694813048663747]]]},"id":"microsoft-023310003-154239"},{"type":"Feature","properties":{"height":-1,"confidence":-1,"footprintSource":"Microsoft Global ML Building Footprints","footprintMethod":"AI detected from imagery; not surveyed","heightMethod":"No supplied height"},"geometry":{"type":"Polygon","coordinates":[[[-100.43520861138639,20.69911229280305],[-100.43526388580527,20.699156229508702],[-100.43530967597168,20.69910581619166],[-100.43525440183417,20.699061883313917],[-100.43520861138639,20.69911229280305]]]},"id":"microsoft-023310003-155523"},{"type":"Feature","properties":{"height":-1,"confidence":-1,"footprintSource":"Microsoft Global ML Building Footprints","footprintMethod":"AI detected from imagery; not surveyed","heightMethod":"No supplied height"},"geometry":{"type":"Polygon","coordinates":[[[-100.43668187800398,20.701204098966713],[-100.43661925094278,20.701198735906146],[-100.43661526552594,20.701239460031374],[-100.43667789600646,20.701244819282905],[-100.43668187800398,20.701204098966713]]]},"id":"microsoft-023310003-155528"},{"type":"Feature","properties":{"height":-1,"confidence":-1,"footprintSource":"Microsoft Global ML Building Footprints","footprintMethod":"AI detected from imagery; not surveyed","heightMethod":"No supplied height"},"geometry":{"type":"Polygon","coordinates":[[[-100.4428727677249,20.718147026768733],[-100.44278522065362,20.71821009148971],[-100.44282671294289,20.718260482586402],[-100.44291426001416,20.718197417886415],[-100.4428727677249,20.718147026768733]]]},"id":"microsoft-023310003-155547"},{"type":"Feature","properties":{"height":-1,"confidence":-1,"footprintSource":"Microsoft Global ML Building Footprints","footprintMethod":"AI detected from imagery; not surveyed","heightMethod":"No supplied height"},"geometry":{"type":"Polygon","coordinates":[[[-100.44986927693738,20.70140874613176],[-100.44981959371192,20.70141052864463],[-100.44982287482547,20.701490699963358],[-100.44987256404049,20.70148891723656],[-100.44986927693738,20.70140874613176]]]},"id":"microsoft-023310003-155576"},{"type":"Feature","properties":{"height":-1,"confidence":-1,"footprintSource":"Microsoft Global ML Building Footprints","footprintMethod":"AI detected from imagery; not surveyed","heightMethod":"No supplied height"},"geometry":{"type":"Polygon","coordinates":[[[-100.4506433123485,20.69504603957583],[-100.45056821245646,20.69504639851654],[-100.45056797949631,20.695003744271673],[-100.45038022976627,20.69500464162371],[-100.45038127919892,20.69519678924034],[-100.45064412872703,20.695195515740053],[-100.4506433123485,20.69504603957583]]]},"id":"microsoft-023310003-155582"},{"type":"Feature","properties":{"height":-1,"confidence":-1,"footprintSource":"Microsoft Global ML Building Footprints","footprintMethod":"AI detected from imagery; not surveyed","heightMethod":"No supplied height"},"geometry":{"type":"Polygon","coordinates":[[[-100.45134859967523,20.701728015117737],[-100.45126883532153,20.701743383937142],[-100.45130487450061,20.701907053774036],[-100.4513383240683,20.7019006087924],[-100.45132265943477,20.70182946878846],[-100.45136897486131,20.701820547871932],[-100.45134859967523,20.701728015117737]]]},"id":"microsoft-023310003-155588"},{"type":"Feature","properties":{"height":-1,"confidence":-1,"footprintSource":"Microsoft Global ML Building Footprints","footprintMethod":"AI detected from imagery; not surveyed","heightMethod":"No supplied height"},"geometry":{"type":"Polygon","coordinates":[[[-100.4524269555303,20.695902635935056],[-100.4523677998726,20.69592604084363],[-100.45241348138829,20.696027079760768],[-100.4524726385314,20.696003678153232],[-100.4524269555303,20.695902635935056]]]},"id":"microsoft-023310003-155594"},{"type":"Feature","properties":{"height":-1,"confidence":-1,"footprintSource":"Microsoft Global ML Building Footprints","footprintMethod":"AI detected from imagery; not surveyed","heightMethod":"No supplied height"},"geometry":{"type":"Polygon","coordinates":[[[-100.45473333407847,20.70224408502287],[-100.45474433868036,20.702337115479764],[-100.45478673492786,20.702332727152907],[-100.45478116407784,20.70228563243161],[-100.45485270774556,20.70227822712745],[-100.45484727312198,20.70223228401761],[-100.45473333407847,20.70224408502287]]]},"id":"microsoft-023310003-155608"},{"type":"Feature","properties":{"height":-1,"confidence":-1,"footprintSource":"Microsoft Global ML Building Footprints","footprintMethod":"AI detected from imagery; not surveyed","heightMethod":"No supplied height"},"geometry":{"type":"Polygon","coordinates":[[[-100.45507355320251,20.699594095793003],[-100.4551110816095,20.699593235838066],[-100.45510924301172,20.699523024184842],[-100.45507171460474,20.69952388414019],[-100.45507355320251,20.699594095793003]]]},"id":"microsoft-023310003-155614"},{"type":"Feature","properties":{"height":-1,"confidence":-1,"footprintSource":"Microsoft Global ML Building Footprints","footprintMethod":"AI detected from imagery; not surveyed","heightMethod":"No supplied height"},"geometry":{"type":"Polygon","coordinates":[[[-100.45635383837987,20.695288743323317],[-100.45643460077332,20.695361454842356],[-100.4565190283993,20.695279390792322],[-100.45643826600585,20.69520667923392],[-100.45635383837987,20.695288743323317]]]},"id":"microsoft-023310003-155623"},{"type":"Feature","properties":{"height":-1,"confidence":-1,"footprintSource":"Microsoft Global ML Building Footprints","footprintMethod":"AI detected from imagery; not surveyed","heightMethod":"No supplied height"},"geometry":{"type":"Polygon","coordinates":[[[-100.44983256318174,20.698427634617943],[-100.44973542476784,20.698450294501185],[-100.44975078700247,20.69850793849791],[-100.44984793107292,20.698485283663928],[-100.44983256318174,20.698427634617943]]]},"id":"microsoft-023310003-156987"},{"type":"Feature","properties":{"height":-1,"confidence":-1,"footprintSource":"Microsoft Global ML Building Footprints","footprintMethod":"AI detected from imagery; not surveyed","heightMethod":"No supplied height"},"geometry":{"type":"Polygon","coordinates":[[[-100.45087539889835,20.69935535861839],[-100.45085473438151,20.699235534127368],[-100.4508129080602,20.69924184889713],[-100.45083357257703,20.69936167338315],[-100.45087539889835,20.69935535861839]]]},"id":"microsoft-023310003-156996"},{"type":"Feature","properties":{"height":-1,"confidence":-1,"footprintSource":"Microsoft Global ML Building Footprints","footprintMethod":"AI detected from imagery; not surveyed","heightMethod":"No supplied height"},"geometry":{"type":"Polygon","coordinates":[[[-100.45185569652492,20.70078995113009],[-100.45173693636947,20.700819769245157],[-100.45178290721255,20.700979984465846],[-100.45190165826654,20.700950176442078],[-100.45185569652492,20.70078995113009]]]},"id":"microsoft-023310003-157003"},{"type":"Feature","properties":{"height":-1,"confidence":-1,"footprintSource":"Microsoft Global ML Building Footprints","footprintMethod":"AI detected from imagery; not surveyed","heightMethod":"No supplied height"},"geometry":{"type":"Polygon","coordinates":[[[-100.45291913594832,20.700243362033532],[-100.45297578126284,20.700236078348524],[-100.45295407002399,20.700088326845687],[-100.45289743555915,20.700095609142707],[-100.45291913594832,20.700243362033532]]]},"id":"microsoft-023310003-157010"},{"type":"Feature","properties":{"height":-1,"confidence":-1,"footprintSource":"Microsoft Global ML Building Footprints","footprintMethod":"AI detected from imagery; not surveyed","heightMethod":"No supplied height"},"geometry":{"type":"Polygon","coordinates":[[[-100.45303659416153,20.69787634263075],[-100.45315485517787,20.697940676951887],[-100.45317057976234,20.697915379436182],[-100.45321978235457,20.697942142557977],[-100.45325358610687,20.697887766042612],[-100.45320438047428,20.69786100125745],[-100.45320204939071,20.69786475147731],[-100.45308378477765,20.69780042291032],[-100.45303659416153,20.69787634263075]]]},"id":"microsoft-023310003-157011"},{"type":"Feature","properties":{"height":-1,"confidence":-1,"footprintSource":"Microsoft Global ML Building Footprints","footprintMethod":"AI detected from imagery; not surveyed","heightMethod":"No supplied height"},"geometry":{"type":"Polygon","coordinates":[[[-100.44088236148171,20.695509304523625],[-100.44084745668411,20.69551829491698],[-100.44087148304781,20.695599926018815],[-100.4409462790426,20.695580660899907],[-100.440913328601,20.695468709649134],[-100.44087343740377,20.695478984387094],[-100.44088236148171,20.695509304523625]]]},"id":"microsoft-023310003-158340"},{"type":"Feature","properties":{"height":-1,"confidence":-1,"footprintSource":"Microsoft Global ML Building Footprints","footprintMethod":"AI detected from imagery; not surveyed","heightMethod":"No supplied height"},"geometry":{"type":"Polygon","coordinates":[[[-100.44876835341199,20.695607854953337],[-100.44882184782772,20.695610502777768],[-100.44881901735612,20.69566054524985],[-100.44895275339536,20.69566716480854],[-100.44895586691412,20.695612118090736],[-100.44888097473215,20.69560841113656],[-100.44889993889188,20.695273126143064],[-100.4487876006189,20.695267565699325],[-100.44876835341199,20.695607854953337]]]},"id":"microsoft-023310003-158382"},{"type":"Feature","properties":{"height":-1,"confidence":-1,"footprintSource":"Microsoft Global ML Building Footprints","footprintMethod":"AI detected from imagery; not surveyed","heightMethod":"No supplied height"},"geometry":{"type":"Polygon","coordinates":[[[-100.44936278291043,20.696338899643138],[-100.44926480903534,20.69633507014842],[-100.44924805565637,20.696710782403244],[-100.44934600147074,20.696714610791673],[-100.44936278291043,20.696338899643138]]]},"id":"microsoft-023310003-158386"},{"type":"Feature","properties":{"height":-1,"confidence":-1,"footprintSource":"Microsoft Global ML Building Footprints","footprintMethod":"AI detected from imagery; not surveyed","heightMethod":"No supplied height"},"geometry":{"type":"Polygon","coordinates":[[[-100.45209620087631,20.701596914360508],[-100.45209039534042,20.70150943542373],[-100.45204764475415,20.701511918029354],[-100.45204946935114,20.701539411414473],[-100.45200939067652,20.701541738856776],[-100.45201337161542,20.701601724406075],[-100.45209620087631,20.701596914360508]]]},"id":"microsoft-023310003-158404"},{"type":"Feature","properties":{"height":-1,"confidence":-1,"footprintSource":"Microsoft Global ML Building Footprints","footprintMethod":"AI detected from imagery; not surveyed","heightMethod":"No supplied height"},"geometry":{"type":"Polygon","coordinates":[[[-100.4523187411027,20.701926697734393],[-100.45223382744462,20.70202668093033],[-100.45234400073363,20.70210855584915],[-100.45237404710494,20.702073177206486],[-100.45240293812671,20.70209464747238],[-100.45245780245,20.702030040779945],[-100.4523187411027,20.701926697734393]]]},"id":"microsoft-023310003-158406"},{"type":"Feature","properties":{"height":-1,"confidence":-1,"footprintSource":"Microsoft Global ML Building Footprints","footprintMethod":"AI detected from imagery; not surveyed","heightMethod":"No supplied height"},"geometry":{"type":"Polygon","coordinates":[[[-100.45388447885725,20.70248208291767],[-100.45372940907475,20.702516133884217],[-100.45375685935554,20.702625520860764],[-100.45391192913804,20.702591469918772],[-100.45388447885725,20.70248208291767]]]},"id":"microsoft-023310003-158410"},{"type":"Feature","properties":{"height":-1,"confidence":-1,"footprintSource":"Microsoft Global ML Building Footprints","footprintMethod":"AI detected from imagery; not surveyed","heightMethod":"No supplied height"},"geometry":{"type":"Polygon","coordinates":[[[-100.44169868254052,20.69955091471131],[-100.44174482666679,20.699545265267474],[-100.44173826569039,20.6994983963084],[-100.44169212501171,20.699504045331892],[-100.44169868254052,20.69955091471131]]]},"id":"microsoft-023310003-159694"},{"type":"Feature","properties":{"height":-1,"confidence":-1,"footprintSource":"Microsoft Global ML Building Footprints","footprintMethod":"AI detected from imagery; not surveyed","heightMethod":"No supplied height"},"geometry":{"type":"Polygon","coordinates":[[[-100.44471235497728,20.697028003051955],[-100.44468289746717,20.696947056128607],[-100.44445352178975,20.697020102043993],[-100.4444829738725,20.6971010506567],[-100.44471235497728,20.697028003051955]]]},"id":"microsoft-023310003-159705"},{"type":"Feature","properties":{"height":-1,"confidence":-1,"footprintSource":"Microsoft Global ML Building Footprints","footprintMethod":"AI detected from imagery; not surveyed","heightMethod":"No supplied height"},"geometry":{"type":"Polygon","coordinates":[[[-100.44897505131779,20.69505048060492],[-100.44892151998002,20.695048181427538],[-100.44891038390092,20.69527507990118],[-100.44895053253296,20.695276801658537],[-100.44894782898193,20.695331886668214],[-100.44898632077204,20.69533353737195],[-100.44898938831568,20.695270940568776],[-100.44896428407637,20.69526986398391],[-100.44897505131779,20.69505048060492]]]},"id":"microsoft-023310003-159726"},{"type":"Feature","properties":{"height":-1,"confidence":-1,"footprintSource":"Microsoft Global ML Building Footprints","footprintMethod":"AI detected from imagery; not surveyed","heightMethod":"No supplied height"},"geometry":{"type":"Polygon","coordinates":[[[-100.44897510186527,20.696522394443576],[-100.44892571711516,20.696557427501887],[-100.44895929286224,20.696598846140375],[-100.44900867761234,20.696563813091615],[-100.44897510186527,20.696522394443576]]]},"id":"microsoft-023310003-159727"},{"type":"Feature","properties":{"height":-1,"confidence":-1,"footprintSource":"Microsoft Global ML Building Footprints","footprintMethod":"AI detected from imagery; not surveyed","heightMethod":"No supplied height"},"geometry":{"type":"Polygon","coordinates":[[[-100.44969111281333,20.701561058808636],[-100.44965792580746,20.70141196277372],[-100.44953967103253,20.70143499563781],[-100.4495728580384,20.701584091650062],[-100.44969111281333,20.701561058808636]]]},"id":"microsoft-023310003-159733"},{"type":"Feature","properties":{"height":-1,"confidence":-1,"footprintSource":"Microsoft Global ML Building Footprints","footprintMethod":"AI detected from imagery; not surveyed","heightMethod":"No supplied height"},"geometry":{"type":"Polygon","coordinates":[[[-100.45336188707478,20.696067720467084],[-100.45333516280697,20.69607296256639],[-100.45331846734481,20.695998454683732],[-100.45318846242121,20.696023955812223],[-100.45321055057846,20.696122497086094],[-100.45316687343944,20.696131064573024],[-100.45319003906779,20.69623441266367],[-100.45322600847639,20.696227357091033],[-100.45323462824508,20.696265812178353],[-100.45317810488874,20.69627689950383],[-100.45319426695502,20.69634900276101],[-100.45334585231981,20.696319268582272],[-100.45333453887342,20.696268796295954],[-100.45340390844714,20.69625518912295],[-100.45336188707478,20.696067720467084]]]},"id":"microsoft-023310003-159757"},{"type":"Feature","properties":{"height":-1,"confidence":-1,"footprintSource":"Microsoft Global ML Building Footprints","footprintMethod":"AI detected from imagery; not surveyed","heightMethod":"No supplied height"},"geometry":{"type":"Polygon","coordinates":[[[-100.4368955079966,20.708255960312258],[-100.43678000378598,20.708271892853205],[-100.43679627026643,20.708375023654767],[-100.43691177447704,20.708359091124635],[-100.4368955079966,20.708255960312258]]]},"id":"microsoft-023310003-161060"},{"type":"Feature","properties":{"height":-1,"confidence":-1,"footprintSource":"Microsoft Global ML Building Footprints","footprintMethod":"AI detected from imagery; not surveyed","heightMethod":"No supplied height"},"geometry":{"type":"Polygon","coordinates":[[[-100.44829121415609,20.696369674246185],[-100.44827438369919,20.69624112850633],[-100.44815546819834,20.696254753415943],[-100.44817229865527,20.696383299144244],[-100.44829121415609,20.696369674246185]]]},"id":"microsoft-023310003-161113"},{"type":"Feature","properties":{"height":-1,"confidence":-1,"footprintSource":"Microsoft Global ML Building Footprints","footprintMethod":"AI detected from imagery; not surveyed","heightMethod":"No supplied height"},"geometry":{"type":"Polygon","coordinates":[[[-100.4488834438953,20.700543446507822],[-100.44889148350188,20.700658370502666],[-100.44897160665838,20.70065346578346],[-100.4489635670518,20.70053854178488],[-100.4488834438953,20.700543446507822]]]},"id":"microsoft-023310003-161119"},{"type":"Feature","properties":{"height":-1,"confidence":-1,"footprintSource":"Microsoft Global ML Building Footprints","footprintMethod":"AI detected from imagery; not surveyed","heightMethod":"No supplied height"},"geometry":{"type":"Polygon","coordinates":[[[-100.44931063657756,20.699854839363354],[-100.44930370192212,20.69973223866839],[-100.44920873913564,20.69973693893367],[-100.44921566464382,20.699859540077597],[-100.44931063657756,20.699854839363354]]]},"id":"microsoft-023310003-161120"},{"type":"Feature","properties":{"height":-1,"confidence":-1,"footprintSource":"Microsoft Global ML Building Footprints","footprintMethod":"AI detected from imagery; not surveyed","heightMethod":"No supplied height"},"geometry":{"type":"Polygon","coordinates":[[[-100.45186758502842,20.700555368850516],[-100.45181676677204,20.700377377332174],[-100.45168908190773,20.70040927750422],[-100.45171515969719,20.700500615263948],[-100.45168761982448,20.70050749568817],[-100.45170901698509,20.70058243944652],[-100.45176159310566,20.700569304097385],[-100.45175125921443,20.700533109546598],[-100.45181266102756,20.70051776520647],[-100.45182634264219,20.700565672638447],[-100.45186758502842,20.700555368850516]]]},"id":"microsoft-023310003-161143"},{"type":"Feature","properties":{"height":-1,"confidence":-1,"footprintSource":"Microsoft Global ML Building Footprints","footprintMethod":"AI detected from imagery; not surveyed","heightMethod":"No supplied height"},"geometry":{"type":"Polygon","coordinates":[[[-100.45243890594844,20.697955239055688],[-100.45257394174992,20.698034162598276],[-100.4526818511131,20.697872615166105],[-100.45254681955885,20.697793685181054],[-100.45243890594844,20.697955239055688]]]},"id":"microsoft-023310003-161146"},{"type":"Feature","properties":{"height":-1,"confidence":-1,"footprintSource":"Microsoft Global ML Building Footprints","footprintMethod":"AI detected from imagery; not surveyed","heightMethod":"No supplied height"},"geometry":{"type":"Polygon","coordinates":[[[-100.4528872221982,20.696657921866475],[-100.45285168741658,20.696582183526914],[-100.45275142101038,20.6966233504441],[-100.45287186053814,20.69688001242801],[-100.45298560472934,20.696833311942385],[-100.45295649972225,20.69677127800942],[-100.45293401049128,20.696780512995744],[-100.45287822627411,20.69666161536999],[-100.4528872221982,20.696657921866475]]]},"id":"microsoft-023310003-161150"},{"type":"Feature","properties":{"height":-1,"confidence":-1,"footprintSource":"Microsoft Global ML Building Footprints","footprintMethod":"AI detected from imagery; not surveyed","heightMethod":"No supplied height"},"geometry":{"type":"Polygon","coordinates":[[[-100.45340980134566,20.69995478046087],[-100.45335989101379,20.69996755047829],[-100.45338514589324,20.700053923867927],[-100.45348496655697,20.700028383846515],[-100.45344606039134,20.699895322095273],[-100.45339615005948,20.699908092117724],[-100.45340980134566,20.69995478046087]]]},"id":"microsoft-023310003-161151"},{"type":"Feature","properties":{"height":-1,"confidence":-1,"footprintSource":"Microsoft Global ML Building Footprints","footprintMethod":"AI detected from imagery; not surveyed","heightMethod":"No supplied height"},"geometry":{"type":"Polygon","coordinates":[[[-100.45342173385102,20.69909930970904],[-100.45345802351049,20.69908640133437],[-100.45342906233512,20.699015154028473],[-100.45339277648938,20.699028058676987],[-100.45342173385102,20.69909930970904]]]},"id":"microsoft-023310003-161152"},{"type":"Feature","properties":{"height":-1,"confidence":-1,"footprintSource":"Microsoft Global ML Building Footprints","footprintMethod":"AI detected from imagery; not surveyed","heightMethod":"No supplied height"},"geometry":{"type":"Polygon","coordinates":[[[-100.45385012657943,20.699933799525027],[-100.45405187070051,20.699930893695523],[-100.45405104696981,20.69988084968621],[-100.45412905408752,20.69985789292228],[-100.45411571400317,20.699818226905307],[-100.45411461502509,20.699751155906384],[-100.45410476919616,20.699721879848724],[-100.45408300891569,20.699722193274226],[-100.45395646381844,20.69975942605737],[-100.45392830625275,20.699675700997133],[-100.45392789413599,20.69965054935237],[-100.45391655503492,20.69961683310531],[-100.45386323928832,20.69963252345535],[-100.45380021120631,20.699633431284653],[-100.45380083824459,20.69967152572633],[-100.45382340017117,20.699738612449607],[-100.45382491852106,20.699830856645633],[-100.45382349059277,20.699826610778103],[-100.45382397237579,20.69985601414392],[-100.45385012657943,20.699933799525027]]]},"id":"microsoft-023310003-161155"},{"type":"Feature","properties":{"height":-1,"confidence":-1,"footprintSource":"Microsoft Global ML Building Footprints","footprintMethod":"AI detected from imagery; not surveyed","heightMethod":"No supplied height"},"geometry":{"type":"Polygon","coordinates":[[[-100.45474869812024,20.70000151921269],[-100.4546577705337,20.699996905572362],[-100.45465283850126,20.700081963218324],[-100.4547437660878,20.70008657685608],[-100.45474869812024,20.70000151921269]]]},"id":"microsoft-023310003-161159"},{"type":"Feature","properties":{"height":-1,"confidence":-1,"footprintSource":"Microsoft Global ML Building Footprints","footprintMethod":"AI detected from imagery; not surveyed","heightMethod":"No supplied height"},"geometry":{"type":"Polygon","coordinates":[[[-100.45509088573745,20.701604177956554],[-100.45502135077697,20.701600668019182],[-100.45501774289094,20.70166321163802],[-100.45508727785142,20.701666721573957],[-100.45509088573745,20.701604177956554]]]},"id":"microsoft-023310003-161162"},{"type":"Feature","properties":{"height":-1,"confidence":-1,"footprintSource":"Microsoft Global ML Building Footprints","footprintMethod":"AI detected from imagery; not surveyed","heightMethod":"No supplied height"},"geometry":{"type":"Polygon","coordinates":[[[-100.43663024620464,20.70134461805179],[-100.43657240518232,20.701352305363713],[-100.43659407054031,20.701494949854705],[-100.43665191156263,20.701487262550046],[-100.43663024620464,20.70134461805179]]]},"id":"microsoft-023310003-162491"},{"type":"Feature","properties":{"height":-1,"confidence":-1,"footprintSource":"Microsoft Global ML Building Footprints","footprintMethod":"AI detected from imagery; not surveyed","heightMethod":"No supplied height"},"geometry":{"type":"Polygon","coordinates":[[[-100.4411954542691,20.697821311409058],[-100.44118047873968,20.69777119618402],[-100.44112686483737,20.69778521586754],[-100.4411418448175,20.697835333433957],[-100.4411954542691,20.697821311409058]]]},"id":"microsoft-023310003-162514"},{"type":"Feature","properties":{"height":-1,"confidence":-1,"footprintSource":"Microsoft Global ML Building Footprints","footprintMethod":"AI detected from imagery; not surveyed","heightMethod":"No supplied height"},"geometry":{"type":"Polygon","coordinates":[[[-100.44836607470882,20.694819427475295],[-100.44848664142354,20.694823169158084],[-100.44849224109262,20.69466526690664],[-100.44849759961329,20.694665433203824],[-100.44850266598054,20.694522569120537],[-100.44845443929465,20.694521072444473],[-100.44845639473466,20.694465931884565],[-100.44837869618516,20.6944635205722],[-100.44836607470882,20.694819427475295]]]},"id":"microsoft-023310003-162552"},{"type":"Feature","properties":{"height":-1,"confidence":-1,"footprintSource":"Microsoft Global ML Building Footprints","footprintMethod":"AI detected from imagery; not surveyed","heightMethod":"No supplied height"},"geometry":{"type":"Polygon","coordinates":[[[-100.44895206962497,20.696371381161754],[-100.44894725560688,20.696491650080176],[-100.44900886004149,20.69649380793473],[-100.44901367405959,20.696373539018012],[-100.44895206962497,20.696371381161754]]]},"id":"microsoft-023310003-162557"},{"type":"Feature","properties":{"height":-1,"confidence":-1,"footprintSource":"Microsoft Global ML Building Footprints","footprintMethod":"AI detected from imagery; not surveyed","heightMethod":"No supplied height"},"geometry":{"type":"Polygon","coordinates":[[[-100.44945966307918,20.70206314490609],[-100.44943541886248,20.701898157706694],[-100.4493195902138,20.70191305126194],[-100.44934383443052,20.702078038445137],[-100.44945966307918,20.70206314490609]]]},"id":"microsoft-023310003-162562"},{"type":"Feature","properties":{"height":-1,"confidence":-1,"footprintSource":"Microsoft Global ML Building Footprints","footprintMethod":"AI detected from imagery; not surveyed","heightMethod":"No supplied height"},"geometry":{"type":"Polygon","coordinates":[[[-100.45049417197849,20.70138588663366],[-100.45051327715997,20.701425494251282],[-100.45057344647982,20.701400097679752],[-100.45048395378755,20.701214567139928],[-100.45043269844103,20.701236201283166],[-100.45044878701492,20.70126955510004],[-100.45037524673512,20.701300595380303],[-100.45042954567198,20.70141316443511],[-100.45049417197849,20.70138588663366]]]},"id":"microsoft-023310003-162567"},{"type":"Feature","properties":{"height":-1,"confidence":-1,"footprintSource":"Microsoft Global ML Building Footprints","footprintMethod":"AI detected from imagery; not surveyed","heightMethod":"No supplied height"},"geometry":{"type":"Polygon","coordinates":[[[-100.45228610290174,20.700382915107767],[-100.45224195554584,20.700206936633094],[-100.4521148452088,20.700234840227964],[-100.45215899256468,20.700410818670235],[-100.45228610290174,20.700382915107767]]]},"id":"microsoft-023310003-162578"},{"type":"Feature","properties":{"height":-1,"confidence":-1,"footprintSource":"Microsoft Global ML Building Footprints","footprintMethod":"AI detected from imagery; not surveyed","heightMethod":"No supplied height"},"geometry":{"type":"Polygon","coordinates":[[[-100.4434239891453,20.716492295992495],[-100.44337354675096,20.716511738961117],[-100.44339100489042,20.716551364213018],[-100.4434414460411,20.71653191842678],[-100.4434239891453,20.716492295992495]]]},"id":"microsoft-023310003-163895"},{"type":"Feature","properties":{"height":-1,"confidence":-1,"footprintSource":"Microsoft Global ML Building Footprints","footprintMethod":"AI detected from imagery; not surveyed","heightMethod":"No supplied height"},"geometry":{"type":"Polygon","coordinates":[[[-100.44909302244025,20.701287101641967],[-100.44922587748424,20.701289276148586],[-100.44922827883882,20.70116037918588],[-100.44909543327323,20.701158213529965],[-100.44909302244025,20.701287101641967]]]},"id":"microsoft-023310003-163921"},{"type":"Feature","properties":{"height":-1,"confidence":-1,"footprintSource":"Microsoft Global ML Building Footprints","footprintMethod":"AI detected from imagery; not surveyed","heightMethod":"No supplied height"},"geometry":{"type":"Polygon","coordinates":[[[-100.45344785326657,20.699498786654445],[-100.45336968994431,20.699521687094034],[-100.45345116412028,20.69976502916967],[-100.45352932900289,20.699742133427193],[-100.45344785326657,20.699498786654445]]]},"id":"microsoft-023310003-163949"},{"type":"Feature","properties":{"height":-1,"confidence":-1,"footprintSource":"Microsoft Global ML Building Footprints","footprintMethod":"AI detected from imagery; not surveyed","heightMethod":"No supplied height"},"geometry":{"type":"Polygon","coordinates":[[[-100.4573302862352,20.719797904942666],[-100.45709759004481,20.71974439220969],[-100.45708328675327,20.719798803676156],[-100.4573159829437,20.719852316389918],[-100.4573302862352,20.719797904942666]]]},"id":"microsoft-023310003-163968"},{"type":"Feature","properties":{"height":-1,"confidence":-1,"footprintSource":"Microsoft Global ML Building Footprints","footprintMethod":"AI detected from imagery; not surveyed","heightMethod":"No supplied height"},"geometry":{"type":"Polygon","coordinates":[[[-100.45743775940488,20.703185032688395],[-100.45748690753196,20.703294713998275],[-100.4576420372757,20.70323387824169],[-100.45758046152844,20.703096462792757],[-100.45748372792656,20.70313439159382],[-100.45749616118314,20.703162133628155],[-100.45743775940488,20.703185032688395]]]},"id":"microsoft-023310003-163969"},{"type":"Feature","properties":{"height":-1,"confidence":-1,"footprintSource":"Microsoft Global ML Building Footprints","footprintMethod":"AI detected from imagery; not surveyed","heightMethod":"No supplied height"},"geometry":{"type":"Polygon","coordinates":[[[-100.43570929343424,20.695302853295132],[-100.4354411976378,20.695346630316607],[-100.43546364953114,20.695466907936222],[-100.43573174214796,20.69542311391595],[-100.43570929343424,20.695302853295132]]]},"id":"microsoft-023310003-165261"},{"type":"Feature","properties":{"height":-1,"confidence":-1,"footprintSource":"Microsoft Global ML Building Footprints","footprintMethod":"AI detected from imagery; not surveyed","heightMethod":"No supplied height"},"geometry":{"type":"Polygon","coordinates":[[[-100.44801967195441,20.69742264547466],[-100.44802710835832,20.697504857090422],[-100.44808037117973,20.697500641057573],[-100.44808600481905,20.69756292255674],[-100.4481084900409,20.697561142733704],[-100.44809540926391,20.697416650464405],[-100.44801967195441,20.69742264547466]]]},"id":"microsoft-023310003-165311"},{"type":"Feature","properties":{"height":-1,"confidence":-1,"footprintSource":"Microsoft Global ML Building Footprints","footprintMethod":"AI detected from imagery; not surveyed","heightMethod":"No supplied height"},"geometry":{"type":"Polygon","coordinates":[[[-100.4491519876088,20.698071560325374],[-100.44908845671,20.69766371111001],[-100.44898077263433,20.69767838973064],[-100.44904430353313,20.698086238906527],[-100.4491519876088,20.698071560325374]]]},"id":"microsoft-023310003-165324"},{"type":"Feature","properties":{"height":-1,"confidence":-1,"footprintSource":"Microsoft Global ML Building Footprints","footprintMethod":"AI detected from imagery; not surveyed","heightMethod":"No supplied height"},"geometry":{"type":"Polygon","coordinates":[[[-100.45027165002595,20.703993798142065],[-100.45031807350391,20.70402852510233],[-100.45035863247206,20.70398108643849],[-100.45031220682918,20.70394635784791],[-100.45027165002595,20.703993798142065]]]},"id":"microsoft-023310003-165331"},{"type":"Feature","properties":{"height":-1,"confidence":-1,"footprintSource":"Microsoft Global ML Building Footprints","footprintMethod":"AI detected from imagery; not surveyed","heightMethod":"No supplied height"},"geometry":{"type":"Polygon","coordinates":[[[-100.45179211518968,20.700187065484045],[-100.45189177482882,20.700177885133755],[-100.45187647196624,20.7000326208084],[-100.45181135737216,20.70003862324053],[-100.45181894348269,20.700110686533506],[-100.45178440988192,20.700113869928757],[-100.45179211518968,20.700187065484045]]]},"id":"microsoft-023310003-165337"},{"type":"Feature","properties":{"height":-1,"confidence":-1,"footprintSource":"Microsoft Global ML Building Footprints","footprintMethod":"AI detected from imagery; not surveyed","heightMethod":"No supplied height"},"geometry":{"type":"Polygon","coordinates":[[[-100.4520409627468,20.699042292495022],[-100.45203587692572,20.699007822103994],[-100.45210167869675,20.6989993265107],[-100.45208513644982,20.698887207343034],[-100.4519508995645,20.698904529741327],[-100.45197252890495,20.699051127909513],[-100.4520409627468,20.699042292495022]]]},"id":"microsoft-023310003-165339"},{"type":"Feature","properties":{"height":-1,"confidence":-1,"footprintSource":"Microsoft Global ML Building Footprints","footprintMethod":"AI detected from imagery; not surveyed","heightMethod":"No supplied height"},"geometry":{"type":"Polygon","coordinates":[[[-100.45205811131422,20.696628696092517],[-100.45204769375862,20.696592321942447],[-100.45200118695662,20.696603977807598],[-100.45201160786512,20.696640354159243],[-100.45205811131422,20.696628696092517]]]},"id":"microsoft-023310003-165340"},{"type":"Feature","properties":{"height":-1,"confidence":-1,"footprintSource":"Microsoft Global ML Building Footprints","footprintMethod":"AI detected from imagery; not surveyed","heightMethod":"No supplied height"},"geometry":{"type":"Polygon","coordinates":[[[-100.45219965346367,20.700803384245262],[-100.45220460506614,20.700802046991598],[-100.45221857026517,20.700847285137172],[-100.45226560961103,20.70083457838807],[-100.45226918427696,20.700846157975278],[-100.4523310781531,20.700829438568192],[-100.45227636310129,20.700652197353065],[-100.45216247624461,20.70068295421433],[-100.45219965346367,20.700803384245262]]]},"id":"microsoft-023310003-165342"},{"type":"Feature","properties":{"height":-1,"confidence":-1,"footprintSource":"Microsoft Global ML Building Footprints","footprintMethod":"AI detected from imagery; not surveyed","heightMethod":"No supplied height"},"geometry":{"type":"Polygon","coordinates":[[[-100.44804774777138,20.698630201171014],[-100.44811034243374,20.698812075909473],[-100.44825373047613,20.69876889213512],[-100.44824590614336,20.698746157798283],[-100.44830423348263,20.698728591511014],[-100.44828858481702,20.69868312282182],[-100.44834934246212,20.698664824598296],[-100.44830239646537,20.69852841843243],[-100.44818817209259,20.698562819121804],[-100.44820225589162,20.69860374097516],[-100.44816094069296,20.698616183772415],[-100.44815468122673,20.698597996284875],[-100.44804774777138,20.698630201171014]]]},"id":"microsoft-023310003-166654"},{"type":"Feature","properties":{"height":-1,"confidence":-1,"footprintSource":"Microsoft Global ML Building Footprints","footprintMethod":"AI detected from imagery; not surveyed","heightMethod":"No supplied height"},"geometry":{"type":"Polygon","coordinates":[[[-100.44808818695576,20.704740744831213],[-100.44829460559937,20.70473625820597],[-100.44829090774144,20.704587394771394],[-100.44808448943336,20.70459189490768],[-100.44808818695576,20.704740744831213]]]},"id":"microsoft-023310003-166655"},{"type":"Feature","properties":{"height":-1,"confidence":-1,"footprintSource":"Microsoft Global ML Building Footprints","footprintMethod":"AI detected from imagery; not surveyed","heightMethod":"No supplied height"},"geometry":{"type":"Polygon","coordinates":[[[-100.44903937607874,20.700169400732165],[-100.44909080940019,20.700273605286853],[-100.44918366916876,20.700233504408587],[-100.44913223337386,20.70012929481507],[-100.44903937607874,20.700169400732165]]]},"id":"microsoft-023310003-166665"},{"type":"Feature","properties":{"height":-1,"confidence":-1,"footprintSource":"Microsoft Global ML Building Footprints","footprintMethod":"AI detected from imagery; not surveyed","heightMethod":"No supplied height"},"geometry":{"type":"Polygon","coordinates":[[[-100.45043452412118,20.695247794477595],[-100.45043658060243,20.695345613012492],[-100.4504633923591,20.695345121490448],[-100.45046384473198,20.695366639039605],[-100.4505710916111,20.695364665932686],[-100.45056858290451,20.69524533686578],[-100.45043452412118,20.695247794477595]]]},"id":"microsoft-023310003-166670"},{"type":"Feature","properties":{"height":-1,"confidence":-1,"footprintSource":"Microsoft Global ML Building Footprints","footprintMethod":"AI detected from imagery; not surveyed","heightMethod":"No supplied height"},"geometry":{"type":"Polygon","coordinates":[[[-100.45143755898948,20.698753440169355],[-100.4513743710386,20.698772470310672],[-100.45136498183923,20.69874518910669],[-100.45124832716067,20.6987803216753],[-100.45126754217576,20.698836152695137],[-100.45123108833295,20.698847133779623],[-100.45124238747151,20.69887996446937],[-100.45133230878625,20.698852883132915],[-100.45134795745183,20.69889835177119],[-100.4514743333536,20.69886029151779],[-100.45143755898948,20.698753440169355]]]},"id":"microsoft-023310003-166681"},{"type":"Feature","properties":{"height":-1,"confidence":-1,"footprintSource":"Microsoft Global ML Building Footprints","footprintMethod":"AI detected from imagery; not surveyed","heightMethod":"No supplied height"},"geometry":{"type":"Polygon","coordinates":[[[-100.45146188008718,20.699705277765545],[-100.45137312373132,20.699729898732315],[-100.45138733692585,20.699774744938296],[-100.45134788890418,20.699785685211722],[-100.45140855804544,20.699977111458963],[-100.45146773007791,20.699960701069273],[-100.45145164910072,20.6999099616001],[-100.45152068313861,20.699890816136815],[-100.45146188008718,20.699705277765545]]]},"id":"microsoft-023310003-166682"},{"type":"Feature","properties":{"height":-1,"confidence":-1,"footprintSource":"Microsoft Global ML Building Footprints","footprintMethod":"AI detected from imagery; not surveyed","heightMethod":"No supplied height"},"geometry":{"type":"Polygon","coordinates":[[[-100.45172683938895,20.699058618022264],[-100.45171080669516,20.6989694426767],[-100.4516704210314,20.69897579378528],[-100.4516864476988,20.6990649727193],[-100.45172683938895,20.699058618022264]]]},"id":"microsoft-023310003-166685"},{"type":"Feature","properties":{"height":-1,"confidence":-1,"footprintSource":"Microsoft Global ML Building Footprints","footprintMethod":"AI detected from imagery; not surveyed","heightMethod":"No supplied height"},"geometry":{"type":"Polygon","coordinates":[[[-100.4528386779732,20.69936115314698],[-100.45272095722449,20.699366679267584],[-100.45272914711107,20.699519347816405],[-100.45284686785979,20.69951382170136],[-100.4528386779732,20.69936115314698]]]},"id":"microsoft-023310003-166695"},{"type":"Feature","properties":{"height":-1,"confidence":-1,"footprintSource":"Microsoft Global ML Building Footprints","footprintMethod":"AI detected from imagery; not surveyed","heightMethod":"No supplied height"},"geometry":{"type":"Polygon","coordinates":[[[-100.45725430523422,20.70176091691529],[-100.45718201452335,20.701640966618143],[-100.45700990296925,20.70173172007732],[-100.45709412631862,20.701871487183155],[-100.45720810821274,20.701811377767456],[-100.45719617217614,20.701791570133267],[-100.45725430523422,20.70176091691529]]]},"id":"microsoft-023310003-166716"},{"type":"Feature","properties":{"height":-1,"confidence":-1,"footprintSource":"Microsoft Global ML Building Footprints","footprintMethod":"AI detected from imagery; not surveyed","heightMethod":"No supplied height"},"geometry":{"type":"Polygon","coordinates":[[[-100.44410304663026,20.718771179944582],[-100.4440732973262,20.71877626282493],[-100.44408347180163,20.718828359126064],[-100.44411322450978,20.718823273718158],[-100.44410304663026,20.718771179944582]]]},"id":"microsoft-023310003-167982"},{"type":"Feature","properties":{"height":-1,"confidence":-1,"footprintSource":"Microsoft Global ML Building Footprints","footprintMethod":"AI detected from imagery; not surveyed","heightMethod":"No supplied height"},"geometry":{"type":"Polygon","coordinates":[[[-100.4480013153049,20.699702487855575],[-100.44799977277599,20.699777732005558],[-100.44805206996868,20.699778670163468],[-100.44805360686996,20.699703425912986],[-100.4480013153049,20.699702487855575]]]},"id":"microsoft-023310003-168004"},{"type":"Feature","properties":{"height":-1,"confidence":-1,"footprintSource":"Microsoft Global ML Building Footprints","footprintMethod":"AI detected from imagery; not surveyed","heightMethod":"No supplied height"},"geometry":{"type":"Polygon","coordinates":[[[-100.44888249444801,20.699270742381685],[-100.44885712378685,20.699160431230226],[-100.44874176410616,20.699183648259364],[-100.4487671347673,20.69929395939394],[-100.44888249444801,20.699270742381685]]]},"id":"microsoft-023310003-168013"},{"type":"Feature","properties":{"height":-1,"confidence":-1,"footprintSource":"Microsoft Global ML Building Footprints","footprintMethod":"AI detected from imagery; not surveyed","heightMethod":"No supplied height"},"geometry":{"type":"Polygon","coordinates":[[[-100.44920826233701,20.699426125383198],[-100.44921959243027,20.699457693931734],[-100.44916293728681,20.699475487250396],[-100.44918155449858,20.699527348750294],[-100.44927436365792,20.699498200779942],[-100.44924441984001,20.69941476962397],[-100.44920826233701,20.699426125383198]]]},"id":"microsoft-023310003-168014"},{"type":"Feature","properties":{"height":-1,"confidence":-1,"footprintSource":"Microsoft Global ML Building Footprints","footprintMethod":"AI detected from imagery; not surveyed","heightMethod":"No supplied height"},"geometry":{"type":"Polygon","coordinates":[[[-100.44943437649128,20.698549672606987],[-100.44948536488583,20.69877282183505],[-100.44963157104002,20.698743588079623],[-100.44962115405617,20.698697998470266],[-100.44966732442067,20.698688766754074],[-100.44965800396146,20.69864797603688],[-100.44959131343496,20.69866131074147],[-100.4495600624835,20.698524541798108],[-100.44943437649128,20.698549672606987]]]},"id":"microsoft-023310003-168017"},{"type":"Feature","properties":{"height":-1,"confidence":-1,"footprintSource":"Microsoft Global ML Building Footprints","footprintMethod":"AI detected from imagery; not surveyed","heightMethod":"No supplied height"},"geometry":{"type":"Polygon","coordinates":[[[-100.44984908906952,20.698984750023143],[-100.44994236704079,20.698960254819013],[-100.44995004459587,20.698985838466854],[-100.44999479753258,20.698974086150088],[-100.44995850363593,20.698853145221918],[-100.44991375069921,20.698864897548063],[-100.44990020588867,20.69881976261125],[-100.44980691987337,20.698844266058018],[-100.44984908906952,20.698984750023143]]]},"id":"microsoft-023310003-168023"},{"type":"Feature","properties":{"height":-1,"confidence":-1,"footprintSource":"Microsoft Global ML Building Footprints","footprintMethod":"AI detected from imagery; not surveyed","heightMethod":"No supplied height"},"geometry":{"type":"Polygon","coordinates":[[[-100.45200867446502,20.701736184152196],[-100.45201133124212,20.70177249199854],[-100.45206739495767,20.70176890226655],[-100.45206473844789,20.701732598072724],[-100.45200867446502,20.701736184152196]]]},"id":"microsoft-023310003-168036"},{"type":"Feature","properties":{"height":-1,"confidence":-1,"footprintSource":"Microsoft Global ML Building Footprints","footprintMethod":"AI detected from imagery; not surveyed","heightMethod":"No supplied height"},"geometry":{"type":"Polygon","coordinates":[[[-100.4527266512993,20.699950110239755],[-100.45270076838197,20.699806147848136],[-100.45258078068551,20.699825025039644],[-100.45260666360284,20.699968987413314],[-100.4527266512993,20.699950110239755]]]},"id":"microsoft-023310003-168039"},{"type":"Feature","properties":{"height":-1,"confidence":-1,"footprintSource":"Microsoft Global ML Building Footprints","footprintMethod":"AI detected from imagery; not surveyed","heightMethod":"No supplied height"},"geometry":{"type":"Polygon","coordinates":[[[-100.45764837066649,20.70286160715527],[-100.4576285700985,20.70282276917581],[-100.45750530546563,20.70287775855519],[-100.45752510840099,20.70291659546443],[-100.45764837066649,20.70286160715527]]]},"id":"microsoft-023310003-168062"},{"type":"Feature","properties":{"height":-1,"confidence":-1,"footprintSource":"Microsoft Global ML Building Footprints","footprintMethod":"AI detected from imagery; not surveyed","heightMethod":"No supplied height"},"geometry":{"type":"Polygon","coordinates":[[[-100.45035976282045,20.70163578734065],[-100.45039642459115,20.701783378283068],[-100.45051348578173,20.70175793387716],[-100.45047682401103,20.701610342909987],[-100.45035976282045,20.70163578734065]]]},"id":"microsoft-023310003-169424"},{"type":"Feature","properties":{"height":-1,"confidence":-1,"footprintSource":"Microsoft Global ML Building Footprints","footprintMethod":"AI detected from imagery; not surveyed","heightMethod":"No supplied height"},"geometry":{"type":"Polygon","coordinates":[[[-100.45185727217884,20.702420566286207],[-100.4519614052649,20.70250866260936],[-100.452049473134,20.702417572767956],[-100.45190550888124,20.702295779293436],[-100.45186886886361,20.702333673685928],[-100.45190870239216,20.70236737538191],[-100.45185727217884,20.702420566286207]]]},"id":"microsoft-023310003-169435"},{"type":"Feature","properties":{"height":-1,"confidence":-1,"footprintSource":"Microsoft Global ML Building Footprints","footprintMethod":"AI detected from imagery; not surveyed","heightMethod":"No supplied height"},"geometry":{"type":"Polygon","coordinates":[[[-100.4528439515845,20.699055852578653],[-100.45282395468581,20.69896822215992],[-100.45266871020172,20.698999222416973],[-100.4526829524444,20.69906161431541],[-100.45275097179956,20.699048031761947],[-100.45275673216649,20.699073274836522],[-100.4528439515845,20.699055852578653]]]},"id":"microsoft-023310003-169441"},{"type":"Feature","properties":{"height":-1,"confidence":-1,"footprintSource":"Microsoft Global ML Building Footprints","footprintMethod":"AI detected from imagery; not surveyed","heightMethod":"No supplied height"},"geometry":{"type":"Polygon","coordinates":[[[-100.45416232569657,20.701777826823502],[-100.45414802942118,20.7017385106856],[-100.45412023813563,20.701747351594378],[-100.45413453236729,20.701786670199752],[-100.45416232569657,20.701777826823502]]]},"id":"microsoft-023310003-169447"},{"type":"Feature","properties":{"height":-1,"confidence":-1,"footprintSource":"Microsoft Global ML Building Footprints","footprintMethod":"AI detected from imagery; not surveyed","heightMethod":"No supplied height"},"geometry":{"type":"Polygon","coordinates":[[[-100.45697403096236,20.69735984327471],[-100.4569691861218,20.69739519012974],[-100.45687187510711,20.697418871583253],[-100.45689259419291,20.697421356717285],[-100.45677518603995,20.697449928972972],[-100.45678899876384,20.697451585728643],[-100.45655274181983,20.697509080814385],[-100.45654677184851,20.697552612561708],[-100.45657070584765,20.69763867603038],[-100.45689543388985,20.69767762521201],[-100.45717031533867,20.69761071260818],[-100.45718980258668,20.69746853822943],[-100.45716341455876,20.69746537141205],[-100.45717457997462,20.697383911101966],[-100.45697403096236,20.69735984327471]]]},"id":"microsoft-023310003-169466"},{"type":"Feature","properties":{"height":-1,"confidence":-1,"footprintSource":"Microsoft Global ML Building Footprints","footprintMethod":"AI detected from imagery; not surveyed","heightMethod":"No supplied height"},"geometry":{"type":"Polygon","coordinates":[[[-100.44810942742083,20.69901500711029],[-100.44813253236363,20.69917518025774],[-100.4482115596752,20.699165204796586],[-100.4481884547324,20.69900503163862],[-100.44810942742083,20.69901500711029]]]},"id":"microsoft-023310003-170776"},{"type":"Feature","properties":{"height":-1,"confidence":-1,"footprintSource":"Microsoft Global ML Building Footprints","footprintMethod":"AI detected from imagery; not surveyed","heightMethod":"No supplied height"},"geometry":{"type":"Polygon","coordinates":[[[-100.44882993023568,20.701196540050702],[-100.44883776646526,20.70123169790979],[-100.44880435037393,20.70123821522884],[-100.4488182846595,20.701300732471736],[-100.44883370747088,20.70129772447963],[-100.44885353703111,20.70138669128262],[-100.44895635577367,20.70136663801199],[-100.44892152005976,20.70121034492432],[-100.44891380865405,20.70121184892126],[-100.44890704537099,20.701181504917514],[-100.44882993023568,20.701196540050702]]]},"id":"microsoft-023310003-170781"},{"type":"Feature","properties":{"height":-1,"confidence":-1,"footprintSource":"Microsoft Global ML Building Footprints","footprintMethod":"AI detected from imagery; not surveyed","heightMethod":"No supplied height"},"geometry":{"type":"Polygon","coordinates":[[[-100.45286655490771,20.6997912136452],[-100.45289615606184,20.699888733567022],[-100.45301033437417,20.69985841363004],[-100.45298073322004,20.699760893688705],[-100.45286655490771,20.6997912136452]]]},"id":"microsoft-023310003-170804"},{"type":"Feature","properties":{"height":-1,"confidence":-1,"footprintSource":"Microsoft Global ML Building Footprints","footprintMethod":"AI detected from imagery; not surveyed","heightMethod":"No supplied height"},"geometry":{"type":"Polygon","coordinates":[[[-100.44842555863274,20.6961058350836],[-100.4483917087377,20.696003658762336],[-100.44828647827141,20.696034159390564],[-100.4483203302489,20.69613634197725],[-100.44842555863274,20.6961058350836]]]},"id":"microsoft-023310003-172210"},{"type":"Feature","properties":{"height":-1,"confidence":-1,"footprintSource":"Microsoft Global ML Building Footprints","footprintMethod":"AI detected from imagery; not surveyed","heightMethod":"No supplied height"},"geometry":{"type":"Polygon","coordinates":[[[-100.45205324589713,20.69854834979546],[-100.45207130331661,20.698618387793076],[-100.45202567753633,20.698628681596887],[-100.45204768571647,20.6987140430725],[-100.45223272360323,20.69867229599842],[-100.45224005966328,20.698700749820787],[-100.45230476081684,20.69868615235704],[-100.45225403365028,20.69848934348468],[-100.45220587233615,20.698500209349035],[-100.45220921332997,20.698513171586484],[-100.45205324589713,20.69854834979546]]]},"id":"microsoft-023310003-172234"},{"type":"Feature","properties":{"height":-1,"confidence":-1,"footprintSource":"Microsoft Global ML Building Footprints","footprintMethod":"AI detected from imagery; not surveyed","heightMethod":"No supplied height"},"geometry":{"type":"Polygon","coordinates":[[[-100.45212677791642,20.699557741500996],[-100.45220398938466,20.699537713207633],[-100.4521933075738,20.699501678497086],[-100.45223813923127,20.699490046435898],[-100.45222395815635,20.69944220706509],[-100.45209816947089,20.69947483608037],[-100.4521192642126,20.699545980491934],[-100.45208439577422,20.699555027484294],[-100.45210097515607,20.699610943305302],[-100.45213957945124,20.699600927008262],[-100.45212677791642,20.699557741500996]]]},"id":"microsoft-023310003-172237"},{"type":"Feature","properties":{"height":-1,"confidence":-1,"footprintSource":"Microsoft Global ML Building Footprints","footprintMethod":"AI detected from imagery; not surveyed","heightMethod":"No supplied height"},"geometry":{"type":"Polygon","coordinates":[[[-100.45578325408651,20.70820312039139],[-100.45571657988094,20.708227145154083],[-100.45575976660194,20.70833201178992],[-100.45582643397482,20.70830798950587],[-100.45578325408651,20.70820312039139]]]},"id":"microsoft-023310003-172248"},{"type":"Feature","properties":{"height":-1,"confidence":-1,"footprintSource":"Microsoft Global ML Building Footprints","footprintMethod":"AI detected from imagery; not surveyed","heightMethod":"No supplied height"},"geometry":{"type":"Polygon","coordinates":[[[-100.45695674104914,20.70206637132199],[-100.45698123132655,20.702116018422345],[-100.45708390980475,20.70207170482665],[-100.45705942259,20.702022056390035],[-100.45695674104914,20.70206637132199]]]},"id":"microsoft-023310003-172253"},{"type":"Feature","properties":{"height":-1,"confidence":-1,"footprintSource":"Microsoft Global ML Building Footprints","footprintMethod":"AI detected from imagery; not surveyed","heightMethod":"No supplied height"},"geometry":{"type":"Polygon","coordinates":[[[-100.44082259985936,20.698886620851823],[-100.4407812589989,20.698896984541946],[-100.44080235419108,20.69897062058166],[-100.44084369063444,20.698960260710237],[-100.44082259985936,20.698886620851823]]]},"id":"microsoft-023310003-173579"},{"type":"Feature","properties":{"height":-1,"confidence":-1,"footprintSource":"Microsoft Global ML Building Footprints","footprintMethod":"AI detected from imagery; not surveyed","heightMethod":"No supplied height"},"geometry":{"type":"Polygon","coordinates":[[[-100.44857564220852,20.70188827240429],[-100.4485459932243,20.701756093477698],[-100.4484380895501,20.70177726559453],[-100.44846773853433,20.70190944450266],[-100.44857564220852,20.70188827240429]]]},"id":"microsoft-023310003-173625"},{"type":"Feature","properties":{"height":-1,"confidence":-1,"footprintSource":"Microsoft Global ML Building Footprints","footprintMethod":"AI detected from imagery; not surveyed","heightMethod":"No supplied height"},"geometry":{"type":"Polygon","coordinates":[[[-100.44955518168896,20.70346355923357],[-100.44942398687218,20.703481854245638],[-100.44947483771871,20.703800932643475],[-100.44955880240146,20.703789223860653],[-100.44954198250606,20.70368368261063],[-100.4495892126401,20.70367709641532],[-100.44955518168896,20.70346355923357]]]},"id":"microsoft-023310003-173631"},{"type":"Feature","properties":{"height":-1,"confidence":-1,"footprintSource":"Microsoft Global ML Building Footprints","footprintMethod":"AI detected from imagery; not surveyed","heightMethod":"No supplied height"},"geometry":{"type":"Polygon","coordinates":[[[-100.44972302033095,20.70075690376997],[-100.44974856997477,20.700798305951054],[-100.44977874698554,20.700782010402904],[-100.44975319734172,20.700740608217373],[-100.44972302033095,20.70075690376997]]]},"id":"microsoft-023310003-173634"},{"type":"Feature","properties":{"height":-1,"confidence":-1,"footprintSource":"Microsoft Global ML Building Footprints","footprintMethod":"AI detected from imagery; not surveyed","heightMethod":"No supplied height"},"geometry":{"type":"Polygon","coordinates":[[[-100.45254961942031,20.700492783261055],[-100.4526155869376,20.700657894442216],[-100.45266390032832,20.70064100036005],[-100.45264894523424,20.70060357602968],[-100.4527065381079,20.70058343711817],[-100.45265552322786,20.7004557510911],[-100.45254961942031,20.700492783261055]]]},"id":"microsoft-023310003-173658"},{"type":"Feature","properties":{"height":-1,"confidence":-1,"footprintSource":"Microsoft Global ML Building Footprints","footprintMethod":"AI detected from imagery; not surveyed","heightMethod":"No supplied height"},"geometry":{"type":"Polygon","coordinates":[[[-100.45308793519942,20.70039570578517],[-100.4531118876757,20.700485455958727],[-100.45315481008345,20.700475432163756],[-100.45313085760716,20.700385681984244],[-100.45308793519942,20.70039570578517]]]},"id":"microsoft-023310003-173664"},{"type":"Feature","properties":{"height":-1,"confidence":-1,"footprintSource":"Microsoft Global ML Building Footprints","footprintMethod":"AI detected from imagery; not surveyed","heightMethod":"No supplied height"},"geometry":{"type":"Polygon","coordinates":[[[-100.45518795651326,20.715574376179262],[-100.45518386714006,20.715527017931365],[-100.45509227406077,20.7155339373616],[-100.45509635991324,20.71558129587332],[-100.45518795651326,20.715574376179262]]]},"id":"microsoft-023310003-173670"},{"type":"Feature","properties":{"height":-1,"confidence":-1,"footprintSource":"Microsoft Global ML Building Footprints","footprintMethod":"AI detected from imagery; not surveyed","heightMethod":"No supplied height"},"geometry":{"type":"Polygon","coordinates":[[[-100.44839279763076,20.69957896934332],[-100.44846038172852,20.69976865972626],[-100.44853038934359,20.69974683334516],[-100.44852314819025,20.699726509383964],[-100.44858349958255,20.699707693533128],[-100.44852315663812,20.699538327063053],[-100.44839279763076,20.69957896934332]]]},"id":"microsoft-023310003-174980"},{"type":"Feature","properties":{"height":-1,"confidence":-1,"footprintSource":"Microsoft Global ML Building Footprints","footprintMethod":"AI detected from imagery; not surveyed","heightMethod":"No supplied height"},"geometry":{"type":"Polygon","coordinates":[[[-100.45020003869024,20.694941189541154],[-100.45010479747548,20.69493070731542],[-100.45003476471982,20.695487555068595],[-100.45013000593461,20.695498037255874],[-100.45020003869024,20.694941189541154]]]},"id":"microsoft-023310003-174996"},{"type":"Feature","properties":{"height":-1,"confidence":-1,"footprintSource":"Microsoft Global ML Building Footprints","footprintMethod":"AI detected from imagery; not surveyed","heightMethod":"No supplied height"},"geometry":{"type":"Polygon","coordinates":[[[-100.45075652209628,20.701491066956365],[-100.45063813549996,20.701519264240744],[-100.45067378744048,20.70165020830852],[-100.45079217205509,20.70162200376987],[-100.45075652209628,20.701491066956365]]]},"id":"microsoft-023310003-174998"},{"type":"Feature","properties":{"height":-1,"confidence":-1,"footprintSource":"Microsoft Global ML Building Footprints","footprintMethod":"AI detected from imagery; not surveyed","heightMethod":"No supplied height"},"geometry":{"type":"Polygon","coordinates":[[[-100.45130010824126,20.697861838851196],[-100.4512147464303,20.697873877057788],[-100.45122757269952,20.697953465476672],[-100.45118966462765,20.6979588090029],[-100.45119976579629,20.69802151695214],[-100.45132302946585,20.698004133627165],[-100.45130010824126,20.697861838851196]]]},"id":"microsoft-023310003-175004"},{"type":"Feature","properties":{"height":-1,"confidence":-1,"footprintSource":"Microsoft Global ML Building Footprints","footprintMethod":"AI detected from imagery; not surveyed","heightMethod":"No supplied height"},"geometry":{"type":"Polygon","coordinates":[[[-100.45134841380968,20.69913969599432],[-100.45137265733088,20.699226614326378],[-100.45144046101254,20.699210065096636],[-100.45141621749133,20.699123146755085],[-100.45134841380968,20.69913969599432]]]},"id":"microsoft-023310003-175005"},{"type":"Feature","properties":{"height":-1,"confidence":-1,"footprintSource":"Microsoft Global ML Building Footprints","footprintMethod":"AI detected from imagery; not surveyed","heightMethod":"No supplied height"},"geometry":{"type":"Polygon","coordinates":[[[-100.4516823546619,20.699691250289547],[-100.451684997696,20.699733760359024],[-100.45164222720418,20.699736090137847],[-100.45164696163643,20.699812237835886],[-100.45176593287425,20.699805765069726],[-100.45175854607683,20.69968710001696],[-100.4516823546619,20.699691250289547]]]},"id":"microsoft-023310003-175012"},{"type":"Feature","properties":{"height":-1,"confidence":-1,"footprintSource":"Microsoft Global ML Building Footprints","footprintMethod":"AI detected from imagery; not surveyed","heightMethod":"No supplied height"},"geometry":{"type":"Polygon","coordinates":[[[-100.45390355506247,20.715219837096598],[-100.45385175781162,20.715242026862768],[-100.45388576517155,20.71531147731909],[-100.45393756534517,20.715289282919954],[-100.45390355506247,20.715219837096598]]]},"id":"microsoft-023310003-175021"},{"type":"Feature","properties":{"height":-1,"confidence":-1,"footprintSource":"Microsoft Global ML Building Footprints","footprintMethod":"AI detected from imagery; not surveyed","heightMethod":"No supplied height"},"geometry":{"type":"Polygon","coordinates":[[[-100.45492340343043,20.697124011024698],[-100.4548075998058,20.697096299260366],[-100.45478471636471,20.697179981134298],[-100.45490051804336,20.697207699999424],[-100.45492340343043,20.697124011024698]]]},"id":"microsoft-023310003-175028"},{"type":"Feature","properties":{"height":-1,"confidence":-1,"footprintSource":"Microsoft Global ML Building Footprints","footprintMethod":"AI detected from imagery; not surveyed","heightMethod":"No supplied height"},"geometry":{"type":"Polygon","coordinates":[[[-100.44099977370044,20.696472294030144],[-100.44093864123413,20.696570988597145],[-100.44103787461813,20.696624770892527],[-100.4410571155332,20.69659370389654],[-100.44101092965076,20.696568669144995],[-100.4410528126613,20.696501043465403],[-100.44099977370044,20.696472294030144]]]},"id":"microsoft-023310003-176349"},{"type":"Feature","properties":{"height":-1,"confidence":-1,"footprintSource":"Microsoft Global ML Building Footprints","footprintMethod":"AI detected from imagery; not surveyed","heightMethod":"No supplied height"},"geometry":{"type":"Polygon","coordinates":[[[-100.44922124747654,20.701530116322672],[-100.44911457527114,20.70155651517338],[-100.44915038711714,20.701683140190838],[-100.44919550877988,20.701671973655195],[-100.44917760285689,20.70160866115502],[-100.44923915782661,20.701593427760045],[-100.44922124747654,20.701530116322672]]]},"id":"microsoft-023310003-176383"},{"type":"Feature","properties":{"height":-1,"confidence":-1,"footprintSource":"Microsoft Global ML Building Footprints","footprintMethod":"AI detected from imagery; not surveyed","heightMethod":"No supplied height"},"geometry":{"type":"Polygon","coordinates":[[[-100.44966639618002,20.69479750729836],[-100.4496652929141,20.694836622263466],[-100.4497376623069,20.694838403837707],[-100.44973876543928,20.694799293608],[-100.44966639618002,20.69479750729836]]]},"id":"microsoft-023310003-176386"},{"type":"Feature","properties":{"height":-1,"confidence":-1,"footprintSource":"Microsoft Global ML Building Footprints","footprintMethod":"AI detected from imagery; not surveyed","heightMethod":"No supplied height"},"geometry":{"type":"Polygon","coordinates":[[[-100.44982946813344,20.70079045225674],[-100.44976697631014,20.700800594728562],[-100.44977736701183,20.700856616292057],[-100.4498398588351,20.700846473823958],[-100.44982946813344,20.70079045225674]]]},"id":"microsoft-023310003-176388"},{"type":"Feature","properties":{"height":-1,"confidence":-1,"footprintSource":"Microsoft Global ML Building Footprints","footprintMethod":"AI detected from imagery; not surveyed","heightMethod":"No supplied height"},"geometry":{"type":"Polygon","coordinates":[[[-100.45232070864293,20.697515372569896],[-100.45223972053675,20.69741997513644],[-100.45219767887562,20.69745120820346],[-100.45227867135856,20.69754660236576],[-100.45232070864293,20.697515372569896]]]},"id":"microsoft-023310003-176401"},{"type":"Feature","properties":{"height":-1,"confidence":-1,"footprintSource":"Microsoft Global ML Building Footprints","footprintMethod":"AI detected from imagery; not surveyed","heightMethod":"No supplied height"},"geometry":{"type":"Polygon","coordinates":[[[-100.43660984147714,20.710858559296014],[-100.4364677849289,20.710902715035388],[-100.43645626237446,20.710903133690962],[-100.43644185611596,20.710862582971586],[-100.436426374013,20.71086314447831],[-100.4364280743671,20.710904089816395],[-100.43641483419096,20.710908204421045],[-100.43641672823303,20.710953813843446],[-100.4364495052235,20.710952625084445],[-100.43658324097858,20.71091106448408],[-100.43655004360326,20.710912270663286],[-100.43670636946018,20.710863679566657],[-100.4366747888515,20.710774767743274],[-100.43665637724273,20.710775436703386],[-100.43659472822321,20.710794595175557],[-100.43660883611875,20.710834306081196],[-100.43660984147714,20.710858559296014]]]},"id":"microsoft-023310003-177681"},{"type":"Feature","properties":{"height":-1,"confidence":-1,"footprintSource":"Microsoft Global ML Building Footprints","footprintMethod":"AI detected from imagery; not surveyed","heightMethod":"No supplied height"},"geometry":{"type":"Polygon","coordinates":[[[-100.44973065151493,20.696201628025307],[-100.44993427999768,20.696207880739877],[-100.44993837773649,20.69609109986932],[-100.44973474972103,20.696084833832288],[-100.44973065151493,20.696201628025307]]]},"id":"microsoft-023310003-177744"},{"type":"Feature","properties":{"height":-1,"confidence":-1,"footprintSource":"Microsoft Global ML Building Footprints","footprintMethod":"AI detected from imagery; not surveyed","heightMethod":"No supplied height"},"geometry":{"type":"Polygon","coordinates":[[[-100.45005821185038,20.703312725644494],[-100.44998294825142,20.70338041888023],[-100.45004458922793,20.703440392062333],[-100.45011985282686,20.703372698853357],[-100.45005821185038,20.703312725644494]]]},"id":"microsoft-023310003-177747"},{"type":"Feature","properties":{"height":-1,"confidence":-1,"footprintSource":"Microsoft Global ML Building Footprints","footprintMethod":"AI detected from imagery; not surveyed","heightMethod":"No supplied height"},"geometry":{"type":"Polygon","coordinates":[[[-100.45201535536987,20.70179648648515],[-100.45189168674109,20.701825464085815],[-100.4519324378547,20.701977645489507],[-100.45205610852359,20.70194867553657],[-100.45201535536987,20.70179648648515]]]},"id":"microsoft-023310003-177758"},{"type":"Feature","properties":{"height":-1,"confidence":-1,"footprintSource":"Microsoft Global ML Building Footprints","footprintMethod":"AI detected from imagery; not surveyed","heightMethod":"No supplied height"},"geometry":{"type":"Polygon","coordinates":[[[-100.45262189423667,20.716079455008483],[-100.45267128496103,20.71607464709477],[-100.45265913412508,20.715965443097957],[-100.45260973531698,20.715970251802034],[-100.45262189423667,20.716079455008483]]]},"id":"microsoft-023310003-177763"},{"type":"Feature","properties":{"height":-1,"confidence":-1,"footprintSource":"Microsoft Global ML Building Footprints","footprintMethod":"AI detected from imagery; not surveyed","heightMethod":"No supplied height"},"geometry":{"type":"Polygon","coordinates":[[[-100.45346474455818,20.697768948237353],[-100.45351867069299,20.697793839167787],[-100.4535442146516,20.69774541136981],[-100.45349028851676,20.697720520431446],[-100.45346474455818,20.697768948237353]]]},"id":"microsoft-023310003-177770"},{"type":"Feature","properties":{"height":-1,"confidence":-1,"footprintSource":"Microsoft Global ML Building Footprints","footprintMethod":"AI detected from imagery; not surveyed","heightMethod":"No supplied height"},"geometry":{"type":"Polygon","coordinates":[[[-100.45366401793395,20.719216864204284],[-100.45363604818637,20.71915370337004],[-100.45362231154215,20.719159025029512],[-100.45361093227834,20.71913332855236],[-100.45356164538907,20.719152422594618],[-100.45360100163519,20.71924128121502],[-100.45366401793395,20.719216864204284]]]},"id":"microsoft-023310003-177771"},{"type":"Feature","properties":{"height":-1,"confidence":-1,"footprintSource":"Microsoft Global ML Building Footprints","footprintMethod":"AI detected from imagery; not surveyed","heightMethod":"No supplied height"},"geometry":{"type":"Polygon","coordinates":[[[-100.45538846749132,20.715307191912174],[-100.45539318493955,20.715348237006467],[-100.4554462162449,20.715342904567038],[-100.45544149840222,20.715301856039375],[-100.45538846749132,20.715307191912174]]]},"id":"microsoft-023310003-177780"},{"type":"Feature","properties":{"height":-1,"confidence":-1,"footprintSource":"Microsoft Global ML Building Footprints","footprintMethod":"AI detected from imagery; not surveyed","heightMethod":"No supplied height"},"geometry":{"type":"Polygon","coordinates":[[[-100.45563695605513,20.69796045745629],[-100.45560269645145,20.69798617824715],[-100.45568052540654,20.69807689474476],[-100.45576535581266,20.698013201819435],[-100.45571764381128,20.69795758926533],[-100.45566707011064,20.69799555805102],[-100.45563695605513,20.69796045745629]]]},"id":"microsoft-023310003-177783"},{"type":"Feature","properties":{"height":-1,"confidence":-1,"footprintSource":"Microsoft Global ML Building Footprints","footprintMethod":"AI detected from imagery; not surveyed","heightMethod":"No supplied height"},"geometry":{"type":"Polygon","coordinates":[[[-100.45678637244154,20.700602368137965],[-100.45665821849015,20.700641995442396],[-100.45664942633546,20.70061711461483],[-100.45653947825694,20.70065111236198],[-100.45660103508689,20.700825274397914],[-100.4567593314,20.700776326638348],[-100.45675293710568,20.700758231507436],[-100.45670215912494,20.700773932877325],[-100.45667897980802,20.70070833801651],[-100.45680955175847,20.70066796304465],[-100.45678637244154,20.700602368137965]]]},"id":"microsoft-023310003-177791"},{"type":"Feature","properties":{"height":-1,"confidence":-1,"footprintSource":"Microsoft Global ML Building Footprints","footprintMethod":"AI detected from imagery; not surveyed","heightMethod":"No supplied height"},"geometry":{"type":"Polygon","coordinates":[[[-100.44697040239049,20.69595961380911],[-100.44703371122043,20.69597848589254],[-100.4470732831588,20.69586231679736],[-100.44700997432886,20.69584344469949],[-100.44697040239049,20.69595961380911]]]},"id":"microsoft-023310003-179077"},{"type":"Feature","properties":{"height":-1,"confidence":-1,"footprintSource":"Microsoft Global ML Building Footprints","footprintMethod":"AI detected from imagery; not surveyed","heightMethod":"No supplied height"},"geometry":{"type":"Polygon","coordinates":[[[-100.44865150837389,20.698555160173186],[-100.44875058791028,20.698526267699634],[-100.44872772579158,20.698457662057862],[-100.44873994903483,20.698454097649474],[-100.44868708065783,20.698295447798046],[-100.44862710017533,20.698312942594242],[-100.44865682642012,20.698402126460337],[-100.44860549084041,20.69841709974564],[-100.44865150837389,20.698555160173186]]]},"id":"microsoft-023310003-179085"},{"type":"Feature","properties":{"height":-1,"confidence":-1,"footprintSource":"Microsoft Global ML Building Footprints","footprintMethod":"AI detected from imagery; not surveyed","heightMethod":"No supplied height"},"geometry":{"type":"Polygon","coordinates":[[[-100.44918307048837,20.69557109262834],[-100.44900884500372,20.695566849231227],[-100.44900668163015,20.69564457954327],[-100.44906296986368,20.695645950486266],[-100.44906252431763,20.69566195901163],[-100.44918046135403,20.69566483917967],[-100.44918307048837,20.69557109262834]]]},"id":"microsoft-023310003-179088"},{"type":"Feature","properties":{"height":-1,"confidence":-1,"footprintSource":"Microsoft Global ML Building Footprints","footprintMethod":"AI detected from imagery; not surveyed","heightMethod":"No supplied height"},"geometry":{"type":"Polygon","coordinates":[[[-100.44930958581577,20.69800489652846],[-100.44918923468107,20.697263267598316],[-100.44908026175327,20.697278749793384],[-100.44920066599217,20.698020363972006],[-100.44930958581577,20.69800489652846]]]},"id":"microsoft-023310003-179091"},{"type":"Feature","properties":{"height":-1,"confidence":-1,"footprintSource":"Microsoft Global ML Building Footprints","footprintMethod":"AI detected from imagery; not surveyed","heightMethod":"No supplied height"},"geometry":{"type":"Polygon","coordinates":[[[-100.45083494294046,20.699155542649237],[-100.45079797867123,20.69915989880508],[-100.45080795742732,20.69923399492248],[-100.45084492169654,20.69922963876877],[-100.45083494294046,20.699155542649237]]]},"id":"microsoft-023310003-179104"},{"type":"Feature","properties":{"height":-1,"confidence":-1,"footprintSource":"Microsoft Global ML Building Footprints","footprintMethod":"AI detected from imagery; not surveyed","heightMethod":"No supplied height"},"geometry":{"type":"Polygon","coordinates":[[[-100.45167012057375,20.70170761526171],[-100.45163804178097,20.701600615407685],[-100.45147033562996,20.70164461108955],[-100.4514584776811,20.701605068377148],[-100.45137890676486,20.701625942846334],[-100.45142285092831,20.701772483414487],[-100.45167012057375,20.70170761526171]]]},"id":"microsoft-023310003-179111"},{"type":"Feature","properties":{"height":-1,"confidence":-1,"footprintSource":"Microsoft Global ML Building Footprints","footprintMethod":"AI detected from imagery; not surveyed","heightMethod":"No supplied height"},"geometry":{"type":"Polygon","coordinates":[[[-100.45184894071963,20.697316844272493],[-100.45189760038274,20.697297072985094],[-100.45190936011775,20.697322404006627],[-100.4519374229607,20.69731100157469],[-100.45189331797543,20.69721601264439],[-100.45181659706377,20.697247185732095],[-100.45184894071963,20.697316844272493]]]},"id":"microsoft-023310003-179112"},{"type":"Feature","properties":{"height":-1,"confidence":-1,"footprintSource":"Microsoft Global ML Building Footprints","footprintMethod":"AI detected from imagery; not surveyed","heightMethod":"No supplied height"},"geometry":{"type":"Polygon","coordinates":[[[-100.45324028466841,20.699630261999587],[-100.45330024049342,20.699824858520245],[-100.4533621528315,20.699808166440945],[-100.45335216019402,20.699775733701273],[-100.45341902551914,20.6997577062497],[-100.45336584807761,20.69958511002686],[-100.45329402842782,20.699604468525706],[-100.45329724401945,20.69961490526697],[-100.45324028466841,20.699630261999587]]]},"id":"microsoft-023310003-179118"},{"type":"Feature","properties":{"height":-1,"confidence":-1,"footprintSource":"Microsoft Global ML Building Footprints","footprintMethod":"AI detected from imagery; not surveyed","heightMethod":"No supplied height"},"geometry":{"type":"Polygon","coordinates":[[[-100.45328893806253,20.70131081722333],[-100.45329138714703,20.70134706667676],[-100.4533299944468,20.701344784235076],[-100.45332754823359,20.701308537139184],[-100.45328893806253,20.70131081722333]]]},"id":"microsoft-023310003-179119"},{"type":"Feature","properties":{"height":-1,"confidence":-1,"footprintSource":"Microsoft Global ML Building Footprints","footprintMethod":"AI detected from imagery; not surveyed","heightMethod":"No supplied height"},"geometry":{"type":"Polygon","coordinates":[[[-100.44834225553633,20.700987707636827],[-100.44833819400934,20.700913548478965],[-100.44827933988529,20.700916369015488],[-100.44828340162275,20.700990532015055],[-100.44834225553633,20.700987707636827]]]},"id":"microsoft-023310003-180452"},{"type":"Feature","properties":{"height":-1,"confidence":-1,"footprintSource":"Microsoft Global ML Building Footprints","footprintMethod":"AI detected from imagery; not surveyed","heightMethod":"No supplied height"},"geometry":{"type":"Polygon","coordinates":[[[-100.44958603598465,20.69669018490937],[-100.44957592355487,20.69690303812628],[-100.44967229243468,20.696907050941462],[-100.44968228589472,20.696696701887348],[-100.44974920872792,20.696699488568342],[-100.44975456236723,20.69658680145713],[-100.4496677879682,20.69658318815],[-100.44966819313014,20.696574673426426],[-100.4495434903533,20.696569488936532],[-100.44953785154475,20.696688178498917],[-100.44958603598465,20.69669018490937]]]},"id":"microsoft-023310003-180458"},{"type":"Feature","properties":{"height":-1,"confidence":-1,"footprintSource":"Microsoft Global ML Building Footprints","footprintMethod":"AI detected from imagery; not surveyed","heightMethod":"No supplied height"},"geometry":{"type":"Polygon","coordinates":[[[-100.44987472995386,20.694859164920558],[-100.449877676377,20.694786504165222],[-100.44980366159075,20.694783882501056],[-100.44980467572688,20.694758826993365],[-100.44974575160676,20.694756739852565],[-100.44974179647592,20.69485445631048],[-100.44987472995386,20.694859164920558]]]},"id":"microsoft-023310003-180462"},{"type":"Feature","properties":{"height":-1,"confidence":-1,"footprintSource":"Microsoft Global ML Building Footprints","footprintMethod":"AI detected from imagery; not surveyed","heightMethod":"No supplied height"},"geometry":{"type":"Polygon","coordinates":[[[-100.45212697648282,20.6980641463566],[-100.45208854301009,20.69799165213729],[-100.45196153549124,20.698050583149254],[-100.45198978497146,20.698103868038842],[-100.45205221413512,20.698074905241626],[-100.45209278393095,20.69815142900633],[-100.45218319858175,20.69810948289758],[-100.45215280852055,20.698052160391015],[-100.45212697648282,20.6980641463566]]]},"id":"microsoft-023310003-180481"},{"type":"Feature","properties":{"height":-1,"confidence":-1,"footprintSource":"Microsoft Global ML Building Footprints","footprintMethod":"AI detected from imagery; not surveyed","heightMethod":"No supplied height"},"geometry":{"type":"Polygon","coordinates":[[[-100.45368712464261,20.71508360534996],[-100.45372230755652,20.7151310040134],[-100.45376096369061,20.71510590057916],[-100.45372577838368,20.715058503461904],[-100.45368712464261,20.71508360534996]]]},"id":"microsoft-023310003-180489"},{"type":"Feature","properties":{"height":-1,"confidence":-1,"footprintSource":"Microsoft Global ML Building Footprints","footprintMethod":"AI detected from imagery; not surveyed","heightMethod":"No supplied height"},"geometry":{"type":"Polygon","coordinates":[[[-100.45020230279867,20.695442728661604],[-100.45019985614366,20.695543041679514],[-100.45025883403892,20.695544300506356],[-100.45026128069395,20.6954439874893],[-100.45020230279867,20.695442728661604]]]},"id":"microsoft-023310003-181818"},{"type":"Feature","properties":{"height":-1,"confidence":-1,"footprintSource":"Microsoft Global ML Building Footprints","footprintMethod":"AI detected from imagery; not surveyed","heightMethod":"No supplied height"},"geometry":{"type":"Polygon","coordinates":[[[-100.45030803460456,20.703615958018545],[-100.45025387584054,20.703584454270143],[-100.45022500842222,20.70362787823086],[-100.45027916718624,20.70365938197027],[-100.45030803460456,20.703615958018545]]]},"id":"microsoft-023310003-181819"},{"type":"Feature","properties":{"height":-1,"confidence":-1,"footprintSource":"Microsoft Global ML Building Footprints","footprintMethod":"AI detected from imagery; not surveyed","heightMethod":"No supplied height"},"geometry":{"type":"Polygon","coordinates":[[[-100.45206045185391,20.69549669088741],[-100.4521735663103,20.695694375149884],[-100.4521735663103,20.695694375149884],[-100.4521943683939,20.69573072984332],[-100.45224778929122,20.695703980218866],[-100.45225472860474,20.695628141372907],[-100.45223622886016,20.695595814560107],[-100.45224382835156,20.695512760656058],[-100.45227021133552,20.69549954979793],[-100.45227444761473,20.695453214114266],[-100.45219190292906,20.695446609921817],[-100.45219817328795,20.695378025800267],[-100.45215414712911,20.69537450049394],[-100.452118031875,20.695392584645646],[-100.45211081353315,20.695471473076637],[-100.45206045185391,20.69549669088741]]]},"id":"microsoft-023310003-181828"},{"type":"Feature","properties":{"height":-1,"confidence":-1,"footprintSource":"Microsoft Global ML Building Footprints","footprintMethod":"AI detected from imagery; not surveyed","heightMethod":"No supplied height"},"geometry":{"type":"Polygon","coordinates":[[[-100.45283861913974,20.70020733410209],[-100.45285147985507,20.70026901017654],[-100.45290057325386,20.70026004907335],[-100.45288771318417,20.700198376091606],[-100.45283861913974,20.70020733410209]]]},"id":"microsoft-023310003-181830"},{"type":"Feature","properties":{"height":-1,"confidence":-1,"footprintSource":"Microsoft Global ML Building Footprints","footprintMethod":"AI detected from imagery; not surveyed","heightMethod":"No supplied height"},"geometry":{"type":"Polygon","coordinates":[[[-100.454503029668,20.717845333531073],[-100.4546880092179,20.7179421594428],[-100.45470858423191,20.717907771575724],[-100.45478505306446,20.71794779850177],[-100.45481309470102,20.71790092549915],[-100.45486211810223,20.71792658315293],[-100.45494151206589,20.71779387210256],[-100.45475767979418,20.717697646629503],[-100.45469138884084,20.717808455409724],[-100.45456474883144,20.71774216676343],[-100.454503029668,20.717845333531073]]]},"id":"microsoft-023310003-181834"},{"type":"Feature","properties":{"height":-1,"confidence":-1,"footprintSource":"Microsoft Global ML Building Footprints","footprintMethod":"AI detected from imagery; not surveyed","heightMethod":"No supplied height"},"geometry":{"type":"Polygon","coordinates":[[[-100.45527964626314,20.704733837540985],[-100.45534207873337,20.704744133610788],[-100.45534778930514,20.704713834692143],[-100.45528535758203,20.704703534656204],[-100.45527964626314,20.704733837540985]]]},"id":"microsoft-023310003-181840"},{"type":"Feature","properties":{"height":-1,"confidence":-1,"footprintSource":"Microsoft Global ML Building Footprints","footprintMethod":"AI detected from imagery; not surveyed","heightMethod":"No supplied height"},"geometry":{"type":"Polygon","coordinates":[[[-100.43597702426902,20.696381876960828],[-100.43596125334373,20.69629144652123],[-100.43583323249608,20.696310984513417],[-100.43584900342137,20.696401414941377],[-100.43597702426902,20.696381876960828]]]},"id":"microsoft-023310003-183119"},{"type":"Feature","properties":{"height":-1,"confidence":-1,"footprintSource":"Microsoft Global ML Building Footprints","footprintMethod":"AI detected from imagery; not surveyed","heightMethod":"No supplied height"},"geometry":{"type":"Polygon","coordinates":[[[-100.44069852572304,20.695763205264768],[-100.44071851836306,20.6958225482648],[-100.44077855343022,20.695804848589333],[-100.44075856482895,20.69574550439164],[-100.44069852572304,20.695763205264768]]]},"id":"microsoft-023310003-183134"},{"type":"Feature","properties":{"height":-1,"confidence":-1,"footprintSource":"Microsoft Global ML Building Footprints","footprintMethod":"AI detected from imagery; not surveyed","heightMethod":"No supplied height"},"geometry":{"type":"Polygon","coordinates":[[[-100.44633135220107,20.695701109745784],[-100.44639995187264,20.69572459072799],[-100.44642851476054,20.695651566304818],[-100.44635991508898,20.695628085311284],[-100.44633135220107,20.695701109745784]]]},"id":"microsoft-023310003-183165"},{"type":"Feature","properties":{"height":-1,"confidence":-1,"footprintSource":"Microsoft Global ML Building Footprints","footprintMethod":"AI detected from imagery; not surveyed","heightMethod":"No supplied height"},"geometry":{"type":"Polygon","coordinates":[[[-100.45104339465607,20.701458652747178],[-100.45092896516371,20.701468174692792],[-100.45093545930675,20.70153646534284],[-100.45097922510968,20.701532826355105],[-100.45098230014786,20.70156518807559],[-100.45105296694643,20.701559312356423],[-100.45104339465607,20.701458652747178]]]},"id":"microsoft-023310003-183187"},{"type":"Feature","properties":{"height":-1,"confidence":-1,"footprintSource":"Microsoft Global ML Building Footprints","footprintMethod":"AI detected from imagery; not surveyed","heightMethod":"No supplied height"},"geometry":{"type":"Polygon","coordinates":[[[-100.45231762392773,20.700377886924315],[-100.45236522265013,20.700362018675648],[-100.4523821860246,20.700406544503522],[-100.45244406436368,20.70038591578384],[-100.45237705903455,20.7002100386636],[-100.45226758197306,20.70024653566965],[-100.45231762392773,20.700377886924315]]]},"id":"microsoft-023310003-183200"},{"type":"Feature","properties":{"height":-1,"confidence":-1,"footprintSource":"Microsoft Global ML Building Footprints","footprintMethod":"AI detected from imagery; not surveyed","heightMethod":"No supplied height"},"geometry":{"type":"Polygon","coordinates":[[[-100.45354059564178,20.697959661552744],[-100.45351054329765,20.697995017040753],[-100.45355819774055,20.698030463430996],[-100.45358825008466,20.69799510795127],[-100.45354059564178,20.697959661552744]]]},"id":"microsoft-023310003-183206"},{"type":"Feature","properties":{"height":-1,"confidence":-1,"footprintSource":"Microsoft Global ML Building Footprints","footprintMethod":"AI detected from imagery; not surveyed","heightMethod":"No supplied height"},"geometry":{"type":"Polygon","coordinates":[[[-100.45365465799175,20.70080155497267],[-100.45365311633407,20.70075017065345],[-100.45357539334027,20.700752206071982],[-100.4535769351505,20.70080359547505],[-100.45365465799175,20.70080155497267]]]},"id":"microsoft-023310003-183207"},{"type":"Feature","properties":{"height":-1,"confidence":-1,"footprintSource":"Microsoft Global ML Building Footprints","footprintMethod":"AI detected from imagery; not surveyed","heightMethod":"No supplied height"},"geometry":{"type":"Polygon","coordinates":[[[-100.45394855354772,20.702966312658774],[-100.45385637876383,20.70300950846955],[-100.45370959358515,20.70303039083292],[-100.45372713653971,20.703138291325445],[-100.45378481112206,20.703130086269013],[-100.4537915890818,20.703171775077365],[-100.45380647167158,20.70316965781089],[-100.45364527469542,20.703245188785232],[-100.45363572022765,20.703186422693264],[-100.45357804564529,20.703194627746655],[-100.45357319567873,20.70316479734096],[-100.45360872412796,20.703148147684743],[-100.45358885743266,20.703111047600245],[-100.45353378366636,20.703136853155755],[-100.45355512890862,20.703268140069227],[-100.45363223596371,20.703257170467396],[-100.45365845315021,20.703306129735395],[-100.45381025230155,20.703284534099467],[-100.45389717638425,20.703243798995715],[-100.45388493891325,20.703168530711693],[-100.45392556845724,20.703162750563493],[-100.45398165012614,20.703136469074465],[-100.45395635355436,20.70298087880579],[-100.45394855354772,20.702966312658774]]]},"id":"microsoft-023310003-183210"},{"type":"Feature","properties":{"height":-1,"confidence":-1,"footprintSource":"Microsoft Global ML Building Footprints","footprintMethod":"AI detected from imagery; not surveyed","heightMethod":"No supplied height"},"geometry":{"type":"Polygon","coordinates":[[[-100.44104680715864,20.698705478951425],[-100.4411030968137,20.6987041337989],[-100.44110432935993,20.698749267739444],[-100.44114185579663,20.69874837097136],[-100.44113692561166,20.698567835127506],[-100.44109939917499,20.69856873189667],[-100.44109796120436,20.698516075568705],[-100.44107115660672,20.698516716118306],[-100.44107081423277,20.698504178894737],[-100.44104132917538,20.698504883499368],[-100.44104680715864,20.698705478951425]]]},"id":"microsoft-023310003-184483"},{"type":"Feature","properties":{"height":-1,"confidence":-1,"footprintSource":"Microsoft Global ML Building Footprints","footprintMethod":"AI detected from imagery; not surveyed","heightMethod":"No supplied height"},"geometry":{"type":"Polygon","coordinates":[[[-100.44918814114394,20.7001038544023],[-100.4492240106101,20.700230449934452],[-100.44933678741938,20.70020248840936],[-100.44930091795324,20.70007589285389],[-100.44918814114394,20.7001038544023]]]},"id":"microsoft-023310003-184513"},{"type":"Feature","properties":{"height":-1,"confidence":-1,"footprintSource":"Microsoft Global ML Building Footprints","footprintMethod":"AI detected from imagery; not surveyed","heightMethod":"No supplied height"},"geometry":{"type":"Polygon","coordinates":[[[-100.44993407275422,20.699244420650516],[-100.44992859615324,20.69916949887589],[-100.44988321080808,20.699172401955522],[-100.44988868740903,20.6992473237287],[-100.44993407275422,20.699244420650516]]]},"id":"microsoft-023310003-184520"},{"type":"Feature","properties":{"height":-1,"confidence":-1,"footprintSource":"Microsoft Global ML Building Footprints","footprintMethod":"AI detected from imagery; not surveyed","heightMethod":"No supplied height"},"geometry":{"type":"Polygon","coordinates":[[[-100.45001487961164,20.7008853989077],[-100.44997419637234,20.701013582190882],[-100.45006426718292,20.70103859115889],[-100.45010493988873,20.700910410868417],[-100.45001487961164,20.7008853989077]]]},"id":"microsoft-023310003-184522"},{"type":"Feature","properties":{"height":-1,"confidence":-1,"footprintSource":"Microsoft Global ML Building Footprints","footprintMethod":"AI detected from imagery; not surveyed","heightMethod":"No supplied height"},"geometry":{"type":"Polygon","coordinates":[[[-100.45146232510152,20.699468505378803],[-100.45140151480699,20.69948467344065],[-100.45141672185386,20.699534710942544],[-100.45147752756533,20.69951854012355],[-100.45146232510152,20.699468505378803]]]},"id":"microsoft-023310003-184528"},{"type":"Feature","properties":{"height":-1,"confidence":-1,"footprintSource":"Microsoft Global ML Building Footprints","footprintMethod":"AI detected from imagery; not surveyed","heightMethod":"No supplied height"},"geometry":{"type":"Polygon","coordinates":[[[-100.45208829404692,20.701088667935636],[-100.45198170201488,20.70111244400664],[-100.45198109684661,20.701110069955476],[-100.45191257339745,20.70112535457082],[-100.45192681955503,20.70118124166855],[-100.45196742540223,20.701172181606793],[-100.4519765027828,20.701207791793593],[-100.45202102852721,20.70119785711789],[-100.45203280936336,20.701244059278167],[-100.45213801607098,20.701220592233497],[-100.45211320417225,20.701123256174284],[-100.45209797673908,20.70112665275532],[-100.45208829404692,20.701088667935636]]]},"id":"microsoft-023310003-184533"},{"type":"Feature","properties":{"height":-1,"confidence":-1,"footprintSource":"Microsoft Global ML Building Footprints","footprintMethod":"AI detected from imagery; not surveyed","heightMethod":"No supplied height"},"geometry":{"type":"Polygon","coordinates":[[[-100.4524178275031,20.696520291627564],[-100.45251191342201,20.696741146033247],[-100.45257672259346,20.696716985324713],[-100.45248263667456,20.696496130883844],[-100.4524178275031,20.696520291627564]]]},"id":"microsoft-023310003-184537"},{"type":"Feature","properties":{"height":-1,"confidence":-1,"footprintSource":"Microsoft Global ML Building Footprints","footprintMethod":"AI detected from imagery; not surveyed","heightMethod":"No supplied height"},"geometry":{"type":"Polygon","coordinates":[[[-100.45262451850631,20.700784468697663],[-100.45266314877642,20.70089567154433],[-100.45269338768294,20.700886481554463],[-100.45265476493856,20.70077527641388],[-100.45262451850631,20.700784468697663]]]},"id":"microsoft-023310003-184540"},{"type":"Feature","properties":{"height":-1,"confidence":-1,"footprintSource":"Microsoft Global ML Building Footprints","footprintMethod":"AI detected from imagery; not surveyed","heightMethod":"No supplied height"},"geometry":{"type":"Polygon","coordinates":[[[-100.4532524797136,20.71239628226695],[-100.45322899193707,20.712351983202524],[-100.45315364639474,20.712386935009846],[-100.45317713417127,20.712431234064056],[-100.4532524797136,20.71239628226695]]]},"id":"microsoft-023310003-184546"},{"type":"Feature","properties":{"height":-1,"confidence":-1,"footprintSource":"Microsoft Global ML Building Footprints","footprintMethod":"AI detected from imagery; not surveyed","heightMethod":"No supplied height"},"geometry":{"type":"Polygon","coordinates":[[[-100.45409349325581,20.70168195753982],[-100.45408318484523,20.701616937792664],[-100.45404119309896,20.70162276333842],[-100.45405150193602,20.70168778577309],[-100.45409349325581,20.70168195753982]]]},"id":"microsoft-023310003-184553"},{"type":"Feature","properties":{"height":-1,"confidence":-1,"footprintSource":"Microsoft Global ML Building Footprints","footprintMethod":"AI detected from imagery; not surveyed","heightMethod":"No supplied height"},"geometry":{"type":"Polygon","coordinates":[[[-100.44043215811574,20.718870518415358],[-100.44041687501368,20.718921719902724],[-100.44052387031182,20.718949659544478],[-100.44053915341387,20.718898458066548],[-100.44043215811574,20.718870518415358]]]},"id":"microsoft-023310003-185888"},{"type":"Feature","properties":{"height":-1,"confidence":-1,"footprintSource":"Microsoft Global ML Building Footprints","footprintMethod":"AI detected from imagery; not surveyed","heightMethod":"No supplied height"},"geometry":{"type":"Polygon","coordinates":[[[-100.44902171685249,20.700515267703864],[-100.4490466228799,20.700508805607456],[-100.44907425518299,20.700601998044803],[-100.44914897326525,20.700582611765782],[-100.44910959723336,20.70044981250824],[-100.44900997312368,20.70047566090234],[-100.44902171685249,20.700515267703864]]]},"id":"microsoft-023310003-185915"},{"type":"Feature","properties":{"height":-1,"confidence":-1,"footprintSource":"Microsoft Global ML Building Footprints","footprintMethod":"AI detected from imagery; not surveyed","heightMethod":"No supplied height"},"geometry":{"type":"Polygon","coordinates":[[[-100.45220048108555,20.717656474749234],[-100.45215856581964,20.717662530532493],[-100.45216342165978,20.71769193414174],[-100.45215032313918,20.717693826573566],[-100.45215922551276,20.71774773317503],[-100.4522142392993,20.717739784963953],[-100.45220048108555,20.717656474749234]]]},"id":"microsoft-023310003-185938"},{"type":"Feature","properties":{"height":-1,"confidence":-1,"footprintSource":"Microsoft Global ML Building Footprints","footprintMethod":"AI detected from imagery; not surveyed","heightMethod":"No supplied height"},"geometry":{"type":"Polygon","coordinates":[[[-100.45234801983273,20.701825229413544],[-100.45238846038306,20.701860840106832],[-100.45243129745931,20.701818272276242],[-100.45239085522034,20.701782660085968],[-100.45234801983273,20.701825229413544]]]},"id":"microsoft-023310003-185939"},{"type":"Feature","properties":{"height":-1,"confidence":-1,"footprintSource":"Microsoft Global ML Building Footprints","footprintMethod":"AI detected from imagery; not surveyed","heightMethod":"No supplied height"},"geometry":{"type":"Polygon","coordinates":[[[-100.45254450129778,20.700319959094585],[-100.45252096289087,20.7001714904803],[-100.4524081112189,20.700187154012767],[-100.45242464238542,20.70029142442918],[-100.4525033769097,20.700280501434776],[-100.45251038300391,20.70032469239102],[-100.45254450129778,20.700319959094585]]]},"id":"microsoft-023310003-185942"},{"type":"Feature","properties":{"height":-1,"confidence":-1,"footprintSource":"Microsoft Global ML Building Footprints","footprintMethod":"AI detected from imagery; not surveyed","heightMethod":"No supplied height"},"geometry":{"type":"Polygon","coordinates":[[[-100.4526046041533,20.719401197549374],[-100.45262610844705,20.719414414621923],[-100.45265564998651,20.719372361938184],[-100.45263414789045,20.719359146212767],[-100.4526046041533,20.719401197549374]]]},"id":"microsoft-023310003-185943"},{"type":"Feature","properties":{"height":-1,"confidence":-1,"footprintSource":"Microsoft Global ML Building Footprints","footprintMethod":"AI detected from imagery; not surveyed","heightMethod":"No supplied height"},"geometry":{"type":"Polygon","coordinates":[[[-100.45430268431603,20.70465515220718],[-100.45426192192397,20.70457083116679],[-100.45421070290048,20.70459249309212],[-100.4542514666384,20.70467681690441],[-100.45430268431603,20.70465515220718]]]},"id":"microsoft-023310003-185951"},{"type":"Feature","properties":{"height":-1,"confidence":-1,"footprintSource":"Microsoft Global ML Building Footprints","footprintMethod":"AI detected from imagery; not surveyed","heightMethod":"No supplied height"},"geometry":{"type":"Polygon","coordinates":[[[-100.45737780657163,20.702766704022636],[-100.45740831009158,20.702822315954634],[-100.45748899340869,20.70278359150072],[-100.45745848988874,20.70272797955451],[-100.45737780657163,20.702766704022636]]]},"id":"microsoft-023310003-185965"},{"type":"Feature","properties":{"height":-1,"confidence":-1,"footprintSource":"Microsoft Global ML Building Footprints","footprintMethod":"AI detected from imagery; not surveyed","heightMethod":"No supplied height"},"geometry":{"type":"Polygon","coordinates":[[[-100.4366486834982,20.711526060091074],[-100.43666074703947,20.71156990683498],[-100.43660791845234,20.711582620117497],[-100.43662110393015,20.711630544688973],[-100.43675305233975,20.71159878246678],[-100.43674722733518,20.711577604863052],[-100.43676872931447,20.711572428970257],[-100.43674930767858,20.711501838126537],[-100.4366486834982,20.711526060091074]]]},"id":"microsoft-023310003-187159"},{"type":"Feature","properties":{"height":-1,"confidence":-1,"footprintSource":"Microsoft Global ML Building Footprints","footprintMethod":"AI detected from imagery; not surveyed","heightMethod":"No supplied height"},"geometry":{"type":"Polygon","coordinates":[[[-100.43686285035108,20.70458130781563],[-100.43685617901595,20.704640869503777],[-100.43697026166913,20.704652050344734],[-100.43697693300426,20.70459248866098],[-100.43686285035108,20.70458130781563]]]},"id":"microsoft-023310003-187161"},{"type":"Feature","properties":{"height":-1,"confidence":-1,"footprintSource":"Microsoft Global ML Building Footprints","footprintMethod":"AI detected from imagery; not surveyed","heightMethod":"No supplied height"},"geometry":{"type":"Polygon","coordinates":[[[-100.44507215600558,20.698764656299815],[-100.44522183865521,20.698772917610015],[-100.44522609663242,20.698705407530596],[-100.44507641398279,20.69869714621673],[-100.44507215600558,20.698764656299815]]]},"id":"microsoft-023310003-187199"},{"type":"Feature","properties":{"height":-1,"confidence":-1,"footprintSource":"Microsoft Global ML Building Footprints","footprintMethod":"AI detected from imagery; not surveyed","heightMethod":"No supplied height"},"geometry":{"type":"Polygon","coordinates":[[[-100.44802665941177,20.707434297516627],[-100.44800253501634,20.707433725787823],[-100.44800124467484,20.70748136493455],[-100.44802536907028,20.707481936663186],[-100.44802665941177,20.707434297516627]]]},"id":"microsoft-023310003-187211"},{"type":"Feature","properties":{"height":-1,"confidence":-1,"footprintSource":"Microsoft Global ML Building Footprints","footprintMethod":"AI detected from imagery; not surveyed","heightMethod":"No supplied height"},"geometry":{"type":"Polygon","coordinates":[[[-100.45047123717558,20.697088038825427],[-100.45038602218557,20.69708126011642],[-100.45039213128268,20.69701400024283],[-100.45028181085401,20.697005224434093],[-100.45027275293819,20.697104868097597],[-100.45019286435712,20.697098513096165],[-100.45018525881818,20.697182179510264],[-100.45027162618518,20.69718904422973],[-100.4502734362987,20.6971691152779],[-100.45046250817406,20.697184143239312],[-100.45047123717558,20.697088038825427]]]},"id":"microsoft-023310003-187234"},{"type":"Feature","properties":{"height":-1,"confidence":-1,"footprintSource":"Microsoft Global ML Building Footprints","footprintMethod":"AI detected from imagery; not surveyed","heightMethod":"No supplied height"},"geometry":{"type":"Polygon","coordinates":[[[-100.45085812737763,20.704518192083526],[-100.45079367155434,20.704467528722773],[-100.45075535915328,20.704510175012246],[-100.45081981497658,20.704560838358802],[-100.45085812737763,20.704518192083526]]]},"id":"microsoft-023310003-187237"},{"type":"Feature","properties":{"height":-1,"confidence":-1,"footprintSource":"Microsoft Global ML Building Footprints","footprintMethod":"AI detected from imagery; not surveyed","heightMethod":"No supplied height"},"geometry":{"type":"Polygon","coordinates":[[[-100.45225079683415,20.69888877212709],[-100.45225198980087,20.698888457364646],[-100.45227754606434,20.6989732161301],[-100.45239929127521,20.698941101826648],[-100.45234640237994,20.69876569278209],[-100.45222347271067,20.69879812761124],[-100.45225079683415,20.69888877212709]]]},"id":"microsoft-023310003-187248"},{"type":"Feature","properties":{"height":-1,"confidence":-1,"footprintSource":"Microsoft Global ML Building Footprints","footprintMethod":"AI detected from imagery; not surveyed","heightMethod":"No supplied height"},"geometry":{"type":"Polygon","coordinates":[[[-100.45129207327984,20.700274160897294],[-100.45127011440343,20.700278297040327],[-100.4512597336187,20.700230071306507],[-100.4512184904759,20.70023783980902],[-100.45124288532001,20.700351170253384],[-100.45130609202043,20.70033926473367],[-100.45129207327984,20.700274160897294]]]},"id":"microsoft-023310003-188583"},{"type":"Feature","properties":{"height":-1,"confidence":-1,"footprintSource":"Microsoft Global ML Building Footprints","footprintMethod":"AI detected from imagery; not surveyed","heightMethod":"No supplied height"},"geometry":{"type":"Polygon","coordinates":[[[-100.45525013596033,20.699888950997234],[-100.45520821583149,20.699882907523815],[-100.4551943095653,20.699967353694234],[-100.45523623013564,20.699973394483365],[-100.45525013596033,20.699888950997234]]]},"id":"microsoft-023310003-188602"},{"type":"Feature","properties":{"height":-1,"confidence":-1,"footprintSource":"Microsoft Global ML Building Footprints","footprintMethod":"AI detected from imagery; not surveyed","heightMethod":"No supplied height"},"geometry":{"type":"Polygon","coordinates":[[[-100.45725136959075,20.70160988724652],[-100.45720305237647,20.701633665949302],[-100.45727444791336,20.701760609576098],[-100.45720722202434,20.701793689507625],[-100.4572271164859,20.701829062491868],[-100.45734266098268,20.70177220636836],[-100.45725136959075,20.70160988724652]]]},"id":"microsoft-023310003-188607"},{"type":"Feature","properties":{"height":-1,"confidence":-1,"footprintSource":"Microsoft Global ML Building Footprints","footprintMethod":"AI detected from imagery; not surveyed","heightMethod":"No supplied height"},"geometry":{"type":"Polygon","coordinates":[[[-100.45727902218104,20.7030436943423],[-100.45725827009065,20.70299349359631],[-100.45720693718425,20.703012061629423],[-100.45722768927463,20.703062262369258],[-100.45727902218104,20.7030436943423]]]},"id":"microsoft-023310003-188608"},{"type":"Feature","properties":{"height":-1,"confidence":-1,"footprintSource":"Microsoft Global ML Building Footprints","footprintMethod":"AI detected from imagery; not surveyed","heightMethod":"No supplied height"},"geometry":{"type":"Polygon","coordinates":[[[-100.43642306465537,20.700997450642163],[-100.43641985273892,20.700924812745754],[-100.4363716554388,20.70092667763869],[-100.4363748673553,20.70099931553422],[-100.43642306465537,20.700997450642163]]]},"id":"microsoft-023310003-189867"},{"type":"Feature","properties":{"height":-1,"confidence":-1,"footprintSource":"Microsoft Global ML Building Footprints","footprintMethod":"AI detected from imagery; not surveyed","heightMethod":"No supplied height"},"geometry":{"type":"Polygon","coordinates":[[[-100.4488763248378,20.70065836374671],[-100.44887802927566,20.70056304665711],[-100.4488083113486,20.700561955751624],[-100.44880660691072,20.700657272841923],[-100.4488763248378,20.70065836374671]]]},"id":"microsoft-023310003-189903"},{"type":"Feature","properties":{"height":-1,"confidence":-1,"footprintSource":"Microsoft Global ML Building Footprints","footprintMethod":"AI detected from imagery; not surveyed","heightMethod":"No supplied height"},"geometry":{"type":"Polygon","coordinates":[[[-100.45003475344129,20.700319349280036],[-100.45000825424792,20.700329325038737],[-100.45002645579959,20.700371626297496],[-100.45009219279433,20.700346874966897],[-100.4500550350457,20.700260503573162],[-100.45001579387824,20.70027527868872],[-100.45003475344129,20.700319349280036]]]},"id":"microsoft-023310003-189911"},{"type":"Feature","properties":{"height":-1,"confidence":-1,"footprintSource":"Microsoft Global ML Building Footprints","footprintMethod":"AI detected from imagery; not surveyed","heightMethod":"No supplied height"},"geometry":{"type":"Polygon","coordinates":[[[-100.45121135070542,20.698735906406654],[-100.45114548261364,20.69875084045455],[-100.45116847116266,20.698839566631634],[-100.45123434030984,20.698824636665748],[-100.45121135070542,20.698735906406654]]]},"id":"microsoft-023310003-189916"},{"type":"Feature","properties":{"height":-1,"confidence":-1,"footprintSource":"Microsoft Global ML Building Footprints","footprintMethod":"AI detected from imagery; not surveyed","heightMethod":"No supplied height"},"geometry":{"type":"Polygon","coordinates":[[[-100.45766581925166,20.695251839132396],[-100.4575157209003,20.695194241094356],[-100.45749970826185,20.695230751784663],[-100.45764980895133,20.695288350706093],[-100.45766581925166,20.695251839132396]]]},"id":"microsoft-023310003-189950"},{"type":"Feature","properties":{"height":-1,"confidence":-1,"footprintSource":"Microsoft Global ML Building Footprints","footprintMethod":"AI detected from imagery; not surveyed","heightMethod":"No supplied height"},"geometry":{"type":"Polygon","coordinates":[[[-100.4484732159593,20.699394731248688],[-100.44843002959156,20.69923598114616],[-100.448317908932,20.699262679068255],[-100.44836110457862,20.69942141959332],[-100.4484732159593,20.699394731248688]]]},"id":"microsoft-023310003-191272"},{"type":"Feature","properties":{"height":-1,"confidence":-1,"footprintSource":"Microsoft Global ML Building Footprints","footprintMethod":"AI detected from imagery; not surveyed","heightMethod":"No supplied height"},"geometry":{"type":"Polygon","coordinates":[[[-100.4486418851796,20.69964719581573],[-100.44864074110939,20.69969076061882],[-100.44873456180488,20.699692916639947],[-100.44873594468834,20.699640258118407],[-100.44869841641012,20.69963939570968],[-100.44870032610629,20.699566676768498],[-100.44860114422818,20.699564397544265],[-100.44859978586555,20.69961612236962],[-100.44868824553046,20.699618149402525],[-100.44868745531,20.699648240044596],[-100.4486418851796,20.69964719581573]]]},"id":"microsoft-023310003-191273"},{"type":"Feature","properties":{"height":-1,"confidence":-1,"footprintSource":"Microsoft Global ML Building Footprints","footprintMethod":"AI detected from imagery; not surveyed","heightMethod":"No supplied height"},"geometry":{"type":"Polygon","coordinates":[[[-100.44945016327257,20.698730935781427],[-100.44946645183856,20.698782635766847],[-100.44949113078603,20.69877583342283],[-100.44944676274353,20.69863500899862],[-100.44918269800573,20.698707794131394],[-100.44921833790872,20.698820915346232],[-100.44932939317229,20.698790304803467],[-100.44932183518134,20.69876631570793],[-100.44945016327257,20.698730935781427]]]},"id":"microsoft-023310003-191279"},{"type":"Feature","properties":{"height":-1,"confidence":-1,"footprintSource":"Microsoft Global ML Building Footprints","footprintMethod":"AI detected from imagery; not surveyed","heightMethod":"No supplied height"},"geometry":{"type":"Polygon","coordinates":[[[-100.450235955055,20.703644406835934],[-100.45015170140135,20.703729342369044],[-100.45022808805592,20.70379564505066],[-100.45031234170958,20.703710709554684],[-100.450235955055,20.703644406835934]]]},"id":"microsoft-023310003-191284"},{"type":"Feature","properties":{"height":-1,"confidence":-1,"footprintSource":"Microsoft Global ML Building Footprints","footprintMethod":"AI detected from imagery; not surveyed","heightMethod":"No supplied height"},"geometry":{"type":"Polygon","coordinates":[[[-100.45100356458076,20.69519467964787],[-100.45092861624174,20.69531242326518],[-100.45107316400754,20.69539294229625],[-100.45112334790765,20.695314103590647],[-100.4510493352098,20.695272870621977],[-100.45107409734986,20.695233973945477],[-100.45100356458076,20.69519467964787]]]},"id":"microsoft-023310003-191291"},{"type":"Feature","properties":{"height":-1,"confidence":-1,"footprintSource":"Microsoft Global ML Building Footprints","footprintMethod":"AI detected from imagery; not surveyed","heightMethod":"No supplied height"},"geometry":{"type":"Polygon","coordinates":[[[-100.45697562081573,20.70374288588694],[-100.45688728608089,20.703763583907957],[-100.45690941304169,20.70384621403467],[-100.45699774777653,20.703825516024935],[-100.45697562081573,20.70374288588694]]]},"id":"microsoft-023310003-191333"},{"type":"Feature","properties":{"height":-1,"confidence":-1,"footprintSource":"Microsoft Global ML Building Footprints","footprintMethod":"AI detected from imagery; not surveyed","heightMethod":"No supplied height"},"geometry":{"type":"Polygon","coordinates":[[[-100.4536677977478,20.69706754981425],[-100.45374677557746,20.697097949099785],[-100.45376942440481,20.697046448323647],[-100.45369044987038,20.697016050296156],[-100.4536677977478,20.69706754981425]]]},"id":"microsoft-023310003-192584"},{"type":"Feature","properties":{"height":-1,"confidence":-1,"footprintSource":"Microsoft Global ML Building Footprints","footprintMethod":"AI detected from imagery; not surveyed","heightMethod":"No supplied height"},"geometry":{"type":"Polygon","coordinates":[[[-100.45450894046539,20.701310027424796],[-100.45450929412115,20.701351490483475],[-100.4545709810015,20.701351030078357],[-100.4545706273113,20.701309562981137],[-100.45450894046539,20.701310027424796]]]},"id":"microsoft-023310003-192592"},{"type":"Feature","properties":{"height":-1,"confidence":-1,"footprintSource":"Microsoft Global ML Building Footprints","footprintMethod":"AI detected from imagery; not surveyed","heightMethod":"No supplied height"},"geometry":{"type":"Polygon","coordinates":[[[-100.45767667076086,20.702420609303374],[-100.45751949463747,20.702470774273067],[-100.45754244705492,20.702533701109175],[-100.45747858228476,20.70255408443532],[-100.45745973197752,20.70250239343744],[-100.45732658654691,20.7025448886518],[-100.45736757300668,20.702657257928763],[-100.4574646723178,20.702626267358454],[-100.45747500224678,20.70265459389627],[-100.45773208300939,20.702572559878107],[-100.45767667076086,20.702420609303374]]]},"id":"microsoft-023310003-192604"},{"type":"Feature","properties":{"height":-1,"confidence":-1,"footprintSource":"Microsoft Global ML Building Footprints","footprintMethod":"AI detected from imagery; not surveyed","heightMethod":"No supplied height"},"geometry":{"type":"Polygon","coordinates":[[[-100.44113114133893,20.699406402592942],[-100.44113211428088,20.699466606411548],[-100.44116697503094,20.699466113421252],[-100.441166002089,20.699405909602447],[-100.44113114133893,20.699406402592942]]]},"id":"microsoft-023310003-193847"},{"type":"Feature","properties":{"height":-1,"confidence":-1,"footprintSource":"Microsoft Global ML Building Footprints","footprintMethod":"AI detected from imagery; not surveyed","heightMethod":"No supplied height"},"geometry":{"type":"Polygon","coordinates":[[[-100.44923140807184,20.700879392358388],[-100.44923609520797,20.700956924687006],[-100.44928545690566,20.700954313457288],[-100.44927458408414,20.700774237597017],[-100.44915569383197,20.700780526888877],[-100.44916189294752,20.70088306970449],[-100.44923140807184,20.700879392358388]]]},"id":"microsoft-023310003-193881"},{"type":"Feature","properties":{"height":-1,"confidence":-1,"footprintSource":"Microsoft Global ML Building Footprints","footprintMethod":"AI detected from imagery; not surveyed","heightMethod":"No supplied height"},"geometry":{"type":"Polygon","coordinates":[[[-100.45086228301986,20.696690650685],[-100.45084101032728,20.696636688059655],[-100.45074892680277,20.696668454319592],[-100.45077019740317,20.696722411626368],[-100.45086228301986,20.696690650685]]]},"id":"microsoft-023310003-193889"},{"type":"Feature","properties":{"height":-1,"confidence":-1,"footprintSource":"Microsoft Global ML Building Footprints","footprintMethod":"AI detected from imagery; not surveyed","heightMethod":"No supplied height"},"geometry":{"type":"Polygon","coordinates":[[[-100.45120933891144,20.69567067941908],[-100.45129532241005,20.695798020744988],[-100.45137201280703,20.695752705256936],[-100.45137443487741,20.69575629233607],[-100.45147413239347,20.695697382182743],[-100.45138572682448,20.695566453688798],[-100.45120933891144,20.69567067941908]]]},"id":"microsoft-023310003-193891"},{"type":"Feature","properties":{"height":-1,"confidence":-1,"footprintSource":"Microsoft Global ML Building Footprints","footprintMethod":"AI detected from imagery; not surveyed","heightMethod":"No supplied height"},"geometry":{"type":"Polygon","coordinates":[[[-100.45136959458605,20.699472943505896],[-100.45132644570312,20.699486862247596],[-100.45131854590844,20.69946543215778],[-100.45123224628105,20.699493264591652],[-100.45129057202004,20.699651487062468],[-100.45135888913197,20.699629449708013],[-100.45134979791399,20.699604782612838],[-100.45141092580153,20.69958506431253],[-100.45136959458605,20.699472943505896]]]},"id":"microsoft-023310003-193893"},{"type":"Feature","properties":{"height":-1,"confidence":-1,"footprintSource":"Microsoft Global ML Building Footprints","footprintMethod":"AI detected from imagery; not surveyed","heightMethod":"No supplied height"},"geometry":{"type":"Polygon","coordinates":[[[-100.45239105361802,20.699111580304304],[-100.45241538667341,20.69930714745547],[-100.4524974237998,20.69929821540738],[-100.45247309074443,20.699102648244704],[-100.45239105361802,20.699111580304304]]]},"id":"microsoft-023310003-193903"},{"type":"Feature","properties":{"height":-1,"confidence":-1,"footprintSource":"Microsoft Global ML Building Footprints","footprintMethod":"AI detected from imagery; not surveyed","heightMethod":"No supplied height"},"geometry":{"type":"Polygon","coordinates":[[[-100.45332701645285,20.69899178825773],[-100.45334199640546,20.69911439552581],[-100.453397596074,20.69910844749559],[-100.45337626192887,20.698933832670406],[-100.45334311767135,20.6989373762639],[-100.4533346397077,20.698868028591292],[-100.45321157926072,20.698881185512164],[-100.45320825064421,20.698853941562206],[-100.4531512720571,20.698860033388357],[-100.45316338343372,20.698959101487603],[-100.45324418332186,20.69895046282913],[-100.45325023535189,20.69899999724842],[-100.45332701645285,20.69899178825773]]]},"id":"microsoft-023310003-193912"},{"type":"Feature","properties":{"height":-1,"confidence":-1,"footprintSource":"Microsoft Global ML Building Footprints","footprintMethod":"AI detected from imagery; not surveyed","heightMethod":"No supplied height"},"geometry":{"type":"Polygon","coordinates":[[[-100.45341295680511,20.702218653089318],[-100.45341645163677,20.70227869153959],[-100.45346191439555,20.70227637587729],[-100.4534633705754,20.70230139189158],[-100.45354627325317,20.702297169213864],[-100.45354306965748,20.702242133975417],[-100.45364469229474,20.702236957787804],[-100.4536400325192,20.70215690649347],[-100.45351548730741,20.702163250254458],[-100.4535183959348,20.702213282506378],[-100.45341295680511,20.702218653089318]]]},"id":"microsoft-023310003-193913"},{"type":"Feature","properties":{"height":-1,"confidence":-1,"footprintSource":"Microsoft Global ML Building Footprints","footprintMethod":"AI detected from imagery; not surveyed","heightMethod":"No supplied height"},"geometry":{"type":"Polygon","coordinates":[[[-100.4529446266906,20.699645918092983],[-100.45290193268677,20.699666144223002],[-100.45293164702413,20.699721029722255],[-100.45297434223238,20.69970080582425],[-100.4529446266906,20.699645918092983]]]},"id":"microsoft-023310003-195295"},{"type":"Feature","properties":{"height":-1,"confidence":-1,"footprintSource":"Microsoft Global ML Building Footprints","footprintMethod":"AI detected from imagery; not surveyed","heightMethod":"No supplied height"},"geometry":{"type":"Polygon","coordinates":[[[-100.4548155455525,20.703798735068105],[-100.45479023757888,20.70371094672386],[-100.45468772376998,20.70373681275403],[-100.45465976262412,20.703639821038564],[-100.4546837975692,20.703633758170838],[-100.45464567179062,20.70350154155365],[-100.45459664312209,20.70351391236339],[-100.45458418857962,20.703470709949315],[-100.45442416420877,20.703511076487317],[-100.45445347801568,20.703612760402564],[-100.45447598104688,20.703607082489228],[-100.45450128349142,20.703694851714303],[-100.4544653141915,20.703703925045488],[-100.45447340738696,20.70373199145888],[-100.45455591850141,20.703711177860598],[-100.45459705891157,20.703853848734497],[-100.4548155455525,20.703798735068105]]]},"id":"microsoft-023310003-195302"},{"type":"Feature","properties":{"height":-1,"confidence":-1,"footprintSource":"Microsoft Global ML Building Footprints","footprintMethod":"AI detected from imagery; not surveyed","heightMethod":"No supplied height"},"geometry":{"type":"Polygon","coordinates":[[[-100.4553709306553,20.702660678677674],[-100.45537709058884,20.70272033802307],[-100.45564283071737,20.702696311582955],[-100.4556366707838,20.702636652228122],[-100.4553709306553,20.702660678677674]]]},"id":"microsoft-023310003-195307"},{"type":"Feature","properties":{"height":-1,"confidence":-1,"footprintSource":"Microsoft Global ML Building Footprints","footprintMethod":"AI detected from imagery; not surveyed","heightMethod":"No supplied height"},"geometry":{"type":"Polygon","coordinates":[[[-100.43700904573831,20.7199834385777],[-100.43701139328071,20.719835456274836],[-100.43695776090786,20.719834711967323],[-100.43695541336544,20.71998269427091],[-100.43700904573831,20.7199834385777]]]},"id":"microsoft-023310003-196589"},{"type":"Feature","properties":{"height":-1,"confidence":-1,"footprintSource":"Microsoft Global ML Building Footprints","footprintMethod":"AI detected from imagery; not surveyed","heightMethod":"No supplied height"},"geometry":{"type":"Polygon","coordinates":[[[-100.44340234452945,20.717018230926826],[-100.44335675967763,20.717018941150442],[-100.44335781274087,20.717077825101484],[-100.44340339753933,20.717077111894852],[-100.44340234452945,20.717018230926826]]]},"id":"microsoft-023310003-196610"},{"type":"Feature","properties":{"height":-1,"confidence":-1,"footprintSource":"Microsoft Global ML Building Footprints","footprintMethod":"AI detected from imagery; not surveyed","heightMethod":"No supplied height"},"geometry":{"type":"Polygon","coordinates":[[[-100.45135574373558,20.70040491935923],[-100.45138787775312,20.700398795115746],[-100.45136375010749,20.70028797713755],[-100.45133160812912,20.700294102902703],[-100.45135574373558,20.70040491935923]]]},"id":"microsoft-023310003-196646"},{"type":"Feature","properties":{"height":-1,"confidence":-1,"footprintSource":"Microsoft Global ML Building Footprints","footprintMethod":"AI detected from imagery; not surveyed","heightMethod":"No supplied height"},"geometry":{"type":"Polygon","coordinates":[[[-100.45562059992307,20.704385953173215],[-100.45547700069072,20.70443935230307],[-100.45550831138469,20.704513014443094],[-100.45539565961782,20.704554905346114],[-100.45543341089194,20.704643735282858],[-100.45568966763035,20.70454844319758],[-100.45562059992307,20.704385953173215]]]},"id":"microsoft-023310003-196667"},{"type":"Feature","properties":{"height":-1,"confidence":-1,"footprintSource":"Microsoft Global ML Building Footprints","footprintMethod":"AI detected from imagery; not surveyed","heightMethod":"No supplied height"},"geometry":{"type":"Polygon","coordinates":[[[-100.44831504057201,20.696173594133967],[-100.44833490645543,20.696262547754174],[-100.44846188044485,20.696237724330814],[-100.44844200818471,20.69614877194269],[-100.44831504057201,20.696173594133967]]]},"id":"microsoft-023310003-197945"},{"type":"Feature","properties":{"height":-1,"confidence":-1,"footprintSource":"Microsoft Global ML Building Footprints","footprintMethod":"AI detected from imagery; not surveyed","heightMethod":"No supplied height"},"geometry":{"type":"Polygon","coordinates":[[[-100.44964041059684,20.703316373492243],[-100.44960044965963,20.703165029922346],[-100.44948921806811,20.703190728972558],[-100.44952917900532,20.70334207251682],[-100.44964041059684,20.703316373492243]]]},"id":"microsoft-023310003-197955"},{"type":"Feature","properties":{"height":-1,"confidence":-1,"footprintSource":"Microsoft Global ML Building Footprints","footprintMethod":"AI detected from imagery; not surveyed","heightMethod":"No supplied height"},"geometry":{"type":"Polygon","coordinates":[[[-100.45099517761207,20.70451101509478],[-100.45093532904693,20.704462601742406],[-100.45089817093614,20.70450279490079],[-100.45095801950129,20.704551208240332],[-100.45099517761207,20.70451101509478]]]},"id":"microsoft-023310003-197963"},{"type":"Feature","properties":{"height":-1,"confidence":-1,"footprintSource":"Microsoft Global ML Building Footprints","footprintMethod":"AI detected from imagery; not surveyed","heightMethod":"No supplied height"},"geometry":{"type":"Polygon","coordinates":[[[-100.45288793232756,20.716191355242685],[-100.45272731956248,20.71622564234474],[-100.45274768467955,20.716309102415565],[-100.45280887049483,20.716296040670528],[-100.45281876212312,20.716336578406086],[-100.45291818907292,20.716315353073682],[-100.45288793232756,20.716191355242685]]]},"id":"microsoft-023310003-197982"},{"type":"Feature","properties":{"height":-1,"confidence":-1,"footprintSource":"Microsoft Global ML Building Footprints","footprintMethod":"AI detected from imagery; not surveyed","heightMethod":"No supplied height"},"geometry":{"type":"Polygon","coordinates":[[[-100.45475540542684,20.702999704765574],[-100.45474349044737,20.70293764396233],[-100.45469777594373,20.702945323739186],[-100.45470968586831,20.703007382395256],[-100.45475540542684,20.702999704765574]]]},"id":"microsoft-023310003-197989"},{"type":"Feature","properties":{"height":-1,"confidence":-1,"footprintSource":"Microsoft Global ML Building Footprints","footprintMethod":"AI detected from imagery; not surveyed","heightMethod":"No supplied height"},"geometry":{"type":"Polygon","coordinates":[[[-100.4556818792134,20.69771160432626],[-100.45568856101036,20.697909625784305],[-100.45580110190794,20.69790631008418],[-100.45579949489348,20.69785868469279],[-100.45581289261936,20.69785828996646],[-100.45580781783686,20.69770789389507],[-100.4556818792134,20.69771160432626]]]},"id":"microsoft-023310003-197996"},{"type":"Feature","properties":{"height":-1,"confidence":-1,"footprintSource":"Microsoft Global ML Building Footprints","footprintMethod":"AI detected from imagery; not surveyed","heightMethod":"No supplied height"},"geometry":{"type":"Polygon","coordinates":[[[-100.4390168118406,20.702023071276443],[-100.43909012648751,20.70205140982661],[-100.43911757634592,20.701989258444897],[-100.439044261699,20.70196091988312],[-100.4390168118406,20.702023071276443]]]},"id":"microsoft-023310003-199323"},{"type":"Feature","properties":{"height":-1,"confidence":-1,"footprintSource":"Microsoft Global ML Building Footprints","footprintMethod":"AI detected from imagery; not surveyed","heightMethod":"No supplied height"},"geometry":{"type":"Polygon","coordinates":[[[-100.44849917457745,20.703717590431765],[-100.44849681124576,20.703616351202697],[-100.4484361898732,20.703617589475613],[-100.44843854554138,20.703718824891055],[-100.44849917457745,20.703717590431765]]]},"id":"microsoft-023310003-199344"},{"type":"Feature","properties":{"height":-1,"confidence":-1,"footprintSource":"Microsoft Global ML Building Footprints","footprintMethod":"AI detected from imagery; not surveyed","heightMethod":"No supplied height"},"geometry":{"type":"Polygon","coordinates":[[[-100.44902049283029,20.704197868372702],[-100.4489729599338,20.704203441823864],[-100.44898620048028,20.704302248750594],[-100.44903373337677,20.704296675303084],[-100.44902049283029,20.704197868372702]]]},"id":"microsoft-023310003-199350"},{"type":"Feature","properties":{"height":-1,"confidence":-1,"footprintSource":"Microsoft Global ML Building Footprints","footprintMethod":"AI detected from imagery; not surveyed","heightMethod":"No supplied height"},"geometry":{"type":"Polygon","coordinates":[[[-100.44907763364006,20.696381882366026],[-100.44901867148462,20.69638033435355],[-100.4490155875337,20.696483127120075],[-100.44907454968913,20.6964846751315],[-100.44907763364006,20.696381882366026]]]},"id":"microsoft-023310003-199351"},{"type":"Feature","properties":{"height":-1,"confidence":-1,"footprintSource":"Microsoft Global ML Building Footprints","footprintMethod":"AI detected from imagery; not surveyed","heightMethod":"No supplied height"},"geometry":{"type":"Polygon","coordinates":[[[-100.45082792143326,20.699645224383588],[-100.45069871534824,20.699679298120287],[-100.45073023708646,20.69978389306975],[-100.45080603276797,20.699763904535985],[-100.45081233856548,20.69978482313759],[-100.4508657475191,20.699770738342465],[-100.45082792143326,20.699645224383588]]]},"id":"microsoft-023310003-199361"},{"type":"Feature","properties":{"height":-1,"confidence":-1,"footprintSource":"Microsoft Global ML Building Footprints","footprintMethod":"AI detected from imagery; not surveyed","heightMethod":"No supplied height"},"geometry":{"type":"Polygon","coordinates":[[[-100.45088519127931,20.70067559375437],[-100.45093000478312,20.70082862326001],[-100.45105225894703,20.700797295559454],[-100.45098352588447,20.70056258524454],[-100.45093113030835,20.700576008232574],[-100.45095505204745,20.700657696448445],[-100.45088519127931,20.70067559375437]]]},"id":"microsoft-023310003-199362"},{"type":"Feature","properties":{"height":-1,"confidence":-1,"footprintSource":"Microsoft Global ML Building Footprints","footprintMethod":"AI detected from imagery; not surveyed","heightMethod":"No supplied height"},"geometry":{"type":"Polygon","coordinates":[[[-100.45128094082372,20.702076029764143],[-100.45129488958615,20.702117039737757],[-100.45135473145925,20.702099225368045],[-100.45134077991065,20.70205821621903],[-100.45128094082372,20.702076029764143]]]},"id":"microsoft-023310003-199365"},{"type":"Feature","properties":{"height":-1,"confidence":-1,"footprintSource":"Microsoft Global ML Building Footprints","footprintMethod":"AI detected from imagery; not surveyed","heightMethod":"No supplied height"},"geometry":{"type":"Polygon","coordinates":[[[-100.45159200469011,20.697623835602343],[-100.45160941971835,20.697675252950035],[-100.4517776081807,20.697625403566647],[-100.45176019654188,20.697573996209258],[-100.45159200469011,20.697623835602343]]]},"id":"microsoft-023310003-199367"},{"type":"Feature","properties":{"height":-1,"confidence":-1,"footprintSource":"Microsoft Global ML Building Footprints","footprintMethod":"AI detected from imagery; not surveyed","heightMethod":"No supplied height"},"geometry":{"type":"Polygon","coordinates":[[[-100.45201875425455,20.699586420971286],[-100.4519069208488,20.69959537555799],[-100.4519217354728,20.69975727835528],[-100.45197498947552,20.699753014270982],[-100.4519729382199,20.699730596970284],[-100.45203151762291,20.69972590647673],[-100.45201875425455,20.699586420971286]]]},"id":"microsoft-023310003-199372"},{"type":"Feature","properties":{"height":-1,"confidence":-1,"footprintSource":"Microsoft Global ML Building Footprints","footprintMethod":"AI detected from imagery; not surveyed","heightMethod":"No supplied height"},"geometry":{"type":"Polygon","coordinates":[[[-100.45254260226733,20.69541777884274],[-100.45253815917759,20.695603361425896],[-100.45265075547795,20.695605720453656],[-100.45265519856773,20.695420137873427],[-100.45254260226733,20.69541777884274]]]},"id":"microsoft-023310003-199375"},{"type":"Feature","properties":{"height":-1,"confidence":-1,"footprintSource":"Microsoft Global ML Building Footprints","footprintMethod":"AI detected from imagery; not surveyed","heightMethod":"No supplied height"},"geometry":{"type":"Polygon","coordinates":[[[-100.4530718940628,20.696667883574804],[-100.45300487711712,20.696691665104865],[-100.45305202681949,20.696807916481987],[-100.45311903616167,20.69678413766833],[-100.4530718940628,20.696667883574804]]]},"id":"microsoft-023310003-199377"},{"type":"Feature","properties":{"height":-1,"confidence":-1,"footprintSource":"Microsoft Global ML Building Footprints","footprintMethod":"AI detected from imagery; not surveyed","heightMethod":"No supplied height"},"geometry":{"type":"Polygon","coordinates":[[[-100.45559632402649,20.703432109494145],[-100.45565491245675,20.703615322584596],[-100.45577801065353,20.703580885954636],[-100.45575476890029,20.703508206197967],[-100.45582220452589,20.703489336704024],[-100.45578686307495,20.703378793793405],[-100.45559632402649,20.703432109494145]]]},"id":"microsoft-023310003-199392"},{"type":"Feature","properties":{"height":-1,"confidence":-1,"footprintSource":"Microsoft Global ML Building Footprints","footprintMethod":"AI detected from imagery; not surveyed","heightMethod":"No supplied height"},"geometry":{"type":"Polygon","coordinates":[[[-100.43541614009104,20.696261071545365],[-100.43542962062577,20.69630128136039],[-100.43548578705008,20.69628480320084],[-100.43547230539295,20.696244590033487],[-100.43541614009104,20.696261071545365]]]},"id":"microsoft-023310003-200689"},{"type":"Feature","properties":{"height":-1,"confidence":-1,"footprintSource":"Microsoft Global ML Building Footprints","footprintMethod":"AI detected from imagery; not surveyed","heightMethod":"No supplied height"},"geometry":{"type":"Polygon","coordinates":[[[-100.45192730194815,20.698697060666532],[-100.45194121470476,20.698735283534432],[-100.45202293534867,20.69870925410487],[-100.45198037868141,20.69859233704682],[-100.45185779771558,20.6986313812196],[-100.45188644162623,20.698710075382934],[-100.45192730194815,20.698697060666532]]]},"id":"microsoft-023310003-200764"},{"type":"Feature","properties":{"height":-1,"confidence":-1,"footprintSource":"Microsoft Global ML Building Footprints","footprintMethod":"AI detected from imagery; not surveyed","heightMethod":"No supplied height"},"geometry":{"type":"Polygon","coordinates":[[[-100.45301526898393,20.696764310250686],[-100.45298309799894,20.696685470025912],[-100.45293159401238,20.696703861299824],[-100.45296376499738,20.696782701515005],[-100.45301526898393,20.696764310250686]]]},"id":"microsoft-023310003-200771"},{"type":"Feature","properties":{"height":-1,"confidence":-1,"footprintSource":"Microsoft Global ML Building Footprints","footprintMethod":"AI detected from imagery; not surveyed","heightMethod":"No supplied height"},"geometry":{"type":"Polygon","coordinates":[[[-100.45619375416163,20.69752136625769],[-100.45616148806845,20.69745475154906],[-100.45604701354833,20.697503273149067],[-100.45607927550644,20.69756988958909],[-100.45619375416163,20.69752136625769]]]},"id":"microsoft-023310003-200784"},{"type":"Feature","properties":{"height":-1,"confidence":-1,"footprintSource":"Microsoft Global ML Building Footprints","footprintMethod":"AI detected from imagery; not surveyed","heightMethod":"No supplied height"},"geometry":{"type":"Polygon","coordinates":[[[-100.4573246336066,20.69563296347738],[-100.4572810967653,20.6956289500219],[-100.4572752326943,20.695684617077873],[-100.4573187739576,20.69568862808879],[-100.4573246336066,20.69563296347738]]]},"id":"microsoft-023310003-200791"},{"type":"Feature","properties":{"height":-1,"confidence":-1,"footprintSource":"Microsoft Global ML Building Footprints","footprintMethod":"AI detected from imagery; not surveyed","heightMethod":"No supplied height"},"geometry":{"type":"Polygon","coordinates":[[[-100.44909286735036,20.698201131851206],[-100.44909084167939,20.698158561596117],[-100.44897985708307,20.69816317570742],[-100.44898592455978,20.69829088682941],[-100.44905141116573,20.69828816426933],[-100.44904735982377,20.698203023796054],[-100.44909286735036,20.698201131851206]]]},"id":"microsoft-023310003-202072"},{"type":"Feature","properties":{"height":-1,"confidence":-1,"footprintSource":"Microsoft Global ML Building Footprints","footprintMethod":"AI detected from imagery; not surveyed","heightMethod":"No supplied height"},"geometry":{"type":"Polygon","coordinates":[[[-100.44970119934918,20.695412872010934],[-100.44970440590332,20.695322642733174],[-100.44965451989927,20.695321094569707],[-100.44965132008838,20.69541132405763],[-100.44970119934918,20.695412872010934]]]},"id":"microsoft-023310003-202078"},{"type":"Feature","properties":{"height":-1,"confidence":-1,"footprintSource":"Microsoft Global ML Building Footprints","footprintMethod":"AI detected from imagery; not surveyed","heightMethod":"No supplied height"},"geometry":{"type":"Polygon","coordinates":[[[-100.45016980720158,20.703043780727086],[-100.45012847651982,20.703092092707777],[-100.45017098889387,20.70312391643256],[-100.45021231812417,20.70307560615865],[-100.45016980720158,20.703043780727086]]]},"id":"microsoft-023310003-202080"},{"type":"Feature","properties":{"height":-1,"confidence":-1,"footprintSource":"Microsoft Global ML Building Footprints","footprintMethod":"AI detected from imagery; not surveyed","heightMethod":"No supplied height"},"geometry":{"type":"Polygon","coordinates":[[[-100.45111734810895,20.698204174742656],[-100.4511298992726,20.698248755157252],[-100.45118508036519,20.698235160260438],[-100.45117252920157,20.69819057984185],[-100.45111734810895,20.698204174742656]]]},"id":"microsoft-023310003-202087"},{"type":"Feature","properties":{"height":-1,"confidence":-1,"footprintSource":"Microsoft Global ML Building Footprints","footprintMethod":"AI detected from imagery; not surveyed","heightMethod":"No supplied height"},"geometry":{"type":"Polygon","coordinates":[[[-100.45166366019455,20.70031532788927],[-100.45160042311687,20.700128294964614],[-100.45155897202629,20.70014055874273],[-100.45156976860054,20.700172491207013],[-100.45153689114086,20.700182218375858],[-100.45152223569977,20.70013888233322],[-100.4514746522252,20.700152960446033],[-100.45151629615444,20.700276128475494],[-100.45159558526103,20.700252669908693],[-100.45162103944823,20.700327937707826],[-100.45166366019455,20.70031532788927]]]},"id":"microsoft-023310003-202090"},{"type":"Feature","properties":{"height":-1,"confidence":-1,"footprintSource":"Microsoft Global ML Building Footprints","footprintMethod":"AI detected from imagery; not surveyed","heightMethod":"No supplied height"},"geometry":{"type":"Polygon","coordinates":[[[-100.45335352279537,20.69759621753869],[-100.45327493407868,20.697717120335057],[-100.45336785092445,20.697769966942076],[-100.45342023899933,20.697689362612508],[-100.45336453328554,20.697657679882596],[-100.45339072952443,20.69761737894538],[-100.45335352279537,20.69759621753869]]]},"id":"microsoft-023310003-202100"},{"type":"Feature","properties":{"height":-1,"confidence":-1,"footprintSource":"Microsoft Global ML Building Footprints","footprintMethod":"AI detected from imagery; not surveyed","heightMethod":"No supplied height"},"geometry":{"type":"Polygon","coordinates":[[[-100.4537434976503,20.702662266131654],[-100.45373009080309,20.702516584974873],[-100.45357034213376,20.702529449136875],[-100.45358374993639,20.702675140662933],[-100.4537434976503,20.702662266131654]]]},"id":"microsoft-023310003-202101"},{"type":"Feature","properties":{"height":-1,"confidence":-1,"footprintSource":"Microsoft Global ML Building Footprints","footprintMethod":"AI detected from imagery; not surveyed","heightMethod":"No supplied height"},"geometry":{"type":"Polygon","coordinates":[[[-100.45786163365301,20.6954574368592],[-100.45785262531159,20.695483893836382],[-100.4579461009539,20.695511746360182],[-100.45800426252282,20.69534089160733],[-100.45795463122491,20.69532610317293],[-100.45797294952719,20.6952723033189],[-100.4577172533743,20.69519613127565],[-100.45768032483139,20.6953045884257],[-100.45770560265335,20.695312120355922],[-100.45767505555527,20.69540185519925],[-100.45786163365301,20.6954574368592]]]},"id":"microsoft-023310003-202118"},{"type":"Feature","properties":{"height":-1,"confidence":-1,"footprintSource":"Microsoft Global ML Building Footprints","footprintMethod":"AI detected from imagery; not surveyed","heightMethod":"No supplied height"},"geometry":{"type":"Polygon","coordinates":[[[-100.44882483728641,20.698367255669808],[-100.44875000755486,20.69839228568405],[-100.4487967773243,20.698514641045776],[-100.44878838199253,20.698517449222166],[-100.4488084728309,20.698569998963166],[-100.44889170416349,20.698542153256085],[-100.44882483728641,20.698367255669808]]]},"id":"microsoft-023310003-203390"},{"type":"Feature","properties":{"height":-1,"confidence":-1,"footprintSource":"Microsoft Global ML Building Footprints","footprintMethod":"AI detected from imagery; not surveyed","heightMethod":"No supplied height"},"geometry":{"type":"Polygon","coordinates":[[[-100.44991091710042,20.69911182705519],[-100.44992705598074,20.699167986241434],[-100.45006591824378,20.69913306599132],[-100.4500497832821,20.699076905806706],[-100.44991091710042,20.69911182705519]]]},"id":"microsoft-023310003-203398"},{"type":"Feature","properties":{"height":-1,"confidence":-1,"footprintSource":"Microsoft Global ML Building Footprints","footprintMethod":"AI detected from imagery; not surveyed","heightMethod":"No supplied height"},"geometry":{"type":"Polygon","coordinates":[[[-100.45313314283761,20.695184292413288],[-100.45312380164775,20.695444949389795],[-100.45318274400071,20.695446797902306],[-100.45319208519055,20.695186140928953],[-100.45313314283761,20.695184292413288]]]},"id":"microsoft-023310003-203419"},{"type":"Feature","properties":{"height":-1,"confidence":-1,"footprintSource":"Microsoft Global ML Building Footprints","footprintMethod":"AI detected from imagery; not surveyed","heightMethod":"No supplied height"},"geometry":{"type":"Polygon","coordinates":[[[-100.45540937713294,20.7043740907295],[-100.45530508980957,20.70442385678696],[-100.45533391453081,20.704476710276694],[-100.4554382048089,20.704426949654362],[-100.45540937713294,20.7043740907295]]]},"id":"microsoft-023310003-203436"},{"type":"Feature","properties":{"height":-1,"confidence":-1,"footprintSource":"Microsoft Global ML Building Footprints","footprintMethod":"AI detected from imagery; not surveyed","heightMethod":"No supplied height"},"geometry":{"type":"Polygon","coordinates":[[[-100.4566389076453,20.716558905442255],[-100.45653870967833,20.7165165126479],[-100.45646518519682,20.716668546226884],[-100.4565653831638,20.716710938978693],[-100.4566389076453,20.716558905442255]]]},"id":"microsoft-023310003-203448"},{"type":"Feature","properties":{"height":-1,"confidence":-1,"footprintSource":"Microsoft Global ML Building Footprints","footprintMethod":"AI detected from imagery; not surveyed","heightMethod":"No supplied height"},"geometry":{"type":"Polygon","coordinates":[[[-100.45775458410614,20.703671182026298],[-100.45772853067767,20.703680051626876],[-100.45774577055195,20.70372436240693],[-100.45777182398041,20.703715492808954],[-100.45775458410614,20.703671182026298]]]},"id":"microsoft-023310003-203455"},{"type":"Feature","properties":{"height":-1,"confidence":-1,"footprintSource":"Microsoft Global ML Building Footprints","footprintMethod":"AI detected from imagery; not surveyed","heightMethod":"No supplied height"},"geometry":{"type":"Polygon","coordinates":[[[-100.43312701812319,20.694796166132022],[-100.43308389173012,20.694816998710508],[-100.43315059306786,20.694937835676626],[-100.43319372659812,20.694916999667015],[-100.43312701812319,20.694796166132022]]]},"id":"microsoft-023310003-204707"},{"type":"Feature","properties":{"height":-1,"confidence":-1,"footprintSource":"Microsoft Global ML Building Footprints","footprintMethod":"AI detected from imagery; not surveyed","heightMethod":"No supplied height"},"geometry":{"type":"Polygon","coordinates":[[[-100.4361752324105,20.699526787611987],[-100.43617415426024,20.699492640222857],[-100.43612724866298,20.699493939233946],[-100.43612832926877,20.699528083483983],[-100.4361752324105,20.699526787611987]]]},"id":"microsoft-023310003-204715"},{"type":"Feature","properties":{"height":-1,"confidence":-1,"footprintSource":"Microsoft Global ML Building Footprints","footprintMethod":"AI detected from imagery; not surveyed","heightMethod":"No supplied height"},"geometry":{"type":"Polygon","coordinates":[[[-100.44845388642231,20.698892381084036],[-100.4483494039428,20.698927555349016],[-100.44838957689376,20.699031957484536],[-100.44849405937327,20.698996783243743],[-100.44845388642231,20.698892381084036]]]},"id":"microsoft-023310003-204778"},{"type":"Feature","properties":{"height":-1,"confidence":-1,"footprintSource":"Microsoft Global ML Building Footprints","footprintMethod":"AI detected from imagery; not surveyed","heightMethod":"No supplied height"},"geometry":{"type":"Polygon","coordinates":[[[-100.44850857849634,20.69768531711682],[-100.44847750858551,20.69757875431459],[-100.44842258573011,20.69759276749764],[-100.44845365661673,20.697699333636876],[-100.44850857849634,20.69768531711682]]]},"id":"microsoft-023310003-204779"},{"type":"Feature","properties":{"height":-1,"confidence":-1,"footprintSource":"Microsoft Global ML Building Footprints","footprintMethod":"AI detected from imagery; not surveyed","heightMethod":"No supplied height"},"geometry":{"type":"Polygon","coordinates":[[[-100.45325771509073,20.717826460047604],[-100.45314414540742,20.71783144866518],[-100.45315085849504,20.717965350174765],[-100.45326443854833,20.717960368541384],[-100.45325771509073,20.717826460047604]]]},"id":"microsoft-023310003-204805"},{"type":"Feature","properties":{"height":-1,"confidence":-1,"footprintSource":"Microsoft Global ML Building Footprints","footprintMethod":"AI detected from imagery; not surveyed","heightMethod":"No supplied height"},"geometry":{"type":"Polygon","coordinates":[[[-100.45410746928577,20.700453458653257],[-100.454143709814,20.70045243365449],[-100.45414018668744,20.700343432121116],[-100.45410395423075,20.70034445452015],[-100.45410746928577,20.700453458653257]]]},"id":"microsoft-023310003-204810"},{"type":"Feature","properties":{"height":-1,"confidence":-1,"footprintSource":"Microsoft Global ML Building Footprints","footprintMethod":"AI detected from imagery; not surveyed","heightMethod":"No supplied height"},"geometry":{"type":"Polygon","coordinates":[[[-100.45429562449199,20.698623849280835],[-100.45430728274337,20.698659335776824],[-100.45440776331563,20.698630449219607],[-100.45439610703903,20.698594968727832],[-100.45429562449199,20.698623849280835]]]},"id":"microsoft-023310003-204813"},{"type":"Feature","properties":{"height":-1,"confidence":-1,"footprintSource":"Microsoft Global ML Building Footprints","footprintMethod":"AI detected from imagery; not surveyed","heightMethod":"No supplied height"},"geometry":{"type":"Polygon","coordinates":[[[-100.45563935054311,20.718099245477603],[-100.45557796342558,20.71813435171765],[-100.45563526147102,20.718222004224415],[-100.45569665336251,20.7181868952745],[-100.45563935054311,20.718099245477603]]]},"id":"microsoft-023310003-204821"},{"type":"Feature","properties":{"height":-1,"confidence":-1,"footprintSource":"Microsoft Global ML Building Footprints","footprintMethod":"AI detected from imagery; not surveyed","heightMethod":"No supplied height"},"geometry":{"type":"Polygon","coordinates":[[[-100.44860185295333,20.702052633509524],[-100.44846056787581,20.702068469328154],[-100.44847661877319,20.702193704149423],[-100.44865906869504,20.702173242475624],[-100.4486495582297,20.702099038438305],[-100.44860838845328,20.702103655612063],[-100.44860185295333,20.702052633509524]]]},"id":"microsoft-023310003-206159"},{"type":"Feature","properties":{"height":-1,"confidence":-1,"footprintSource":"Microsoft Global ML Building Footprints","footprintMethod":"AI detected from imagery; not surveyed","heightMethod":"No supplied height"},"geometry":{"type":"Polygon","coordinates":[[[-100.4489742347159,20.699559310672086],[-100.4489529925363,20.699401228285993],[-100.44886585642953,20.699411474243504],[-100.44887647751935,20.699490515451814],[-100.44883422971002,20.69949548318594],[-100.4488448507998,20.699574524350467],[-100.4489742347159,20.699559310672086]]]},"id":"microsoft-023310003-206166"},{"type":"Feature","properties":{"height":-1,"confidence":-1,"footprintSource":"Microsoft Global ML Building Footprints","footprintMethod":"AI detected from imagery; not surveyed","heightMethod":"No supplied height"},"geometry":{"type":"Polygon","coordinates":[[[-100.45059527022399,20.70203287787173],[-100.45066543029219,20.702015459847132],[-100.45067939552413,20.70206468229759],[-100.45074704987563,20.702047886348836],[-100.4506871988816,20.70183693285381],[-100.45054938446188,20.701871146869138],[-100.45059527022399,20.70203287787173]]]},"id":"microsoft-023310003-206175"},{"type":"Feature","properties":{"height":-1,"confidence":-1,"footprintSource":"Microsoft Global ML Building Footprints","footprintMethod":"AI detected from imagery; not surveyed","heightMethod":"No supplied height"},"geometry":{"type":"Polygon","coordinates":[[[-100.45071910672831,20.69940963643232],[-100.45069793802075,20.699353951695826],[-100.45073365443412,20.699342070360046],[-100.4507040182435,20.69926411168848],[-100.45057305806115,20.699307676604164],[-100.45059507351706,20.69936558874737],[-100.45063317102465,20.699352915323473],[-100.45066196046696,20.699428646560634],[-100.45071910672831,20.69940963643232]]]},"id":"microsoft-023310003-206176"},{"type":"Feature","properties":{"height":-1,"confidence":-1,"footprintSource":"Microsoft Global ML Building Footprints","footprintMethod":"AI detected from imagery; not surveyed","heightMethod":"No supplied height"},"geometry":{"type":"Polygon","coordinates":[[[-100.45086111501445,20.698178593826782],[-100.45084263917924,20.698076127386244],[-100.45079308699655,20.6980839460349],[-100.45081156283173,20.69818641247015],[-100.45086111501445,20.698178593826782]]]},"id":"microsoft-023310003-206178"},{"type":"Feature","properties":{"height":-1,"confidence":-1,"footprintSource":"Microsoft Global ML Building Footprints","footprintMethod":"AI detected from imagery; not surveyed","heightMethod":"No supplied height"},"geometry":{"type":"Polygon","coordinates":[[[-100.45201364098303,20.716926946545883],[-100.45202198816803,20.71696550612603],[-100.45208640258402,20.71695330698431],[-100.452078055399,20.716914747401063],[-100.45201364098303,20.716926946545883]]]},"id":"microsoft-023310003-206188"},{"type":"Feature","properties":{"height":-1,"confidence":-1,"footprintSource":"Microsoft Global ML Building Footprints","footprintMethod":"AI detected from imagery; not surveyed","heightMethod":"No supplied height"},"geometry":{"type":"Polygon","coordinates":[[[-100.45266370812269,20.716255562298713],[-100.45268307628338,20.716301028618403],[-100.45272242660299,20.71628636338005],[-100.45270305844231,20.716240897055954],[-100.45266370812269,20.716255562298713]]]},"id":"microsoft-023310003-206195"},{"type":"Feature","properties":{"height":-1,"confidence":-1,"footprintSource":"Microsoft Global ML Building Footprints","footprintMethod":"AI detected from imagery; not surveyed","heightMethod":"No supplied height"},"geometry":{"type":"Polygon","coordinates":[[[-100.45287811508338,20.69845237641266],[-100.45276005217569,20.698481131002225],[-100.45277671286212,20.69854100802891],[-100.45289477778415,20.698512260689967],[-100.45287811508338,20.69845237641266]]]},"id":"microsoft-023310003-206197"},{"type":"Feature","properties":{"height":-1,"confidence":-1,"footprintSource":"Microsoft Global ML Building Footprints","footprintMethod":"AI detected from imagery; not surveyed","heightMethod":"No supplied height"},"geometry":{"type":"Polygon","coordinates":[[[-100.45538410476529,20.717460003948162],[-100.4554019008876,20.717497838637243],[-100.45545487892063,20.717476038136752],[-100.45543708517033,20.717438202466184],[-100.45538410476529,20.717460003948162]]]},"id":"microsoft-023310003-206219"},{"type":"Feature","properties":{"height":-1,"confidence":-1,"footprintSource":"Microsoft Global ML Building Footprints","footprintMethod":"AI detected from imagery; not surveyed","heightMethod":"No supplied height"},"geometry":{"type":"Polygon","coordinates":[[[-100.45549597135897,20.719360300837607],[-100.45553338623125,20.719398425823087],[-100.45559237716307,20.719347783772164],[-100.4555549638392,20.719309657444683],[-100.45549597135897,20.719360300837607]]]},"id":"microsoft-023310003-206221"},{"type":"Feature","properties":{"height":-1,"confidence":-1,"footprintSource":"Microsoft Global ML Building Footprints","footprintMethod":"AI detected from imagery; not surveyed","heightMethod":"No supplied height"},"geometry":{"type":"Polygon","coordinates":[[[-100.45637079129963,20.70915692654569],[-100.45635649734618,20.70920049234833],[-100.45650974831156,20.70924448627858],[-100.45652479771424,20.70919862845213],[-100.45642547272729,20.709170115107142],[-100.45642472041393,20.709172408044225],[-100.45637079129963,20.70915692654569]]]},"id":"microsoft-023310003-206225"},{"type":"Feature","properties":{"height":-1,"confidence":-1,"footprintSource":"Microsoft Global ML Building Footprints","footprintMethod":"AI detected from imagery; not surveyed","heightMethod":"No supplied height"},"geometry":{"type":"Polygon","coordinates":[[[-100.43662354969894,20.71110829472734],[-100.43664392099811,20.711154754648504],[-100.43673576094251,20.711119522130204],[-100.43671538738673,20.71107305705172],[-100.43662354969894,20.71110829472734]]]},"id":"microsoft-023310003-207496"},{"type":"Feature","properties":{"height":-1,"confidence":-1,"footprintSource":"Microsoft Global ML Building Footprints","footprintMethod":"AI detected from imagery; not surveyed","heightMethod":"No supplied height"},"geometry":{"type":"Polygon","coordinates":[[[-100.44888869213584,20.696704002972282],[-100.44878818471987,20.69673108141687],[-100.44885141404424,20.696936406256697],[-100.44895190540453,20.696909325595087],[-100.44888869213584,20.696704002972282]]]},"id":"microsoft-023310003-207547"},{"type":"Feature","properties":{"height":-1,"confidence":-1,"footprintSource":"Microsoft Global ML Building Footprints","footprintMethod":"AI detected from imagery; not surveyed","heightMethod":"No supplied height"},"geometry":{"type":"Polygon","coordinates":[[[-100.45236844493765,20.69871270835172],[-100.45242345528405,20.69897614555218],[-100.45250230186443,20.698961737939726],[-100.45246295024853,20.698773220791892],[-100.45249001870911,20.698768274573567],[-100.45247437356471,20.698693352010878],[-100.45236844493765,20.69871270835172]]]},"id":"microsoft-023310003-207567"},{"type":"Feature","properties":{"height":-1,"confidence":-1,"footprintSource":"Microsoft Global ML Building Footprints","footprintMethod":"AI detected from imagery; not surveyed","heightMethod":"No supplied height"},"geometry":{"type":"Polygon","coordinates":[[[-100.45295429387176,20.695798879672537],[-100.45293537292312,20.695853348173856],[-100.45297757655904,20.695866174823365],[-100.45299649382159,20.69581170520634],[-100.45295429387176,20.695798879672537]]]},"id":"microsoft-023310003-207572"},{"type":"Feature","properties":{"height":-1,"confidence":-1,"footprintSource":"Microsoft Global ML Building Footprints","footprintMethod":"AI detected from imagery; not surveyed","heightMethod":"No supplied height"},"geometry":{"type":"Polygon","coordinates":[[[-100.4529715000949,20.69577695847093],[-100.453017196744,20.695791469042945],[-100.45303842304895,20.695732971982025],[-100.45299272639983,20.695718461404383],[-100.4529715000949,20.69577695847093]]]},"id":"microsoft-023310003-207573"},{"type":"Feature","properties":{"height":-1,"confidence":-1,"footprintSource":"Microsoft Global ML Building Footprints","footprintMethod":"AI detected from imagery; not surveyed","heightMethod":"No supplied height"},"geometry":{"type":"Polygon","coordinates":[[[-100.45334849231472,20.718913607708174],[-100.45334987080608,20.718793201788287],[-100.45329355087482,20.718792637701313],[-100.45329286162914,20.718852840673463],[-100.45324190550086,20.718852330309247],[-100.45324121625518,20.718912533257665],[-100.45334849231472,20.718913607708174]]]},"id":"microsoft-023310003-207578"},{"type":"Feature","properties":{"height":-1,"confidence":-1,"footprintSource":"Microsoft Global ML Building Footprints","footprintMethod":"AI detected from imagery; not surveyed","heightMethod":"No supplied height"},"geometry":{"type":"Polygon","coordinates":[[[-100.45361520253685,20.704609242764604],[-100.45374967597276,20.704562697120778],[-100.45369991666034,20.704436908481313],[-100.45351590037961,20.704500602569468],[-100.45358224612949,20.704668320661767],[-100.4536317889743,20.704651172275035],[-100.45361520253685,20.704609242764604]]]},"id":"microsoft-023310003-207579"},{"type":"Feature","properties":{"height":-1,"confidence":-1,"footprintSource":"Microsoft Global ML Building Footprints","footprintMethod":"AI detected from imagery; not surveyed","heightMethod":"No supplied height"},"geometry":{"type":"Polygon","coordinates":[[[-100.4546025875618,20.700544249517492],[-100.45468987083746,20.700645017496797],[-100.4547797795039,20.700576871208526],[-100.45473648262151,20.700526889540072],[-100.45475829971456,20.700510353260782],[-100.4547143072392,20.70045956419473],[-100.4546025875618,20.700544249517492]]]},"id":"microsoft-023310003-207581"},{"type":"Feature","properties":{"height":-1,"confidence":-1,"footprintSource":"Microsoft Global ML Building Footprints","footprintMethod":"AI detected from imagery; not surveyed","heightMethod":"No supplied height"},"geometry":{"type":"Polygon","coordinates":[[[-100.43608926241448,20.69852366678282],[-100.43603791151467,20.698529926840294],[-100.43606195822971,20.69870263091981],[-100.43611332183514,20.698696369320558],[-100.43608926241448,20.69852366678282]]]},"id":"microsoft-023310003-208871"},{"type":"Feature","properties":{"height":-1,"confidence":-1,"footprintSource":"Microsoft Global ML Building Footprints","footprintMethod":"AI detected from imagery; not surveyed","heightMethod":"No supplied height"},"geometry":{"type":"Polygon","coordinates":[[[-100.44937815171987,20.698893383216387],[-100.44924862143039,20.69893121467109],[-100.44931195505455,20.699120970076592],[-100.44944148534402,20.699083138669224],[-100.44937815171987,20.698893383216387]]]},"id":"microsoft-023310003-208921"},{"type":"Feature","properties":{"height":-1,"confidence":-1,"footprintSource":"Microsoft Global ML Building Footprints","footprintMethod":"AI detected from imagery; not surveyed","heightMethod":"No supplied height"},"geometry":{"type":"Polygon","coordinates":[[[-100.45007705629973,20.699212289980565],[-100.45005759305197,20.699141714866727],[-100.44996454401311,20.699164170019557],[-100.44998400726088,20.69923474512295],[-100.45007705629973,20.699212289980565]]]},"id":"microsoft-023310003-208924"},{"type":"Feature","properties":{"height":-1,"confidence":-1,"footprintSource":"Microsoft Global ML Building Footprints","footprintMethod":"AI detected from imagery; not surveyed","heightMethod":"No supplied height"},"geometry":{"type":"Polygon","coordinates":[[[-100.4517933673715,20.702039249555483],[-100.45174336758599,20.70189091000215],[-100.45164090136458,20.701921131530526],[-100.45169090115009,20.702069471054273],[-100.4517933673715,20.702039249555483]]]},"id":"microsoft-023310003-208934"},{"type":"Feature","properties":{"height":-1,"confidence":-1,"footprintSource":"Microsoft Global ML Building Footprints","footprintMethod":"AI detected from imagery; not surveyed","heightMethod":"No supplied height"},"geometry":{"type":"Polygon","coordinates":[[[-100.45459169731403,20.6999532473411],[-100.45453676106611,20.699951344681196],[-100.45453144273866,20.70008546309289],[-100.45458638886522,20.700087369690607],[-100.45459169731403,20.6999532473411]]]},"id":"microsoft-023310003-208949"},{"type":"Feature","properties":{"height":-1,"confidence":-1,"footprintSource":"Microsoft Global ML Building Footprints","footprintMethod":"AI detected from imagery; not surveyed","heightMethod":"No supplied height"},"geometry":{"type":"Polygon","coordinates":[[[-100.43651581642278,20.700100247032566],[-100.43652306241064,20.700144368706106],[-100.43670386768896,20.700118385566938],[-100.436688021072,20.700021893616736],[-100.43661854908476,20.70003187274567],[-100.43662714661527,20.700084248005],[-100.43651581642278,20.700100247032566]]]},"id":"microsoft-023310003-210247"},{"type":"Feature","properties":{"height":-1,"confidence":-1,"footprintSource":"Microsoft Global ML Building Footprints","footprintMethod":"AI detected from imagery; not surveyed","heightMethod":"No supplied height"},"geometry":{"type":"Polygon","coordinates":[[[-100.45108572914458,20.69621966672122],[-100.45104667739453,20.696105949024627],[-100.45099903205652,20.696120270415676],[-100.45103809151838,20.696233985783508],[-100.45108572914458,20.69621966672122]]]},"id":"microsoft-023310003-210343"},{"type":"Feature","properties":{"height":-1,"confidence":-1,"footprintSource":"Microsoft Global ML Building Footprints","footprintMethod":"AI detected from imagery; not surveyed","heightMethod":"No supplied height"},"geometry":{"type":"Polygon","coordinates":[[[-100.45248601008419,20.70191585352005],[-100.45250869096688,20.701892368832247],[-100.45243042023667,20.701826218348074],[-100.45233765529225,20.701922270879052],[-100.45250897077909,20.70206704676609],[-100.4525790488767,20.70199448517789],[-100.45248601008419,20.70191585352005]]]},"id":"microsoft-023310003-210358"},{"type":"Feature","properties":{"height":-1,"confidence":-1,"footprintSource":"Microsoft Global ML Building Footprints","footprintMethod":"AI detected from imagery; not surveyed","heightMethod":"No supplied height"},"geometry":{"type":"Polygon","coordinates":[[[-100.45336706546392,20.71932697722744],[-100.45339446461986,20.719354756613896],[-100.45343648626351,20.719318497903814],[-100.45340908564185,20.71929071702465],[-100.45336706546392,20.71932697722744]]]},"id":"microsoft-023310003-210361"},{"type":"Feature","properties":{"height":-1,"confidence":-1,"footprintSource":"Microsoft Global ML Building Footprints","footprintMethod":"AI detected from imagery; not surveyed","heightMethod":"No supplied height"},"geometry":{"type":"Polygon","coordinates":[[[-100.45372037747018,20.69803423715878],[-100.45367285413835,20.69798713390834],[-100.4536438348399,20.69801275264726],[-100.45369135732155,20.69805985854029],[-100.45372037747018,20.69803423715878]]]},"id":"microsoft-023310003-210363"},{"type":"Feature","properties":{"height":-1,"confidence":-1,"footprintSource":"Microsoft Global ML Building Footprints","footprintMethod":"AI detected from imagery; not surveyed","heightMethod":"No supplied height"},"geometry":{"type":"Polygon","coordinates":[[[-100.45040814726597,20.696655399507904],[-100.45050993741893,20.696658851672296],[-100.45051226814766,20.69659871202522],[-100.45041047799471,20.69659525985948],[-100.45040814726597,20.696655399507904]]]},"id":"microsoft-023310003-211717"},{"type":"Feature","properties":{"height":-1,"confidence":-1,"footprintSource":"Microsoft Global ML Building Footprints","footprintMethod":"AI detected from imagery; not surveyed","heightMethod":"No supplied height"},"geometry":{"type":"Polygon","coordinates":[[[-100.45263942815563,20.71261485097878],[-100.45265724044899,20.7126494868847],[-100.45269426970071,20.712632825870756],[-100.45267645740738,20.712598189961042],[-100.45263942815563,20.71261485097878]]]},"id":"microsoft-023310003-211730"},{"type":"Feature","properties":{"height":-1,"confidence":-1,"footprintSource":"Microsoft Global ML Building Footprints","footprintMethod":"AI detected from imagery; not surveyed","heightMethod":"No supplied height"},"geometry":{"type":"Polygon","coordinates":[[[-100.45440368934757,20.701240805905698],[-100.4544934196129,20.70124052392265],[-100.45449303140275,20.7011301275235],[-100.45440329287771,20.70113040953271],[-100.45440368934757,20.701240805905698]]]},"id":"microsoft-023310003-211744"},{"type":"Feature","properties":{"height":-1,"confidence":-1,"footprintSource":"Microsoft Global ML Building Footprints","footprintMethod":"AI detected from imagery; not surveyed","heightMethod":"No supplied height"},"geometry":{"type":"Polygon","coordinates":[[[-100.45745814663091,20.697336256898083],[-100.45740243751709,20.697330771248147],[-100.457384286678,20.697492075395445],[-100.4574399957918,20.697497561039526],[-100.45745814663091,20.697336256898083]]]},"id":"microsoft-023310003-211764"},{"type":"Feature","properties":{"height":-1,"confidence":-1,"footprintSource":"Microsoft Global ML Building Footprints","footprintMethod":"AI detected from imagery; not surveyed","heightMethod":"No supplied height"},"geometry":{"type":"Polygon","coordinates":[[[-100.44890619390979,20.700489546441432],[-100.44889628687282,20.700446372875945],[-100.44884756964758,20.70045615518532],[-100.44885747668457,20.700499328748023],[-100.44890619390979,20.700489546441432]]]},"id":"microsoft-023310003-213038"},{"type":"Feature","properties":{"height":-1,"confidence":-1,"footprintSource":"Microsoft Global ML Building Footprints","footprintMethod":"AI detected from imagery; not surveyed","heightMethod":"No supplied height"},"geometry":{"type":"Polygon","coordinates":[[[-100.44963876349155,20.69977052053079],[-100.44963025681113,20.69964204898848],[-100.44950467479222,20.699649325414427],[-100.4495131809303,20.699777788759988],[-100.44963876349155,20.69977052053079]]]},"id":"microsoft-023310003-213040"},{"type":"Feature","properties":{"height":-1,"confidence":-1,"footprintSource":"Microsoft Global ML Building Footprints","footprintMethod":"AI detected from imagery; not surveyed","heightMethod":"No supplied height"},"geometry":{"type":"Polygon","coordinates":[[[-100.44982459470391,20.699230176237933],[-100.4498351470983,20.699286144503517],[-100.44988589627256,20.699277774886795],[-100.44987534793935,20.69922180594834],[-100.44982459470391,20.699230176237933]]]},"id":"microsoft-023310003-213041"},{"type":"Feature","properties":{"height":-1,"confidence":-1,"footprintSource":"Microsoft Global ML Building Footprints","footprintMethod":"AI detected from imagery; not surveyed","heightMethod":"No supplied height"},"geometry":{"type":"Polygon","coordinates":[[[-100.45006619807458,20.704278277185168],[-100.45000204939168,20.70434351556723],[-100.45010230428421,20.704429773856276],[-100.45019640776437,20.7043340718771],[-100.45012375675798,20.704271568412537],[-100.45009380449424,20.704302029482776],[-100.45006619807458,20.704278277185168]]]},"id":"microsoft-023310003-213043"},{"type":"Feature","properties":{"height":-1,"confidence":-1,"footprintSource":"Microsoft Global ML Building Footprints","footprintMethod":"AI detected from imagery; not surveyed","heightMethod":"No supplied height"},"geometry":{"type":"Polygon","coordinates":[[[-100.45123811513876,20.700137988419854],[-100.45117642729306,20.700138388254828],[-100.45117686513562,20.700197499698746],[-100.45123855295144,20.700197095825416],[-100.45123811513876,20.700137988419854]]]},"id":"microsoft-023310003-213052"},{"type":"Feature","properties":{"height":-1,"confidence":-1,"footprintSource":"Microsoft Global ML Building Footprints","footprintMethod":"AI detected from imagery; not surveyed","heightMethod":"No supplied height"},"geometry":{"type":"Polygon","coordinates":[[[-100.45174574751638,20.700057811971803],[-100.4516747428705,20.700067188430637],[-100.45167734156662,20.700084408648152],[-100.45161422632584,20.700092743276798],[-100.45162408233391,20.70015805393234],[-100.45164647613343,20.700155095273672],[-100.45166447225857,20.700274287100825],[-100.45176829998012,20.700260576236857],[-100.45175291026362,20.700158596621222],[-100.45176079959231,20.700157554286676],[-100.45174574751638,20.700057811971803]]]},"id":"microsoft-023310003-213055"},{"type":"Feature","properties":{"height":-1,"confidence":-1,"footprintSource":"Microsoft Global ML Building Footprints","footprintMethod":"AI detected from imagery; not surveyed","heightMethod":"No supplied height"},"geometry":{"type":"Polygon","coordinates":[[[-100.45204110935916,20.69750614735726],[-100.45210240083834,20.69761163436108],[-100.45202579162401,20.697650586521107],[-100.45205280111941,20.697697071752444],[-100.45227848772382,20.69758232080102],[-100.45219018237158,20.697430340943725],[-100.45204110935916,20.69750614735726]]]},"id":"microsoft-023310003-213057"},{"type":"Feature","properties":{"height":-1,"confidence":-1,"footprintSource":"Microsoft Global ML Building Footprints","footprintMethod":"AI detected from imagery; not surveyed","heightMethod":"No supplied height"},"geometry":{"type":"Polygon","coordinates":[[[-100.45218858713604,20.698971024681924],[-100.45217354224067,20.698898482895586],[-100.4520934099005,20.69891302578],[-100.45210845479588,20.698985567559376],[-100.45218858713604,20.698971024681924]]]},"id":"microsoft-023310003-213058"},{"type":"Feature","properties":{"height":-1,"confidence":-1,"footprintSource":"Microsoft Global ML Building Footprints","footprintMethod":"AI detected from imagery; not surveyed","heightMethod":"No supplied height"},"geometry":{"type":"Polygon","coordinates":[[[-100.45220534894972,20.697626370658355],[-100.45224057491716,20.697663648913206],[-100.45227370008267,20.697636257495915],[-100.45223847296482,20.6975989780169],[-100.45220534894972,20.697626370658355]]]},"id":"microsoft-023310003-213059"},{"type":"Feature","properties":{"height":-1,"confidence":-1,"footprintSource":"Microsoft Global ML Building Footprints","footprintMethod":"AI detected from imagery; not surveyed","heightMethod":"No supplied height"},"geometry":{"type":"Polygon","coordinates":[[[-100.43575958531106,20.698374657408138],[-100.43582100473697,20.698421315502785],[-100.43589450840868,20.69833664490345],[-100.43583308898278,20.698289986782754],[-100.43575958531106,20.698374657408138]]]},"id":"microsoft-023310003-214338"},{"type":"Feature","properties":{"height":-1,"confidence":-1,"footprintSource":"Microsoft Global ML Building Footprints","footprintMethod":"AI detected from imagery; not surveyed","heightMethod":"No supplied height"},"geometry":{"type":"Polygon","coordinates":[[[-100.45088762267966,20.69883057845837],[-100.45091387481462,20.698924521904388],[-100.45094269942655,20.698917473293577],[-100.45096501933342,20.698997323813174],[-100.45101272078952,20.69898565916894],[-100.45101994193587,20.699011493153577],[-100.45106764339197,20.698999828510424],[-100.45101184362477,20.698800202135885],[-100.45088762267966,20.69883057845837]]]},"id":"microsoft-023310003-214393"},{"type":"Feature","properties":{"height":-1,"confidence":-1,"footprintSource":"Microsoft Global ML Building Footprints","footprintMethod":"AI detected from imagery; not surveyed","heightMethod":"No supplied height"},"geometry":{"type":"Polygon","coordinates":[[[-100.45353093930663,20.702708677850225],[-100.45351872428532,20.702603281771474],[-100.45346305264412,20.702608931201397],[-100.45347526724794,20.70271432367376],[-100.45353093930663,20.702708677850225]]]},"id":"microsoft-023310003-214411"},{"type":"Feature","properties":{"height":-1,"confidence":-1,"footprintSource":"Microsoft Global ML Building Footprints","footprintMethod":"AI detected from imagery; not surveyed","heightMethod":"No supplied height"},"geometry":{"type":"Polygon","coordinates":[[[-100.45367366060587,20.697688761037583],[-100.45364662743754,20.697736982126813],[-100.45376232517867,20.697793748524475],[-100.4537402615735,20.697833105005188],[-100.4537940053988,20.697859474074306],[-100.45383097558704,20.697793536426957],[-100.45377301903372,20.697765104191348],[-100.4537851543659,20.697743457495392],[-100.45367366060587,20.697688761037583]]]},"id":"microsoft-023310003-214412"},{"type":"Feature","properties":{"height":-1,"confidence":-1,"footprintSource":"Microsoft Global ML Building Footprints","footprintMethod":"AI detected from imagery; not surveyed","heightMethod":"No supplied height"},"geometry":{"type":"Polygon","coordinates":[[[-100.45421947577886,20.701771073313537],[-100.45411373053764,20.701783022625534],[-100.45410127579387,20.701686577943235],[-100.45406955222153,20.701690162738913],[-100.45408360372733,20.701798972117075],[-100.45410210914451,20.70179688098777],[-100.45411775741236,20.70191805497774],[-100.4542367208087,20.701904612013678],[-100.45421947577886,20.701771073313537]]]},"id":"microsoft-023310003-214415"},{"type":"Feature","properties":{"height":-1,"confidence":-1,"footprintSource":"Microsoft Global ML Building Footprints","footprintMethod":"AI detected from imagery; not surveyed","heightMethod":"No supplied height"},"geometry":{"type":"Polygon","coordinates":[[[-100.45699303691352,20.703844683170317],[-100.45693541755325,20.7038664944849],[-100.4570202919033,20.704062684213895],[-100.45707791126357,20.704040872927536],[-100.45699303691352,20.703844683170317]]]},"id":"microsoft-023310003-214429"},{"type":"Feature","properties":{"height":-1,"confidence":-1,"footprintSource":"Microsoft Global ML Building Footprints","footprintMethod":"AI detected from imagery; not surveyed","heightMethod":"No supplied height"},"geometry":{"type":"Polygon","coordinates":[[[-100.45207634132119,20.71684043367908],[-100.45198553590585,20.716845997660883],[-100.45198886013414,20.716893460739158],[-100.45207966554946,20.71688789675909],[-100.45207634132119,20.71684043367908]]]},"id":"microsoft-023310003-215763"},{"type":"Feature","properties":{"height":-1,"confidence":-1,"footprintSource":"Microsoft Global ML Building Footprints","footprintMethod":"AI detected from imagery; not surveyed","heightMethod":"No supplied height"},"geometry":{"type":"Polygon","coordinates":[[[-100.45221036878851,20.70056400464047],[-100.45213676629957,20.70057735748398],[-100.45215280881845,20.700654736556203],[-100.45222640572777,20.700641384731796],[-100.45221036878851,20.70056400464047]]]},"id":"microsoft-023310003-215766"},{"type":"Feature","properties":{"height":-1,"confidence":-1,"footprintSource":"Microsoft Global ML Building Footprints","footprintMethod":"AI detected from imagery; not surveyed","heightMethod":"No supplied height"},"geometry":{"type":"Polygon","coordinates":[[[-100.45451642946199,20.702033434385257],[-100.45460197445641,20.702012868952806],[-100.45457029023814,20.70189754381748],[-100.45448474524373,20.701918109265563],[-100.45451642946199,20.702033434385257]]]},"id":"microsoft-023310003-215772"},{"type":"Feature","properties":{"height":-1,"confidence":-1,"footprintSource":"Microsoft Global ML Building Footprints","footprintMethod":"AI detected from imagery; not surveyed","heightMethod":"No supplied height"},"geometry":{"type":"Polygon","coordinates":[[[-100.45734504227471,20.71673739297647],[-100.4573852248146,20.71673872663223],[-100.45738741111826,20.716681097260093],[-100.45734722857837,20.716679763603835],[-100.45734504227471,20.71673739297647]]]},"id":"microsoft-023310003-215791"},{"type":"Feature","properties":{"height":-1,"confidence":-1,"footprintSource":"Microsoft Global ML Building Footprints","footprintMethod":"AI detected from imagery; not surveyed","heightMethod":"No supplied height"},"geometry":{"type":"Polygon","coordinates":[[[-100.43624895135943,20.708528255770858],[-100.43630679511416,20.70892736438458],[-100.4365016965336,20.708902649109476],[-100.43644385277885,20.70850354043067],[-100.43624895135943,20.708528255770858]]]},"id":"microsoft-023310003-217107"},{"type":"Feature","properties":{"height":-1,"confidence":-1,"footprintSource":"Microsoft Global ML Building Footprints","footprintMethod":"AI detected from imagery; not surveyed","heightMethod":"No supplied height"},"geometry":{"type":"Polygon","coordinates":[[[-100.4450465798222,20.698471259873884],[-100.44505274083167,20.69851567549182],[-100.44510022114602,20.6985099121558],[-100.4450940601366,20.69846549653616],[-100.4450465798222,20.698471259873884]]]},"id":"microsoft-023310003-217138"},{"type":"Feature","properties":{"height":-1,"confidence":-1,"footprintSource":"Microsoft Global ML Building Footprints","footprintMethod":"AI detected from imagery; not surveyed","heightMethod":"No supplied height"},"geometry":{"type":"Polygon","coordinates":[[[-100.44818687849961,20.697793846509413],[-100.44815511267754,20.697650360053956],[-100.44811138972896,20.697658827661],[-100.44814315615871,20.69780231685334],[-100.44818687849961,20.697793846509413]]]},"id":"microsoft-023310003-217152"},{"type":"Feature","properties":{"height":-1,"confidence":-1,"footprintSource":"Microsoft Global ML Building Footprints","footprintMethod":"AI detected from imagery; not surveyed","heightMethod":"No supplied height"},"geometry":{"type":"Polygon","coordinates":[[[-100.4484711336968,20.697228100390248],[-100.44845553759205,20.69718259602037],[-100.44837770754812,20.697205939305192],[-100.44839330365286,20.69725144366805],[-100.4484711336968,20.697228100390248]]]},"id":"microsoft-023310003-217153"},{"type":"Feature","properties":{"height":-1,"confidence":-1,"footprintSource":"Microsoft Global ML Building Footprints","footprintMethod":"AI detected from imagery; not surveyed","heightMethod":"No supplied height"},"geometry":{"type":"Polygon","coordinates":[[[-100.45189413411023,20.701896286549314],[-100.45185692892785,20.701904066543506],[-100.45184577215376,20.70185736582269],[-100.4518088914264,20.701865075557336],[-100.4518168863233,20.701898530617513],[-100.45179134041427,20.70190387086275],[-100.45181875148934,20.702018573866084],[-100.45191838053462,20.701997746924363],[-100.45189413411023,20.701896286549314]]]},"id":"microsoft-023310003-217173"},{"type":"Feature","properties":{"height":-1,"confidence":-1,"footprintSource":"Microsoft Global ML Building Footprints","footprintMethod":"AI detected from imagery; not surveyed","heightMethod":"No supplied height"},"geometry":{"type":"Polygon","coordinates":[[[-100.45215939009361,20.700789302718746],[-100.45213433262943,20.70070699576381],[-100.452141775477,20.70070501251189],[-100.4521081895331,20.700594691748847],[-100.4520474750983,20.700610866003856],[-100.4520665562508,20.7006735270445],[-100.45200569759736,20.700689739710768],[-100.45201064343854,20.700705985459294],[-100.45191636563113,20.700731100938683],[-100.45196299784787,20.700884275028116],[-100.45199773177691,20.700875021966596],[-100.45200903655675,20.700912155058134],[-100.45205865645538,20.70089893640109],[-100.45203534034701,20.700822349383117],[-100.45215939009361,20.700789302718746]]]},"id":"microsoft-023310003-217175"},{"type":"Feature","properties":{"height":-1,"confidence":-1,"footprintSource":"Microsoft Global ML Building Footprints","footprintMethod":"AI detected from imagery; not surveyed","heightMethod":"No supplied height"},"geometry":{"type":"Polygon","coordinates":[[[-100.45502004776783,20.702608685339257],[-100.4550344568022,20.702722504697505],[-100.45510058522073,20.7027151836989],[-100.45508617618637,20.70260136433518],[-100.45502004776783,20.702608685339257]]]},"id":"microsoft-023310003-217194"},{"type":"Feature","properties":{"height":-1,"confidence":-1,"footprintSource":"Microsoft Global ML Building Footprints","footprintMethod":"AI detected from imagery; not surveyed","heightMethod":"No supplied height"},"geometry":{"type":"Polygon","coordinates":[[[-100.45593794451217,20.69749930595586],[-100.45588590839478,20.697475604203802],[-100.45586327599644,20.69751908575131],[-100.45591531354731,20.697542784742524],[-100.45593794451217,20.69749930595586]]]},"id":"microsoft-023310003-217197"},{"type":"Feature","properties":{"height":-1,"confidence":-1,"footprintSource":"Microsoft Global ML Building Footprints","footprintMethod":"AI detected from imagery; not surveyed","heightMethod":"No supplied height"},"geometry":{"type":"Polygon","coordinates":[[[-100.44971574559602,20.6998877915335],[-100.44962014883238,20.69991308327252],[-100.44964009691722,20.699979061669566],[-100.44962392700472,20.69998333863218],[-100.4496541242444,20.700083240828278],[-100.44963177147302,20.700089153160917],[-100.44964722122356,20.700140265884983],[-100.44978013100818,20.70010511110901],[-100.44974079535696,20.699975008313274],[-100.44974201121414,20.699974686717468],[-100.44971574559602,20.6998877915335]]]},"id":"microsoft-023310003-218494"},{"type":"Feature","properties":{"height":-1,"confidence":-1,"footprintSource":"Microsoft Global ML Building Footprints","footprintMethod":"AI detected from imagery; not surveyed","heightMethod":"No supplied height"},"geometry":{"type":"Polygon","coordinates":[[[-100.45168773003782,20.69784426822565],[-100.45170544255022,20.697899517259245],[-100.4517423556741,20.697889161450433],[-100.45168848011552,20.69772111223267],[-100.45157392264603,20.697753250842368],[-100.45161009343505,20.69786604882664],[-100.45168773003782,20.69784426822565]]]},"id":"microsoft-023310003-218508"},{"type":"Feature","properties":{"height":-1,"confidence":-1,"footprintSource":"Microsoft Global ML Building Footprints","footprintMethod":"AI detected from imagery; not surveyed","heightMethod":"No supplied height"},"geometry":{"type":"Polygon","coordinates":[[[-100.45462607652524,20.697964408588888],[-100.4543635719116,20.69812254211007],[-100.4544453748052,20.698241372655914],[-100.4544291877538,20.6982511237684],[-100.4544719238915,20.69831319740807],[-100.45469855975495,20.69817667150477],[-100.4546698301458,20.69813493758103],[-100.45460536939561,20.69817377311108],[-100.4545413056091,20.69808071115284],[-100.4546578233704,20.698010520525116],[-100.45462607652524,20.697964408588888]]]},"id":"microsoft-023310003-218524"},{"type":"Feature","properties":{"height":-1,"confidence":-1,"footprintSource":"Microsoft Global ML Building Footprints","footprintMethod":"AI detected from imagery; not surveyed","heightMethod":"No supplied height"},"geometry":{"type":"Polygon","coordinates":[[[-100.45549417969663,20.7177110918025],[-100.4554502840601,20.71773189621723],[-100.45547732325284,20.71778180000848],[-100.45552121591811,20.717760997008853],[-100.45549417969663,20.7177110918025]]]},"id":"microsoft-023310003-218528"},{"type":"Feature","properties":{"height":-1,"confidence":-1,"footprintSource":"Microsoft Global ML Building Footprints","footprintMethod":"AI detected from imagery; not surveyed","heightMethod":"No supplied height"},"geometry":{"type":"Polygon","coordinates":[[[-100.4409490964345,20.71732346085396],[-100.44086070020045,20.717288052071552],[-100.44084076227364,20.717331604279096],[-100.44092916074631,20.717367008161247],[-100.4409490964345,20.71732346085396]]]},"id":"microsoft-023310003-219855"},{"type":"Feature","properties":{"height":-1,"confidence":-1,"footprintSource":"Microsoft Global ML Building Footprints","footprintMethod":"AI detected from imagery; not surveyed","heightMethod":"No supplied height"},"geometry":{"type":"Polygon","coordinates":[[[-100.4506551022394,20.702683159669903],[-100.45073629422788,20.702823888746224],[-100.4507769853305,20.702803346474553],[-100.45074959744974,20.70275588156086],[-100.45082107609831,20.702719791976733],[-100.45072963373738,20.702561295937613],[-100.45067354919145,20.70258960939472],[-100.45071118514477,20.70265484338674],[-100.4506551022394,20.702683159669903]]]},"id":"microsoft-023310003-219899"},{"type":"Feature","properties":{"height":-1,"confidence":-1,"footprintSource":"Microsoft Global ML Building Footprints","footprintMethod":"AI detected from imagery; not surveyed","heightMethod":"No supplied height"},"geometry":{"type":"Polygon","coordinates":[[[-100.45120779765725,20.699804473272337],[-100.45120447155857,20.69986312160249],[-100.45124994113937,20.69986537811066],[-100.45125326740641,20.69980672681278],[-100.45120779765725,20.699804473272337]]]},"id":"microsoft-023310003-219902"},{"type":"Feature","properties":{"height":-1,"confidence":-1,"footprintSource":"Microsoft Global ML Building Footprints","footprintMethod":"AI detected from imagery; not surveyed","heightMethod":"No supplied height"},"geometry":{"type":"Polygon","coordinates":[[[-100.45169743377464,20.69816017819116],[-100.45172239111749,20.69823576723094],[-100.45175177459313,20.698227277605596],[-100.45172681725029,20.69815168856161],[-100.45169743377464,20.69816017819116]]]},"id":"microsoft-023310003-219908"},{"type":"Feature","properties":{"height":-1,"confidence":-1,"footprintSource":"Microsoft Global ML Building Footprints","footprintMethod":"AI detected from imagery; not surveyed","heightMethod":"No supplied height"},"geometry":{"type":"Polygon","coordinates":[[[-100.44160277882811,20.699257336842464],[-100.44162296351637,20.69935921833452],[-100.44166704692202,20.699351575730972],[-100.44164686223375,20.6992496942338],[-100.44160277882811,20.699257336842464]]]},"id":"microsoft-023310003-221227"},{"type":"Feature","properties":{"height":-1,"confidence":-1,"footprintSource":"Microsoft Global ML Building Footprints","footprintMethod":"AI detected from imagery; not surveyed","heightMethod":"No supplied height"},"geometry":{"type":"Polygon","coordinates":[[[-100.44282123645314,20.694883240944023],[-100.44281739369342,20.69495331270933],[-100.44285851233741,20.69495528336472],[-100.44286234986834,20.6948852113497],[-100.44282123645314,20.694883240944023]]]},"id":"microsoft-023310003-221232"},{"type":"Feature","properties":{"height":-1,"confidence":-1,"footprintSource":"Microsoft Global ML Building Footprints","footprintMethod":"AI detected from imagery; not surveyed","heightMethod":"No supplied height"},"geometry":{"type":"Polygon","coordinates":[[[-100.44926577001027,20.700556850738096],[-100.44929901829131,20.700547457944424],[-100.44926486396852,20.700441690484254],[-100.44913821799614,20.7004774685809],[-100.44916985062535,20.700575449663248],[-100.44920426230635,20.700565725951947],[-100.44921910857131,20.700611711775665],[-100.44927810002444,20.70059504255987],[-100.44926577001027,20.700556850738096]]]},"id":"microsoft-023310003-221259"},{"type":"Feature","properties":{"height":-1,"confidence":-1,"footprintSource":"Microsoft Global ML Building Footprints","footprintMethod":"AI detected from imagery; not surveyed","heightMethod":"No supplied height"},"geometry":{"type":"Polygon","coordinates":[[[-100.44955550822456,20.6971006026195],[-100.44965996900947,20.697104247935314],[-100.44966730302471,20.69692033494563],[-100.44956284196742,20.696916696455148],[-100.44955550822456,20.6971006026195]]]},"id":"microsoft-023310003-221262"},{"type":"Feature","properties":{"height":-1,"confidence":-1,"footprintSource":"Microsoft Global ML Building Footprints","footprintMethod":"AI detected from imagery; not surveyed","heightMethod":"No supplied height"},"geometry":{"type":"Polygon","coordinates":[[[-100.45111065999737,20.698660797695254],[-100.4510880383842,20.6985963983944],[-100.45095489338807,20.698637325475673],[-100.45097751223751,20.69870171689132],[-100.45111065999737,20.698660797695254]]]},"id":"microsoft-023310003-221277"},{"type":"Feature","properties":{"height":-1,"confidence":-1,"footprintSource":"Microsoft Global ML Building Footprints","footprintMethod":"AI detected from imagery; not surveyed","heightMethod":"No supplied height"},"geometry":{"type":"Polygon","coordinates":[[[-100.45222863797864,20.696040289970185],[-100.45215698494037,20.696062315576995],[-100.45218483190327,20.69614157486403],[-100.4522564795895,20.69611955091389],[-100.45222863797864,20.696040289970185]]]},"id":"microsoft-023310003-221284"},{"type":"Feature","properties":{"height":-1,"confidence":-1,"footprintSource":"Microsoft Global ML Building Footprints","footprintMethod":"AI detected from imagery; not surveyed","heightMethod":"No supplied height"},"geometry":{"type":"Polygon","coordinates":[[[-100.43670313235916,20.7015784247224],[-100.43669982936812,20.70151744946442],[-100.43650333567096,20.70152676331351],[-100.43650664390849,20.701587751183155],[-100.43670313235916,20.7015784247224]]]},"id":"microsoft-023310003-222576"},{"type":"Feature","properties":{"height":-1,"confidence":-1,"footprintSource":"Microsoft Global ML Building Footprints","footprintMethod":"AI detected from imagery; not surveyed","heightMethod":"No supplied height"},"geometry":{"type":"Polygon","coordinates":[[[-100.44116799933846,20.69940051317566],[-100.44116744853052,20.699371755668878],[-100.44112322331897,20.699372496907515],[-100.44112377192077,20.699401251555514],[-100.44116799933846,20.69940051317566]]]},"id":"microsoft-023310003-222594"},{"type":"Feature","properties":{"height":-1,"confidence":-1,"footprintSource":"Microsoft Global ML Building Footprints","footprintMethod":"AI detected from imagery; not surveyed","heightMethod":"No supplied height"},"geometry":{"type":"Polygon","coordinates":[[[-100.44673917959834,20.700254093451306],[-100.44658910556997,20.70025822012819],[-100.44659202029162,20.70035097488109],[-100.44674209431996,20.700346848206763],[-100.44673917959834,20.700254093451306]]]},"id":"microsoft-023310003-222614"},{"type":"Feature","properties":{"height":-1,"confidence":-1,"footprintSource":"Microsoft Global ML Building Footprints","footprintMethod":"AI detected from imagery; not surveyed","heightMethod":"No supplied height"},"geometry":{"type":"Polygon","coordinates":[[[-100.4526291411179,20.7178375804139],[-100.45256882558033,20.717846097177386],[-100.45258110401657,20.717922134991042],[-100.45264141955411,20.71791361823179],[-100.4526291411179,20.7178375804139]]]},"id":"microsoft-023310003-222655"},{"type":"Feature","properties":{"height":-1,"confidence":-1,"footprintSource":"Microsoft Global ML Building Footprints","footprintMethod":"AI detected from imagery; not surveyed","heightMethod":"No supplied height"},"geometry":{"type":"Polygon","coordinates":[[[-100.45393650702958,20.699638884197725],[-100.45393934916696,20.699717859293273],[-100.45397685758464,20.699716678099904],[-100.45397401535901,20.699637700550838],[-100.45393650702958,20.699638884197725]]]},"id":"microsoft-023310003-222661"},{"type":"Feature","properties":{"height":-1,"confidence":-1,"footprintSource":"Microsoft Global ML Building Footprints","footprintMethod":"AI detected from imagery; not surveyed","heightMethod":"No supplied height"},"geometry":{"type":"Polygon","coordinates":[[[-100.44852499106744,20.697124131410163],[-100.44845194537571,20.697145910624272],[-100.44849850893675,20.69728257344748],[-100.44857155462849,20.697260794253012],[-100.44852499106744,20.697124131410163]]]},"id":"microsoft-023310003-223982"},{"type":"Feature","properties":{"height":-1,"confidence":-1,"footprintSource":"Microsoft Global ML Building Footprints","footprintMethod":"AI detected from imagery; not surveyed","heightMethod":"No supplied height"},"geometry":{"type":"Polygon","coordinates":[[[-100.44905694691859,20.704354569406476],[-100.44904275562986,20.704300097832743],[-100.44894148193252,20.704323184404544],[-100.44895567322123,20.704377655970006],[-100.44905694691859,20.704354569406476]]]},"id":"microsoft-023310003-223990"},{"type":"Feature","properties":{"height":-1,"confidence":-1,"footprintSource":"Microsoft Global ML Building Footprints","footprintMethod":"AI detected from imagery; not surveyed","heightMethod":"No supplied height"},"geometry":{"type":"Polygon","coordinates":[[[-100.44983545758474,20.70021498545981],[-100.44987506770353,20.70037555959867],[-100.44999221354732,20.70035028062631],[-100.44995260163225,20.70018969917882],[-100.44983545758474,20.70021498545981]]]},"id":"microsoft-023310003-223998"},{"type":"Feature","properties":{"height":-1,"confidence":-1,"footprintSource":"Microsoft Global ML Building Footprints","footprintMethod":"AI detected from imagery; not surveyed","heightMethod":"No supplied height"},"geometry":{"type":"Polygon","coordinates":[[[-100.45362770618472,20.702888312034815],[-100.4536308076674,20.7029860772452],[-100.45375140087621,20.7029827296994],[-100.45374829939352,20.702884964486856],[-100.45362770618472,20.702888312034815]]]},"id":"microsoft-023310003-224027"},{"type":"Feature","properties":{"height":-1,"confidence":-1,"footprintSource":"Microsoft Global ML Building Footprints","footprintMethod":"AI detected from imagery; not surveyed","heightMethod":"No supplied height"},"geometry":{"type":"Polygon","coordinates":[[[-100.45512199401855,20.700952624991046],[-100.45500789895186,20.700952624991046],[-100.45500790326953,20.700894917045147],[-100.45494765043259,20.700894917045147],[-100.45494765043259,20.701140802922907],[-100.45512199401855,20.701140802922907],[-100.45512199401855,20.700952624991046]]]},"id":"microsoft-023310003-224034"},{"type":"Feature","properties":{"height":-1,"confidence":-1,"footprintSource":"Microsoft Global ML Building Footprints","footprintMethod":"AI detected from imagery; not surveyed","heightMethod":"No supplied height"},"geometry":{"type":"Polygon","coordinates":[[[-100.44849185064483,20.69740666746266],[-100.44841702694292,20.69742058995662],[-100.44844576661788,20.69755575183615],[-100.44852059031982,20.697541829354563],[-100.44849185064483,20.69740666746266]]]},"id":"microsoft-023310003-225361"},{"type":"Feature","properties":{"height":-1,"confidence":-1,"footprintSource":"Microsoft Global ML Building Footprints","footprintMethod":"AI detected from imagery; not surveyed","heightMethod":"No supplied height"},"geometry":{"type":"Polygon","coordinates":[[[-100.4487549786909,20.703196348864793],[-100.4487614025764,20.70324069670427],[-100.4488351504333,20.70323134928219],[-100.4488287265478,20.703187001439986],[-100.4487549786909,20.703196348864793]]]},"id":"microsoft-023310003-225363"},{"type":"Feature","properties":{"height":-1,"confidence":-1,"footprintSource":"Microsoft Global ML Building Footprints","footprintMethod":"AI detected from imagery; not surveyed","heightMethod":"No supplied height"},"geometry":{"type":"Polygon","coordinates":[[[-100.44887126772596,20.70365284012999],[-100.44892223363156,20.70387861879351],[-100.44897615579616,20.7038679680997],[-100.44898699960586,20.703916006073214],[-100.44902808315985,20.703907891260954],[-100.44905519268409,20.704027986134548],[-100.44894734835486,20.70404928749892],[-100.44896740940281,20.704138157631647],[-100.44900592523469,20.704130550006326],[-100.44901893780631,20.704188195472852],[-100.44908826630368,20.704174501751496],[-100.44910832735162,20.704263371810825],[-100.44915711407198,20.704253735493296],[-100.4491207873095,20.70409280858064],[-100.44908227147762,20.70410041620785],[-100.4490687167155,20.704040368811647],[-100.44911236799162,20.70403174683068],[-100.4490375457047,20.703700284756707],[-100.44901957164981,20.703703834991998],[-100.4490022215543,20.703626974119516],[-100.44887126772596,20.70365284012999]]]},"id":"microsoft-023310003-225364"},{"type":"Feature","properties":{"height":-1,"confidence":-1,"footprintSource":"Microsoft Global ML Building Footprints","footprintMethod":"AI detected from imagery; not surveyed","heightMethod":"No supplied height"},"geometry":{"type":"Polygon","coordinates":[[[-100.45052876856421,20.70404218997581],[-100.45050770500363,20.70402339410478],[-100.4505875166839,20.703945138298025],[-100.45056083710647,20.703921329264645],[-100.45062915772631,20.70385434046544],[-100.45055192737063,20.703785419527748],[-100.45041986744005,20.703914905155813],[-100.45044039860873,20.703933225965073],[-100.45032865127428,20.7040428028986],[-100.45043308928855,20.704136003985255],[-100.45052876856421,20.70404218997581]]]},"id":"microsoft-023310003-225375"},{"type":"Feature","properties":{"height":-1,"confidence":-1,"footprintSource":"Microsoft Global ML Building Footprints","footprintMethod":"AI detected from imagery; not surveyed","heightMethod":"No supplied height"},"geometry":{"type":"Polygon","coordinates":[[[-100.45088861475563,20.70024188374893],[-100.45063505156202,20.700322730157538],[-100.45070467196402,20.70051380152735],[-100.45082001764007,20.700477024618152],[-100.45085278018219,20.700566940495392],[-100.45098254406774,20.70052556648642],[-100.45097399769932,20.70050211121699],[-100.45111337074582,20.700457664272122],[-100.4510863422262,20.70038348520916],[-100.45102752288683,20.7004022430788],[-100.45097790776126,20.70026610354543],[-100.45090581825448,20.700289088655467],[-100.45088861475563,20.70024188374893]]]},"id":"microsoft-023310003-225380"},{"type":"Feature","properties":{"height":-1,"confidence":-1,"footprintSource":"Microsoft Global ML Building Footprints","footprintMethod":"AI detected from imagery; not surveyed","heightMethod":"No supplied height"},"geometry":{"type":"Polygon","coordinates":[[[-100.45095493614672,20.69934659567224],[-100.45090114942785,20.699360079358442],[-100.45091551949331,20.69941025325474],[-100.45096931065589,20.69939677198076],[-100.45095493614672,20.69934659567224]]]},"id":"microsoft-023310003-225381"},{"type":"Feature","properties":{"height":-1,"confidence":-1,"footprintSource":"Microsoft Global ML Building Footprints","footprintMethod":"AI detected from imagery; not surveyed","heightMethod":"No supplied height"},"geometry":{"type":"Polygon","coordinates":[[[-100.45188439972198,20.702464845078737],[-100.45185410834925,20.702499149135704],[-100.45182633370622,20.702477690281228],[-100.45178227461174,20.702527590084983],[-100.45189933139959,20.702618036469218],[-100.45197368810894,20.702533829812893],[-100.45188439972198,20.702464845078737]]]},"id":"microsoft-023310003-225383"},{"type":"Feature","properties":{"height":-1,"confidence":-1,"footprintSource":"Microsoft Global ML Building Footprints","footprintMethod":"AI detected from imagery; not surveyed","heightMethod":"No supplied height"},"geometry":{"type":"Polygon","coordinates":[[[-100.45264922207178,20.700908777349554],[-100.45262941685866,20.70091609694738],[-100.45265508238462,20.700976864642087],[-100.45267489153039,20.70096954359377],[-100.45264922207178,20.700908777349554]]]},"id":"microsoft-023310003-225389"},{"type":"Feature","properties":{"height":-1,"confidence":-1,"footprintSource":"Microsoft Global ML Building Footprints","footprintMethod":"AI detected from imagery; not surveyed","heightMethod":"No supplied height"},"geometry":{"type":"Polygon","coordinates":[[[-100.45400215078789,20.701536682491508],[-100.45391742146879,20.70154571891868],[-100.45392496845209,20.7016076397871],[-100.45400969777118,20.70159860336362],[-100.45400215078789,20.701536682491508]]]},"id":"microsoft-023310003-225395"},{"type":"Feature","properties":{"height":-1,"confidence":-1,"footprintSource":"Microsoft Global ML Building Footprints","footprintMethod":"AI detected from imagery; not surveyed","heightMethod":"No supplied height"},"geometry":{"type":"Polygon","coordinates":[[[-100.45683381404056,20.696918936004735],[-100.45684762268287,20.696978879115747],[-100.45693220637992,20.696961822517366],[-100.45691839773761,20.69690187939962],[-100.45683381404056,20.696918936004735]]]},"id":"microsoft-023310003-225407"},{"type":"Feature","properties":{"height":-1,"confidence":-1,"footprintSource":"Microsoft Global ML Building Footprints","footprintMethod":"AI detected from imagery; not surveyed","heightMethod":"No supplied height"},"geometry":{"type":"Polygon","coordinates":[[[-100.45157649565738,20.700854418048905],[-100.45145089896278,20.70088500703099],[-100.45148359910999,20.701002494977956],[-100.45160919580461,20.700971906019575],[-100.45157649565738,20.700854418048905]]]},"id":"microsoft-023310003-226756"},{"type":"Feature","properties":{"height":-1,"confidence":-1,"footprintSource":"Microsoft Global ML Building Footprints","footprintMethod":"AI detected from imagery; not surveyed","heightMethod":"No supplied height"},"geometry":{"type":"Polygon","coordinates":[[[-100.45212422672755,20.70162559970443],[-100.4521341729186,20.701684342789648],[-100.45219173746987,20.701675814121174],[-100.45218179127883,20.701617071032658],[-100.45212422672755,20.70162559970443]]]},"id":"microsoft-023310003-226760"},{"type":"Feature","properties":{"height":-1,"confidence":-1,"footprintSource":"Microsoft Global ML Building Footprints","footprintMethod":"AI detected from imagery; not surveyed","heightMethod":"No supplied height"},"geometry":{"type":"Polygon","coordinates":[[[-100.45374413723752,20.69781889550974],[-100.45367622702994,20.697767333076655],[-100.45363750343749,20.697811959092633],[-100.45370541131938,20.69786352419071],[-100.45374413723752,20.69781889550974]]]},"id":"microsoft-023310003-226772"},{"type":"Feature","properties":{"height":-1,"confidence":-1,"footprintSource":"Microsoft Global ML Building Footprints","footprintMethod":"AI detected from imagery; not surveyed","heightMethod":"No supplied height"},"geometry":{"type":"Polygon","coordinates":[[[-100.45394982511885,20.701225114924824],[-100.45395245552658,20.70126762611308],[-100.45398720781735,20.70126574449411],[-100.45398457740961,20.701223233305313],[-100.45394982511885,20.701225114924824]]]},"id":"microsoft-023310003-226773"},{"type":"Feature","properties":{"height":-1,"confidence":-1,"footprintSource":"Microsoft Global ML Building Footprints","footprintMethod":"AI detected from imagery; not surveyed","heightMethod":"No supplied height"},"geometry":{"type":"Polygon","coordinates":[[[-100.45496644127239,20.70259139650382],[-100.45489729259357,20.702216162800852],[-100.4548597138688,20.702222224896047],[-100.45487118450176,20.70228444481991],[-100.45483471765338,20.702290325160206],[-100.45485693703046,20.702410849203403],[-100.45488558921834,20.70240622711806],[-100.45492107557871,20.702598714753023],[-100.45496644127239,20.70259139650382]]]},"id":"microsoft-023310003-226778"},{"type":"Feature","properties":{"height":-1,"confidence":-1,"footprintSource":"Microsoft Global ML Building Footprints","footprintMethod":"AI detected from imagery; not surveyed","heightMethod":"No supplied height"},"geometry":{"type":"Polygon","coordinates":[[[-100.44079632690382,20.698994817152],[-100.44078247027483,20.698929650450708],[-100.44071796708351,20.698941652480215],[-100.44073182371253,20.699006819176375],[-100.44079632690382,20.698994817152]]]},"id":"microsoft-023310003-228099"},{"type":"Feature","properties":{"height":-1,"confidence":-1,"footprintSource":"Microsoft Global ML Building Footprints","footprintMethod":"AI detected from imagery; not surveyed","heightMethod":"No supplied height"},"geometry":{"type":"Polygon","coordinates":[[[-100.4461870985089,20.695589799484267],[-100.44612060862889,20.695584061888283],[-100.44611609647541,20.695629854975223],[-100.44618258678072,20.695635588252884],[-100.4461870985089,20.695589799484267]]]},"id":"microsoft-023310003-228126"},{"type":"Feature","properties":{"height":-1,"confidence":-1,"footprintSource":"Microsoft Global ML Building Footprints","footprintMethod":"AI detected from imagery; not surveyed","heightMethod":"No supplied height"},"geometry":{"type":"Polygon","coordinates":[[[-100.4503073721538,20.702645138370855],[-100.45034256457164,20.702675116086027],[-100.4503185311158,20.7026998060513],[-100.45036019387781,20.702735295341782],[-100.45031880118688,20.702777815447718],[-100.45042437476188,20.70286774536335],[-100.45051116588806,20.70277859034171],[-100.45032873522568,20.702623191727383],[-100.4503073721538,20.702645138370855]]]},"id":"microsoft-023310003-228151"},{"type":"Feature","properties":{"height":-1,"confidence":-1,"footprintSource":"Microsoft Global ML Building Footprints","footprintMethod":"AI detected from imagery; not surveyed","heightMethod":"No supplied height"},"geometry":{"type":"Polygon","coordinates":[[[-100.45226516176467,20.702253851670903],[-100.45212613019444,20.7021311155882],[-100.45204713754764,20.702209413639864],[-100.45216914484394,20.702317120764206],[-100.45221868260552,20.702268018635806],[-100.45223570687942,20.702283047535673],[-100.45226516176467,20.702253851670903]]]},"id":"microsoft-023310003-228163"},{"type":"Feature","properties":{"height":-1,"confidence":-1,"footprintSource":"Microsoft Global ML Building Footprints","footprintMethod":"AI detected from imagery; not surveyed","heightMethod":"No supplied height"},"geometry":{"type":"Polygon","coordinates":[[[-100.45428854406158,20.698652541187883],[-100.45420511578422,20.698676356153385],[-100.454248175067,20.69880838619929],[-100.45433160497406,20.698784576251555],[-100.45428854406158,20.698652541187883]]]},"id":"microsoft-023310003-228171"},{"type":"Feature","properties":{"height":-1,"confidence":-1,"footprintSource":"Microsoft Global ML Building Footprints","footprintMethod":"AI detected from imagery; not surveyed","heightMethod":"No supplied height"},"geometry":{"type":"Polygon","coordinates":[[[-100.45525687635703,20.700521716889398],[-100.45524823709123,20.700394267847216],[-100.45507459170032,20.700404567834326],[-100.45507730205823,20.700444551856364],[-100.45511610108322,20.700442250445775],[-100.45512441067923,20.700564700908316],[-100.45520314710161,20.70056003056689],[-100.45520077553843,20.70052504457483],[-100.45525687635703,20.700521716889398]]]},"id":"microsoft-023310003-228174"},{"type":"Feature","properties":{"height":-1,"confidence":-1,"footprintSource":"Microsoft Global ML Building Footprints","footprintMethod":"AI detected from imagery; not surveyed","heightMethod":"No supplied height"},"geometry":{"type":"Polygon","coordinates":[[[-100.45623791391233,20.717126336353445],[-100.45623846655945,20.717127020208906],[-100.4561889652355,20.71716201777234],[-100.45623283345903,20.717216301077954],[-100.45634478179304,20.717137153334562],[-100.45630036564243,20.717082186896107],[-100.45623791391233,20.717126336353445]]]},"id":"microsoft-023310003-228182"},{"type":"Feature","properties":{"height":-1,"confidence":-1,"footprintSource":"Microsoft Global ML Building Footprints","footprintMethod":"AI detected from imagery; not surveyed","heightMethod":"No supplied height"},"geometry":{"type":"Polygon","coordinates":[[[-100.45010480665555,20.704438767822495],[-100.45000782837958,20.704356350902813],[-100.44993574070905,20.704430572365098],[-100.45003271898501,20.704512989244407],[-100.45010480665555,20.704438767822495]]]},"id":"microsoft-023310003-229515"},{"type":"Feature","properties":{"height":-1,"confidence":-1,"footprintSource":"Microsoft Global ML Building Footprints","footprintMethod":"AI detected from imagery; not surveyed","heightMethod":"No supplied height"},"geometry":{"type":"Polygon","coordinates":[[[-100.45039594173431,20.695625838132955],[-100.45039594173431,20.69575380364705],[-100.45049786567688,20.69575380364705],[-100.45049786567688,20.695389979843696],[-100.4503744840622,20.695389979843696],[-100.4503744840622,20.695625838132955],[-100.45039594173431,20.695625838132955]]]},"id":"microsoft-023310003-229519"},{"type":"Feature","properties":{"height":-1,"confidence":-1,"footprintSource":"Microsoft Global ML Building Footprints","footprintMethod":"AI detected from imagery; not surveyed","heightMethod":"No supplied height"},"geometry":{"type":"Polygon","coordinates":[[[-100.45264926196568,20.71354715910259],[-100.45263364712623,20.713510295747895],[-100.45258032656353,20.713530056137714],[-100.45259594140295,20.713566919487562],[-100.45264926196568,20.71354715910259]]]},"id":"microsoft-023310003-229545"},{"type":"Feature","properties":{"height":-1,"confidence":-1,"footprintSource":"Microsoft Global ML Building Footprints","footprintMethod":"AI detected from imagery; not surveyed","heightMethod":"No supplied height"},"geometry":{"type":"Polygon","coordinates":[[[-100.45467423847997,20.710370367773322],[-100.45467099374783,20.71025252831393],[-100.4546147046987,20.71025388440458],[-100.45461794943087,20.71037172386292],[-100.45467423847997,20.710370367773322]]]},"id":"microsoft-023310003-229552"},{"type":"Feature","properties":{"height":-1,"confidence":-1,"footprintSource":"Microsoft Global ML Building Footprints","footprintMethod":"AI detected from imagery; not surveyed","heightMethod":"No supplied height"},"geometry":{"type":"Polygon","coordinates":[[[-100.45520796434622,20.7030556697392],[-100.45519599221727,20.70295149538505],[-100.45515091560772,20.702956028329183],[-100.45516288773669,20.70306020268019],[-100.45520796434622,20.7030556697392]]]},"id":"microsoft-023310003-229556"},{"type":"Feature","properties":{"height":-1,"confidence":-1,"footprintSource":"Microsoft Global ML Building Footprints","footprintMethod":"AI detected from imagery; not surveyed","heightMethod":"No supplied height"},"geometry":{"type":"Polygon","coordinates":[[[-100.45657415685837,20.696997303942567],[-100.45658472280553,20.697040189838816],[-100.45666877123045,20.69702206908839],[-100.4566582052833,20.696979183186997],[-100.45657415685837,20.696997303942567]]]},"id":"microsoft-023310003-229564"},{"type":"Feature","properties":{"height":-1,"confidence":-1,"footprintSource":"Microsoft Global ML Building Footprints","footprintMethod":"AI detected from imagery; not surveyed","heightMethod":"No supplied height"},"geometry":{"type":"Polygon","coordinates":[[[-100.45212011289298,20.701123762384128],[-100.45216431798582,20.701229342098074],[-100.45225627612551,20.701195645320027],[-100.45221206636981,20.701090073311462],[-100.45212011289298,20.701123762384128]]]},"id":"microsoft-023310003-230865"},{"type":"Feature","properties":{"height":-1,"confidence":-1,"footprintSource":"Microsoft Global ML Building Footprints","footprintMethod":"AI detected from imagery; not surveyed","heightMethod":"No supplied height"},"geometry":{"type":"Polygon","coordinates":[[[-100.45493286411273,20.704138156337194],[-100.45490989001873,20.704045278290508],[-100.45484974462593,20.704058296161847],[-100.45487271212374,20.704151175628255],[-100.45493286411273,20.704138156337194]]]},"id":"microsoft-023310003-230883"},{"type":"Feature","properties":{"height":-1,"confidence":-1,"footprintSource":"Microsoft Global ML Building Footprints","footprintMethod":"AI detected from imagery; not surveyed","heightMethod":"No supplied height"},"geometry":{"type":"Polygon","coordinates":[[[-100.45740208010069,20.701950368335176],[-100.45733790845014,20.70178671948898],[-100.45729535436313,20.701801320961835],[-100.45732657300395,20.70188093392842],[-100.45726140793849,20.701903293832828],[-100.4572796157496,20.701949735754752],[-100.45720766515299,20.701974423947846],[-100.45723714942486,20.702049613887112],[-100.4572867958597,20.70203257886324],[-100.45727205372376,20.70199498389404],[-100.45740208010069,20.701950368335176]]]},"id":"microsoft-023310003-230902"},{"type":"Feature","properties":{"height":-1,"confidence":-1,"footprintSource":"Microsoft Global ML Building Footprints","footprintMethod":"AI detected from imagery; not surveyed","heightMethod":"No supplied height"},"geometry":{"type":"Polygon","coordinates":[[[-100.43661825020015,20.70091592300375],[-100.43650986662159,20.700919662540784],[-100.43651279399201,20.700993905209245],[-100.43662117230218,20.700990172951364],[-100.43661825020015,20.70091592300375]]]},"id":"microsoft-023310003-232081"},{"type":"Feature","properties":{"height":-1,"confidence":-1,"footprintSource":"Microsoft Global ML Building Footprints","footprintMethod":"AI detected from imagery; not surveyed","heightMethod":"No supplied height"},"geometry":{"type":"Polygon","coordinates":[[[-100.4483278653475,20.700007421643832],[-100.44831686980362,20.69993777124793],[-100.44828012069327,20.69994285028757],[-100.44829111586543,20.700012498326473],[-100.4483278653475,20.700007421643832]]]},"id":"microsoft-023310003-232129"},{"type":"Feature","properties":{"height":-1,"confidence":-1,"footprintSource":"Microsoft Global ML Building Footprints","footprintMethod":"AI detected from imagery; not surveyed","heightMethod":"No supplied height"},"geometry":{"type":"Polygon","coordinates":[[[-100.45076190257417,20.69805508395278],[-100.4506895997792,20.698073706597228],[-100.45071705848052,20.698166997709478],[-100.4507893612755,20.698148375076485],[-100.45076190257417,20.69805508395278]]]},"id":"microsoft-023310003-232142"},{"type":"Feature","properties":{"height":-1,"confidence":-1,"footprintSource":"Microsoft Global ML Building Footprints","footprintMethod":"AI detected from imagery; not surveyed","heightMethod":"No supplied height"},"geometry":{"type":"Polygon","coordinates":[[[-100.45221948080838,20.69690116955921],[-100.45216649303487,20.696924146152412],[-100.45219310157765,20.696977844919914],[-100.45224608935116,20.69695486833487],[-100.45221948080838,20.69690116955921]]]},"id":"microsoft-023310003-232150"},{"type":"Feature","properties":{"height":-1,"confidence":-1,"footprintSource":"Microsoft Global ML Building Footprints","footprintMethod":"AI detected from imagery; not surveyed","heightMethod":"No supplied height"},"geometry":{"type":"Polygon","coordinates":[[[-100.4526210914348,20.699617851614576],[-100.45260276168901,20.699571504820966],[-100.45255085729667,20.699589467819663],[-100.45256918704247,20.69963581460776],[-100.4526210914348,20.699617851614576]]]},"id":"microsoft-023310003-232154"},{"type":"Feature","properties":{"height":-1,"confidence":-1,"footprintSource":"Microsoft Global ML Building Footprints","footprintMethod":"AI detected from imagery; not surveyed","heightMethod":"No supplied height"},"geometry":{"type":"Polygon","coordinates":[[[-100.45299495821696,20.70003836771197],[-100.45305674159266,20.700203853228757],[-100.45313563210009,20.70017807986433],[-100.45307384872439,20.700012594319404],[-100.45299495821696,20.70003836771197]]]},"id":"microsoft-023310003-232155"},{"type":"Feature","properties":{"height":-1,"confidence":-1,"footprintSource":"Microsoft Global ML Building Footprints","footprintMethod":"AI detected from imagery; not surveyed","heightMethod":"No supplied height"},"geometry":{"type":"Polygon","coordinates":[[[-100.4556247449618,20.70306040292394],[-100.45553446674342,20.70310721368419],[-100.455557213215,20.703145599356517],[-100.45552848832733,20.703160493682546],[-100.45558762915348,20.70326029637532],[-100.45563892359579,20.70323369938106],[-100.45572308554071,20.703375726201656],[-100.4557907942045,20.703340618195],[-100.4556247449618,20.70306040292394]]]},"id":"microsoft-023310003-232170"},{"type":"Feature","properties":{"height":-1,"confidence":-1,"footprintSource":"Microsoft Global ML Building Footprints","footprintMethod":"AI detected from imagery; not surveyed","heightMethod":"No supplied height"},"geometry":{"type":"Polygon","coordinates":[[[-100.45610892864582,20.71827024132149],[-100.4560579601518,20.71818723573878],[-100.45601247017169,20.718211672377848],[-100.45606344333609,20.7182946754383],[-100.45610892864582,20.71827024132149]]]},"id":"microsoft-023310003-232174"},{"type":"Feature","properties":{"height":-1,"confidence":-1,"footprintSource":"Microsoft Global ML Building Footprints","footprintMethod":"AI detected from imagery; not surveyed","heightMethod":"No supplied height"},"geometry":{"type":"Polygon","coordinates":[[[-100.4566680833687,20.70146856553457],[-100.45672259252885,20.701623904879284],[-100.45677101893754,20.701609035362964],[-100.45671650877308,20.701453693140976],[-100.4566680833687,20.70146856553457]]]},"id":"microsoft-023310003-232178"},{"type":"Feature","properties":{"height":-1,"confidence":-1,"footprintSource":"Microsoft Global ML Building Footprints","footprintMethod":"AI detected from imagery; not surveyed","heightMethod":"No supplied height"},"geometry":{"type":"Polygon","coordinates":[[[-100.44876357729933,20.698844692680794],[-100.4486893856918,20.698856933344885],[-100.44868892689755,20.698854499964696],[-100.44864085655725,20.69886243095415],[-100.44866195297114,20.698974367736128],[-100.44878421509553,20.698954196068144],[-100.44876357729933,20.698844692680794]]]},"id":"microsoft-023310003-233456"},{"type":"Feature","properties":{"height":-1,"confidence":-1,"footprintSource":"Microsoft Global ML Building Footprints","footprintMethod":"AI detected from imagery; not surveyed","heightMethod":"No supplied height"},"geometry":{"type":"Polygon","coordinates":[[[-100.45121881203353,20.696228744811933],[-100.45127486242191,20.696212109860554],[-100.45132313005223,20.696354462646326],[-100.45155952124082,20.696284320654726],[-100.45151434076958,20.696151072581756],[-100.45150215590255,20.696154688877144],[-100.45144452747935,20.695984728635082],[-100.45138457585848,20.69600251751777],[-100.4513706591166,20.69596148269042],[-100.45133410451545,20.695972329196564],[-100.45130128972193,20.695875571642773],[-100.45114045272177,20.695923305858713],[-100.4511280825341,20.695886831173965],[-100.45106472250374,20.695905635562454],[-100.45109255542603,20.6959877035806],[-100.45113398313819,20.695975408410433],[-100.45115828988081,20.696047079122025],[-100.45115731290842,20.696047369009776],[-100.45121881203353,20.696228744811933]]]},"id":"microsoft-023310003-233477"},{"type":"Feature","properties":{"height":-1,"confidence":-1,"footprintSource":"Microsoft Global ML Building Footprints","footprintMethod":"AI detected from imagery; not surveyed","heightMethod":"No supplied height"},"geometry":{"type":"Polygon","coordinates":[[[-100.45273270895208,20.695433206878178],[-100.45273270895208,20.695433206878178],[-100.45269252873037,20.69543184154344],[-100.45268810803321,20.695545909371106],[-100.45279257687442,20.695549452407818],[-100.4527969973068,20.695435391413696],[-100.45273270895208,20.695433206878178]]]},"id":"microsoft-023310003-233488"},{"type":"Feature","properties":{"height":-1,"confidence":-1,"footprintSource":"Microsoft Global ML Building Footprints","footprintMethod":"AI detected from imagery; not surveyed","heightMethod":"No supplied height"},"geometry":{"type":"Polygon","coordinates":[[[-100.45321312366329,20.697676112618183],[-100.45326596426615,20.69769082958298],[-100.45328356577939,20.69763551360863],[-100.45323072897816,20.697620797697283],[-100.45321312366329,20.697676112618183]]]},"id":"microsoft-023310003-233492"},{"type":"Feature","properties":{"height":-1,"confidence":-1,"footprintSource":"Microsoft Global ML Building Footprints","footprintMethod":"AI detected from imagery; not surveyed","heightMethod":"No supplied height"},"geometry":{"type":"Polygon","coordinates":[[[-100.45383114290019,20.71531882461359],[-100.45385091584876,20.715387855708954],[-100.45388595128851,20.715379073672665],[-100.4538661789529,20.715310044713277],[-100.45383114290019,20.71531882461359]]]},"id":"microsoft-023310003-233497"},{"type":"Feature","properties":{"height":-1,"confidence":-1,"footprintSource":"Microsoft Global ML Building Footprints","footprintMethod":"AI detected from imagery; not surveyed","heightMethod":"No supplied height"},"geometry":{"type":"Polygon","coordinates":[[[-100.45669237802412,20.697291262659945],[-100.45667096856087,20.697206726165547],[-100.45651207496407,20.697241950894963],[-100.45653348792055,20.697326476192515],[-100.45669237802412,20.697291262659945]]]},"id":"microsoft-023310003-233510"},{"type":"Feature","properties":{"height":-1,"confidence":-1,"footprintSource":"Microsoft Global ML Building Footprints","footprintMethod":"AI detected from imagery; not surveyed","heightMethod":"No supplied height"},"geometry":{"type":"Polygon","coordinates":[[[-100.45748340225994,20.697327035028593],[-100.45746327664197,20.697502162655525],[-100.45750304982516,20.69750616503012],[-100.45752317573896,20.69733103483354],[-100.45748340225994,20.697327035028593]]]},"id":"microsoft-023310003-233514"},{"type":"Feature","properties":{"height":-1,"confidence":-1,"footprintSource":"Microsoft Global ML Building Footprints","footprintMethod":"AI detected from imagery; not surveyed","heightMethod":"No supplied height"},"geometry":{"type":"Polygon","coordinates":[[[-100.44116193798868,20.699068122454378],[-100.44111368860212,20.69906698839634],[-100.44111210782788,20.699126005605066],[-100.44116035729897,20.699127136505723],[-100.44116193798868,20.699068122454378]]]},"id":"microsoft-023310003-234780"},{"type":"Feature","properties":{"height":-1,"confidence":-1,"footprintSource":"Microsoft Global ML Building Footprints","footprintMethod":"AI detected from imagery; not surveyed","heightMethod":"No supplied height"},"geometry":{"type":"Polygon","coordinates":[[[-100.44805139472669,20.69676994383775],[-100.44808401807829,20.696892841406054],[-100.44839623225583,20.696820336202208],[-100.44838722130736,20.696786380890444],[-100.44845543582736,20.69677053502251],[-100.44843183320174,20.696681594893477],[-100.44805139472669,20.69676994383775]]]},"id":"microsoft-023310003-234812"},{"type":"Feature","properties":{"height":-1,"confidence":-1,"footprintSource":"Microsoft Global ML Building Footprints","footprintMethod":"AI detected from imagery; not surveyed","heightMethod":"No supplied height"},"geometry":{"type":"Polygon","coordinates":[[[-100.44865290959609,20.700311704599784],[-100.44861330203402,20.700210832099316],[-100.44855657994728,20.70023031748464],[-100.44859618879417,20.70033119324431],[-100.44865290959609,20.700311704599784]]]},"id":"microsoft-023310003-234816"},{"type":"Feature","properties":{"height":-1,"confidence":-1,"footprintSource":"Microsoft Global ML Building Footprints","footprintMethod":"AI detected from imagery; not surveyed","heightMethod":"No supplied height"},"geometry":{"type":"Polygon","coordinates":[[[-100.451104687229,20.69909758609988],[-100.45098539622985,20.699135043337677],[-100.45104492098181,20.699300929404245],[-100.45107985310885,20.699289958482083],[-100.4510850626976,20.69930447374759],[-100.45116943198633,20.699277981917632],[-100.451104687229,20.69909758609988]]]},"id":"microsoft-023310003-234837"},{"type":"Feature","properties":{"height":-1,"confidence":-1,"footprintSource":"Microsoft Global ML Building Footprints","footprintMethod":"AI detected from imagery; not surveyed","heightMethod":"No supplied height"},"geometry":{"type":"Polygon","coordinates":[[[-100.45337944422155,20.70006504814799],[-100.4533568409531,20.699974651153696],[-100.45334158273239,20.699977990694123],[-100.45333087592101,20.699935171047386],[-100.45324570926938,20.69995381132925],[-100.453279028799,20.70008702588362],[-100.45337944422155,20.70006504814799]]]},"id":"microsoft-023310003-234849"},{"type":"Feature","properties":{"height":-1,"confidence":-1,"footprintSource":"Microsoft Global ML Building Footprints","footprintMethod":"AI detected from imagery; not surveyed","heightMethod":"No supplied height"},"geometry":{"type":"Polygon","coordinates":[[[-100.45467764402716,20.71028043613046],[-100.45468062438066,20.710364468984793],[-100.4547717192318,20.710361642225365],[-100.454768738667,20.710277603412393],[-100.45467764402716,20.71028043613046]]]},"id":"microsoft-023310003-234857"},{"type":"Feature","properties":{"height":-1,"confidence":-1,"footprintSource":"Microsoft Global ML Building Footprints","footprintMethod":"AI detected from imagery; not surveyed","heightMethod":"No supplied height"},"geometry":{"type":"Polygon","coordinates":[[[-100.44533923260688,20.69865032536518],[-100.44533558374911,20.698748060196138],[-100.4454588150568,20.69875208617553],[-100.44546246391457,20.698654351347187],[-100.44533923260688,20.69865032536518]]]},"id":"microsoft-023310003-236168"},{"type":"Feature","properties":{"height":-1,"confidence":-1,"footprintSource":"Microsoft Global ML Building Footprints","footprintMethod":"AI detected from imagery; not surveyed","heightMethod":"No supplied height"},"geometry":{"type":"Polygon","coordinates":[[[-100.45102210098189,20.69932655733824],[-100.45101204961884,20.699244839956847],[-100.45095116487494,20.699251393238256],[-100.45094415937949,20.699194438676116],[-100.45089386328671,20.699199852258218],[-100.45091092014519,20.699338524193266],[-100.45102210098189,20.69932655733824]]]},"id":"microsoft-023310003-236202"},{"type":"Feature","properties":{"height":-1,"confidence":-1,"footprintSource":"Microsoft Global ML Building Footprints","footprintMethod":"AI detected from imagery; not surveyed","heightMethod":"No supplied height"},"geometry":{"type":"Polygon","coordinates":[[[-100.45312650027883,20.700296660270467],[-100.45315684582506,20.70040998416698],[-100.45321994206424,20.7003951995395],[-100.45318959651797,20.700281875631944],[-100.45312650027883,20.700296660270467]]]},"id":"microsoft-023310003-236216"},{"type":"Feature","properties":{"height":-1,"confidence":-1,"footprintSource":"Microsoft Global ML Building Footprints","footprintMethod":"AI detected from imagery; not surveyed","heightMethod":"No supplied height"},"geometry":{"type":"Polygon","coordinates":[[[-100.45365700685726,20.703513952533896],[-100.45361149294385,20.703515779123393],[-100.45361544966225,20.703602188878335],[-100.45366096371184,20.70360036526418],[-100.45365700685726,20.703513952533896]]]},"id":"microsoft-023310003-236221"},{"type":"Feature","properties":{"height":-1,"confidence":-1,"footprintSource":"Microsoft Global ML Building Footprints","footprintMethod":"AI detected from imagery; not surveyed","heightMethod":"No supplied height"},"geometry":{"type":"Polygon","coordinates":[[[-100.45527086552536,20.700918819900593],[-100.4553259381827,20.700918084354413],[-100.45532528409646,20.70087543938358],[-100.45534530117494,20.70087517203696],[-100.45534334848631,20.700747236924485],[-100.45526826194053,20.70074823977575],[-100.45527086552536,20.700918819900593]]]},"id":"microsoft-023310003-236231"},{"type":"Feature","properties":{"height":-1,"confidence":-1,"footprintSource":"Microsoft Global ML Building Footprints","footprintMethod":"AI detected from imagery; not surveyed","heightMethod":"No supplied height"},"geometry":{"type":"Polygon","coordinates":[[[-100.45554198682635,20.717620936544137],[-100.45552963935651,20.717603497052906],[-100.4554662457605,20.717642763734304],[-100.45554897380826,20.71775960825687],[-100.45558439964132,20.717737665129548],[-100.45555723520772,20.71769929827579],[-100.45566164818942,20.717634623760418],[-100.45561843204509,20.71757358553789],[-100.45554198682635,20.717620936544137]]]},"id":"microsoft-023310003-236233"},{"type":"Feature","properties":{"height":-1,"confidence":-1,"footprintSource":"Microsoft Global ML Building Footprints","footprintMethod":"AI detected from imagery; not surveyed","heightMethod":"No supplied height"},"geometry":{"type":"Polygon","coordinates":[[[-100.43624883576098,20.699296396898347],[-100.43643918671384,20.699300173020717],[-100.43644012059022,20.699259114138613],[-100.43651786945524,20.699260661586848],[-100.4365192955166,20.69919796324085],[-100.43641473669813,20.69919588218893],[-100.43641673318402,20.699108104459782],[-100.43634970830038,20.699106770451365],[-100.43634782589939,20.699189532312346],[-100.43625131006694,20.69918761134123],[-100.43624883576098,20.699296396898347]]]},"id":"microsoft-023310003-237483"},{"type":"Feature","properties":{"height":-1,"confidence":-1,"footprintSource":"Microsoft Global ML Building Footprints","footprintMethod":"AI detected from imagery; not surveyed","heightMethod":"No supplied height"},"geometry":{"type":"Polygon","coordinates":[[[-100.44838721808914,20.701174563810056],[-100.44838217389513,20.70117575268803],[-100.44840123789825,20.70124653054036],[-100.44828774353296,20.70127328027999],[-100.44831443313736,20.701372369200286],[-100.44820598296607,20.701397930041466],[-100.4482180568347,20.701442755952755],[-100.44830267530703,20.701422812059377],[-100.44833930963969,20.701558784265103],[-100.44831408950614,20.70156473009385],[-100.4483403823974,20.701662318865615],[-100.44828601223905,20.701675133454714],[-100.44829554424062,20.701710522268442],[-100.44843818882018,20.701676902146147],[-100.44842484053244,20.701627358615113],[-100.44850414397499,20.701608667454337],[-100.44838721808914,20.701174563810056]]]},"id":"microsoft-023310003-237535"},{"type":"Feature","properties":{"height":-1,"confidence":-1,"footprintSource":"Microsoft Global ML Building Footprints","footprintMethod":"AI detected from imagery; not surveyed","heightMethod":"No supplied height"},"geometry":{"type":"Polygon","coordinates":[[[-100.44960087794301,20.69606681133274],[-100.4494534908714,20.69606265228127],[-100.44944952073814,20.696185487156455],[-100.44959690780973,20.696189646204573],[-100.44960087794301,20.69606681133274]]]},"id":"microsoft-023310003-237543"},{"type":"Feature","properties":{"height":-1,"confidence":-1,"footprintSource":"Microsoft Global ML Building Footprints","footprintMethod":"AI detected from imagery; not surveyed","heightMethod":"No supplied height"},"geometry":{"type":"Polygon","coordinates":[[[-100.45183258166443,20.70066585776732],[-100.45174171233076,20.700695508797992],[-100.45177006749121,20.700771563903146],[-100.45186093682491,20.700741912887338],[-100.45183258166443,20.70066585776732]]]},"id":"microsoft-023310003-237563"},{"type":"Feature","properties":{"height":-1,"confidence":-1,"footprintSource":"Microsoft Global ML Building Footprints","footprintMethod":"AI detected from imagery; not surveyed","heightMethod":"No supplied height"},"geometry":{"type":"Polygon","coordinates":[[[-100.45342177645153,20.720086955996194],[-100.45347742286475,20.720059540871034],[-100.4534978812777,20.720095873527185],[-100.45354407641649,20.720073117754296],[-100.45344344118487,20.719894396777974],[-100.45335945002344,20.719935770956766],[-100.45339097054351,20.719991749154232],[-100.45343296491242,20.71997105992179],[-100.45344678675245,20.71999560652158],[-100.45338693555125,20.7200250892993],[-100.45342177645153,20.720086955996194]]]},"id":"microsoft-023310003-237572"},{"type":"Feature","properties":{"height":-1,"confidence":-1,"footprintSource":"Microsoft Global ML Building Footprints","footprintMethod":"AI detected from imagery; not surveyed","heightMethod":"No supplied height"},"geometry":{"type":"Polygon","coordinates":[[[-100.44864654760975,20.702191414557745],[-100.44849328910868,20.70220901381043],[-100.44851036124385,20.702339102933962],[-100.44866361844771,20.702321493811652],[-100.44864654760975,20.702191414557745]]]},"id":"microsoft-023310003-238931"},{"type":"Feature","properties":{"height":-1,"confidence":-1,"footprintSource":"Microsoft Global ML Building Footprints","footprintMethod":"AI detected from imagery; not surveyed","heightMethod":"No supplied height"},"geometry":{"type":"Polygon","coordinates":[[[-100.45159694027885,20.700099670533874],[-100.45157625555407,20.700035226678963],[-100.4515147455333,20.70005250292604],[-100.45153543025809,20.700116946773605],[-100.45159694027885,20.700099670533874]]]},"id":"microsoft-023310003-238954"},{"type":"Feature","properties":{"height":-1,"confidence":-1,"footprintSource":"Microsoft Global ML Building Footprints","footprintMethod":"AI detected from imagery; not surveyed","heightMethod":"No supplied height"},"geometry":{"type":"Polygon","coordinates":[[[-100.45379274052388,20.69697659949395],[-100.45383929242307,20.697007333928156],[-100.45388542392796,20.69694618261842],[-100.45383887049388,20.696915450206447],[-100.45379274052388,20.69697659949395]]]},"id":"microsoft-023310003-238968"},{"type":"Feature","properties":{"height":-1,"confidence":-1,"footprintSource":"Microsoft Global ML Building Footprints","footprintMethod":"AI detected from imagery; not surveyed","heightMethod":"No supplied height"},"geometry":{"type":"Polygon","coordinates":[[[-100.45504930764207,20.700931343107683],[-100.4551311851532,20.700932795813316],[-100.4551341347473,20.700787323699814],[-100.45505226811635,20.700785871185843],[-100.45504930764207,20.700931343107683]]]},"id":"microsoft-023310003-238974"},{"type":"Feature","properties":{"height":-1,"confidence":-1,"footprintSource":"Microsoft Global ML Building Footprints","footprintMethod":"AI detected from imagery; not surveyed","heightMethod":"No supplied height"},"geometry":{"type":"Polygon","coordinates":[[[-100.43526212356024,20.695155553607677],[-100.43527178631324,20.695209233087766],[-100.4353135187744,20.695202661819835],[-100.4353038560214,20.695148982337443],[-100.43526212356024,20.695155553607677]]]},"id":"microsoft-023310003-240238"},{"type":"Feature","properties":{"height":-1,"confidence":-1,"footprintSource":"Microsoft Global ML Building Footprints","footprintMethod":"AI detected from imagery; not surveyed","heightMethod":"No supplied height"},"geometry":{"type":"Polygon","coordinates":[[[-100.4490976673206,20.702106744747766],[-100.44912670210995,20.70214331303343],[-100.44915781752738,20.702121695151973],[-100.4491976182191,20.702171822702013],[-100.44929170794023,20.702106452524873],[-100.44919542179225,20.701985172050257],[-100.44915220448688,20.70201519791773],[-100.44917966208118,20.702049783062463],[-100.4490976673206,20.702106744747766]]]},"id":"microsoft-023310003-240310"},{"type":"Feature","properties":{"height":-1,"confidence":-1,"footprintSource":"Microsoft Global ML Building Footprints","footprintMethod":"AI detected from imagery; not surveyed","heightMethod":"No supplied height"},"geometry":{"type":"Polygon","coordinates":[[[-100.4497013523344,20.700300561543912],[-100.44974846335867,20.70045618850395],[-100.4498701350058,20.70042395849903],[-100.4498230239815,20.70026833150591],[-100.4497013523344,20.700300561543912]]]},"id":"microsoft-023310003-240312"},{"type":"Feature","properties":{"height":-1,"confidence":-1,"footprintSource":"Microsoft Global ML Building Footprints","footprintMethod":"AI detected from imagery; not surveyed","heightMethod":"No supplied height"},"geometry":{"type":"Polygon","coordinates":[[[-100.44974328035437,20.69865319978848],[-100.44971373074753,20.69856113625201],[-100.44964237912345,20.698581176893285],[-100.44967192873028,20.698673240417577],[-100.44974328035437,20.69865319978848]]]},"id":"microsoft-023310003-240313"},{"type":"Feature","properties":{"height":-1,"confidence":-1,"footprintSource":"Microsoft Global ML Building Footprints","footprintMethod":"AI detected from imagery; not surveyed","heightMethod":"No supplied height"},"geometry":{"type":"Polygon","coordinates":[[[-100.45108884019504,20.703152342803975],[-100.45104418908205,20.703207340268264],[-100.45122960754182,20.703339062695036],[-100.45125802907317,20.703304055489397],[-100.45119678994885,20.703260550837285],[-100.45124588168481,20.70320008380935],[-100.4511574251719,20.703137243709207],[-100.45112456181339,20.703177722020527],[-100.45108884019504,20.703152342803975]]]},"id":"microsoft-023310003-240320"},{"type":"Feature","properties":{"height":-1,"confidence":-1,"footprintSource":"Microsoft Global ML Building Footprints","footprintMethod":"AI detected from imagery; not surveyed","heightMethod":"No supplied height"},"geometry":{"type":"Polygon","coordinates":[[[-100.45118764263827,20.69844503811801],[-100.4512298383031,20.69858832493732],[-100.45135199852895,20.698556852888345],[-100.45130980067495,20.698413558605452],[-100.45118764263827,20.69844503811801]]]},"id":"microsoft-023310003-240321"},{"type":"Feature","properties":{"height":-1,"confidence":-1,"footprintSource":"Microsoft Global ML Building Footprints","footprintMethod":"AI detected from imagery; not surveyed","heightMethod":"No supplied height"},"geometry":{"type":"Polygon","coordinates":[[[-100.45144587933477,20.700861618684343],[-100.45132687507865,20.70088873218525],[-100.45138422797923,20.70110900582685],[-100.45150323223538,20.701081892365323],[-100.45144587933477,20.700861618684343]]]},"id":"microsoft-023310003-240322"},{"type":"Feature","properties":{"height":-1,"confidence":-1,"footprintSource":"Microsoft Global ML Building Footprints","footprintMethod":"AI detected from imagery; not surveyed","heightMethod":"No supplied height"},"geometry":{"type":"Polygon","coordinates":[[[-100.45310628703568,20.69658766859078],[-100.45305336105336,20.696473681323596],[-100.45291477971426,20.696529989687647],[-100.45294857507653,20.69660278684205],[-100.4529711412047,20.696593619257044],[-100.45299026407291,20.696634811002255],[-100.45310628703568,20.69658766859078]]]},"id":"microsoft-023310003-240333"},{"type":"Feature","properties":{"height":-1,"confidence":-1,"footprintSource":"Microsoft Global ML Building Footprints","footprintMethod":"AI detected from imagery; not surveyed","heightMethod":"No supplied height"},"geometry":{"type":"Polygon","coordinates":[[[-100.45514916438943,20.699617367065173],[-100.45505678920958,20.69960634783773],[-100.45504990339147,20.699656860176702],[-100.45514227938259,20.699667873449343],[-100.45514916438943,20.699617367065173]]]},"id":"microsoft-023310003-240347"},{"type":"Feature","properties":{"height":-1,"confidence":-1,"footprintSource":"Microsoft Global ML Building Footprints","footprintMethod":"AI detected from imagery; not surveyed","heightMethod":"No supplied height"},"geometry":{"type":"Polygon","coordinates":[[[-100.45574970073928,20.70378918361385],[-100.45567590883692,20.70361896429236],[-100.45562293000216,20.703639060627467],[-100.45569672190452,20.70380927992639],[-100.45574970073928,20.70378918361385]]]},"id":"microsoft-023310003-240353"},{"type":"Feature","properties":{"height":-1,"confidence":-1,"footprintSource":"Microsoft Global ML Building Footprints","footprintMethod":"AI detected from imagery; not surveyed","heightMethod":"No supplied height"},"geometry":{"type":"Polygon","coordinates":[[[-100.4568347986004,20.7006692193021],[-100.45675707524599,20.70071759635526],[-100.45676369417953,20.700737418393018],[-100.45678580204395,20.700768499064424],[-100.45668546083068,20.70083096059136],[-100.45660680290696,20.700853943940743],[-100.45665336646427,20.700993389878974],[-100.45658670875314,20.70101286682123],[-100.45653471528303,20.70104523225234],[-100.45655710888327,20.701076714565772],[-100.45671268647666,20.70103125583732],[-100.45664295302889,20.70107465966022],[-100.45667640391692,20.70117483637675],[-100.45671657260735,20.70116309936394],[-100.45673944501281,20.701195251404442],[-100.45678838435424,20.70116479037327],[-100.45677003610304,20.70110984213379],[-100.45682736300559,20.701093091602942],[-100.45681283179135,20.701049564624498],[-100.45683653496016,20.701082884504757],[-100.4569021536098,20.701063711178236],[-100.45689159377716,20.701032087207608],[-100.4568640043768,20.700993304382905],[-100.45690277175245,20.70096917205977],[-100.45684173186163,20.70078637315187],[-100.45686837938653,20.700769785298505],[-100.4568347986004,20.7006692193021]]]},"id":"microsoft-023310003-240359"},{"type":"Feature","properties":{"height":-1,"confidence":-1,"footprintSource":"Microsoft Global ML Building Footprints","footprintMethod":"AI detected from imagery; not surveyed","heightMethod":"No supplied height"},"geometry":{"type":"Polygon","coordinates":[[[-100.44999355677577,20.695701034920674],[-100.45009169340042,20.695703219504466],[-100.45009693957613,20.695497587692827],[-100.44999610688444,20.695495343089803],[-100.44999085001602,20.69570200005299],[-100.44986485774639,20.69569918713573],[-100.44986348022007,20.695753340130537],[-100.44999215339047,20.69575620447631],[-100.44999355677577,20.695701034920674]]]},"id":"microsoft-023310003-241656"},{"type":"Feature","properties":{"height":-1,"confidence":-1,"footprintSource":"Microsoft Global ML Building Footprints","footprintMethod":"AI detected from imagery; not surveyed","heightMethod":"No supplied height"},"geometry":{"type":"Polygon","coordinates":[[[-100.45124416728191,20.702707918685007],[-100.45116537258978,20.702639081721486],[-100.45109178381797,20.702712788445027],[-100.4511705785101,20.70278162537508],[-100.45124416728191,20.702707918685007]]]},"id":"microsoft-023310003-241666"},{"type":"Feature","properties":{"height":-1,"confidence":-1,"footprintSource":"Microsoft Global ML Building Footprints","footprintMethod":"AI detected from imagery; not surveyed","heightMethod":"No supplied height"},"geometry":{"type":"Polygon","coordinates":[[[-100.45152248184979,20.702101426504427],[-100.45157484365424,20.702093761246672],[-100.45158057970524,20.702128047845534],[-100.4516538862315,20.702117316486493],[-100.4516219282332,20.701926291037722],[-100.45149625990246,20.70194468767596],[-100.45152248184979,20.702101426504427]]]},"id":"microsoft-023310003-241668"},{"type":"Feature","properties":{"height":-1,"confidence":-1,"footprintSource":"Microsoft Global ML Building Footprints","footprintMethod":"AI detected from imagery; not surveyed","heightMethod":"No supplied height"},"geometry":{"type":"Polygon","coordinates":[[[-100.4521851496206,20.698898012661076],[-100.45219032467787,20.698950254626467],[-100.45223287465252,20.69894656623788],[-100.45222769959524,20.698894324271222],[-100.4521851496206,20.698898012661076]]]},"id":"microsoft-023310003-241674"},{"type":"Feature","properties":{"height":-1,"confidence":-1,"footprintSource":"Microsoft Global ML Building Footprints","footprintMethod":"AI detected from imagery; not surveyed","heightMethod":"No supplied height"},"geometry":{"type":"Polygon","coordinates":[[[-100.45382296016966,20.69742024583408],[-100.45368932542286,20.69735489732207],[-100.45360947680304,20.697497768107638],[-100.45374311610493,20.697563127535133],[-100.45382296016966,20.69742024583408]]]},"id":"microsoft-023310003-241681"},{"type":"Feature","properties":{"height":-1,"confidence":-1,"footprintSource":"Microsoft Global ML Building Footprints","footprintMethod":"AI detected from imagery; not surveyed","heightMethod":"No supplied height"},"geometry":{"type":"Polygon","coordinates":[[[-100.45490583774715,20.698076948782955],[-100.4548138942038,20.6981189600954],[-100.4548524649915,20.698192828690807],[-100.45480798880705,20.698213153873553],[-100.45478951215684,20.698177773514814],[-100.45475603217292,20.698193071350886],[-100.45483797165508,20.698349997102184],[-100.45488344679426,20.69832921542563],[-100.4548612343785,20.698286675503425],[-100.45498566686,20.698229811093142],[-100.45503538611274,20.69832501688147],[-100.45500507019015,20.698338870950806],[-100.45503786373985,20.698401666219553],[-100.45513314235374,20.698358124872627],[-100.45501254671937,20.69812720014157],[-100.45494758402809,20.698156887470148],[-100.45490583774715,20.698076948782955]]]},"id":"microsoft-023310003-241687"},{"type":"Feature","properties":{"height":-1,"confidence":-1,"footprintSource":"Microsoft Global ML Building Footprints","footprintMethod":"AI detected from imagery; not surveyed","heightMethod":"No supplied height"},"geometry":{"type":"Polygon","coordinates":[[[-100.45286934058542,20.71598816363121],[-100.45281750778511,20.715997226779834],[-100.4528252594878,20.716036012027914],[-100.45287709228809,20.716026948881606],[-100.45286934058542,20.71598816363121]]]},"id":"microsoft-023310003-243020"},{"type":"Feature","properties":{"height":-1,"confidence":-1,"footprintSource":"Microsoft Global ML Building Footprints","footprintMethod":"AI detected from imagery; not surveyed","heightMethod":"No supplied height"},"geometry":{"type":"Polygon","coordinates":[[[-100.45329085289576,20.695300261670766],[-100.45329469837247,20.695147289005007],[-100.45324644529478,20.69514622749385],[-100.45324077164064,20.695371924817024],[-100.45338285014712,20.69537505037296],[-100.45338467832457,20.695302325718117],[-100.45329085289576,20.695300261670766]]]},"id":"microsoft-023310003-243022"},{"type":"Feature","properties":{"height":-1,"confidence":-1,"footprintSource":"Microsoft Global ML Building Footprints","footprintMethod":"AI detected from imagery; not surveyed","heightMethod":"No supplied height"},"geometry":{"type":"Polygon","coordinates":[[[-100.45469447807005,20.701159990874103],[-100.45452404400521,20.70116064921595],[-100.45452417107565,20.70118943502223],[-100.45450149160051,20.701189524111882],[-100.45450187455192,20.70127482983233],[-100.45456892859484,20.701274566430428],[-100.45456937381115,20.70137374213165],[-100.45467129598634,20.70137334843372],[-100.45467082821352,20.701269148077245],[-100.45469496766896,20.70126905325256],[-100.45469447807005,20.701159990874103]]]},"id":"microsoft-023310003-243028"},{"type":"Feature","properties":{"height":-1,"confidence":-1,"footprintSource":"Microsoft Global ML Building Footprints","footprintMethod":"AI detected from imagery; not surveyed","heightMethod":"No supplied height"},"geometry":{"type":"Polygon","coordinates":[[[-100.45504905673133,20.70130025945511],[-100.45507587648012,20.701300024165832],[-100.45507545207185,20.701257374289852],[-100.4550218125743,20.70125784486855],[-100.45502218705214,20.701295477112552],[-100.45498074329319,20.701295840698094],[-100.45498265491234,20.701486510465244],[-100.45505090415551,20.70148591171632],[-100.45504905673133,20.70130025945511]]]},"id":"microsoft-023310003-243030"},{"type":"Feature","properties":{"height":-1,"confidence":-1,"footprintSource":"Microsoft Global ML Building Footprints","footprintMethod":"AI detected from imagery; not surveyed","heightMethod":"No supplied height"},"geometry":{"type":"Polygon","coordinates":[[[-100.45524676455688,20.700867219842095],[-100.45515038826522,20.700871150833876],[-100.45515342325803,20.700936262120663],[-100.45524979954968,20.700932331130588],[-100.45524676455688,20.700867219842095]]]},"id":"microsoft-023310003-243033"},{"type":"Feature","properties":{"height":-1,"confidence":-1,"footprintSource":"Microsoft Global ML Building Footprints","footprintMethod":"AI detected from imagery; not surveyed","heightMethod":"No supplied height"},"geometry":{"type":"Polygon","coordinates":[[[-100.4554200108899,20.702563122051416],[-100.4554156597831,20.702522254670257],[-100.45543536257107,20.70252042038689],[-100.45542108895562,20.702386262373665],[-100.45529360565035,20.70239813078051],[-100.45530761493958,20.70252980437685],[-100.45533948576593,20.702526837277816],[-100.45534409869478,20.702570194266556],[-100.4554200108899,20.702563122051416]]]},"id":"microsoft-023310003-243035"},{"type":"Feature","properties":{"height":-1,"confidence":-1,"footprintSource":"Microsoft Global ML Building Footprints","footprintMethod":"AI detected from imagery; not surveyed","heightMethod":"No supplied height"},"geometry":{"type":"Polygon","coordinates":[[[-100.4368283539334,20.708421680984245],[-100.43683402442919,20.708468752719895],[-100.43680224147637,20.70847210269993],[-100.43681317602962,20.708562872215097],[-100.43695355183112,20.708548085552977],[-100.4369369456889,20.708410235214984],[-100.4368283539334,20.708421680984245]]]},"id":"microsoft-023310003-244238"},{"type":"Feature","properties":{"height":-1,"confidence":-1,"footprintSource":"Microsoft Global ML Building Footprints","footprintMethod":"AI detected from imagery; not surveyed","heightMethod":"No supplied height"},"geometry":{"type":"Polygon","coordinates":[[[-100.44820105282265,20.701130048462858],[-100.44824469791818,20.70111674417697],[-100.44822415425806,20.701057771480578],[-100.4481320146119,20.70108585831592],[-100.44816362024288,20.70117658551483],[-100.44821211479349,20.701161802979414],[-100.44820105282265,20.701130048462858]]]},"id":"microsoft-023310003-244272"},{"type":"Feature","properties":{"height":-1,"confidence":-1,"footprintSource":"Microsoft Global ML Building Footprints","footprintMethod":"AI detected from imagery; not surveyed","heightMethod":"No supplied height"},"geometry":{"type":"Polygon","coordinates":[[[-100.45134050944482,20.703107809717707],[-100.4512386639792,20.703008726825416],[-100.45116619045528,20.70307391075616],[-100.45126803592088,20.703172993605833],[-100.45134050944482,20.703107809717707]]]},"id":"microsoft-023310003-244293"},{"type":"Feature","properties":{"height":-1,"confidence":-1,"footprintSource":"Microsoft Global ML Building Footprints","footprintMethod":"AI detected from imagery; not surveyed","heightMethod":"No supplied height"},"geometry":{"type":"Polygon","coordinates":[[[-100.45137144555339,20.69906995577351],[-100.45128004703025,20.699084036015392],[-100.45129036829366,20.699142663697344],[-100.4513817668168,20.69912858346089],[-100.45137144555339,20.69906995577351]]]},"id":"microsoft-023310003-244294"},{"type":"Feature","properties":{"height":-1,"confidence":-1,"footprintSource":"Microsoft Global ML Building Footprints","footprintMethod":"AI detected from imagery; not surveyed","heightMethod":"No supplied height"},"geometry":{"type":"Polygon","coordinates":[[[-100.45248633279436,20.700823678825188],[-100.45237136559288,20.700854855372498],[-100.45243593486052,20.70106315928632],[-100.45249284212312,20.701047727324763],[-100.45251402478766,20.701116063679123],[-100.45255856007252,20.70110398380649],[-100.45249112232212,20.700886426065708],[-100.45250464181174,20.700882758996855],[-100.45248633279436,20.700823678825188]]]},"id":"microsoft-023310003-244302"},{"type":"Feature","properties":{"height":-1,"confidence":-1,"footprintSource":"Microsoft Global ML Building Footprints","footprintMethod":"AI detected from imagery; not surveyed","heightMethod":"No supplied height"},"geometry":{"type":"Polygon","coordinates":[[[-100.45527777322042,20.704636963361637],[-100.4552346972753,20.704575618725798],[-100.45520591563844,20.70459330471165],[-100.45518252981343,20.704560004400975],[-100.45511320452094,20.70460260399925],[-100.45517966949731,20.704697246941805],[-100.45527777322042,20.704636963361637]]]},"id":"microsoft-023310003-244314"},{"type":"Feature","properties":{"height":-1,"confidence":-1,"footprintSource":"Microsoft Global ML Building Footprints","footprintMethod":"AI detected from imagery; not surveyed","heightMethod":"No supplied height"},"geometry":{"type":"Polygon","coordinates":[[[-100.45686896801881,20.701530948433216],[-100.45681456841967,20.701540525410763],[-100.45682558012128,20.701595258302078],[-100.4567826923291,20.70160280583022],[-100.45680238809184,20.70170073860463],[-100.45689968201424,20.70168361015581],[-100.45686896801881,20.701530948433216]]]},"id":"microsoft-023310003-244322"},{"type":"Feature","properties":{"height":-1,"confidence":-1,"footprintSource":"Microsoft Global ML Building Footprints","footprintMethod":"AI detected from imagery; not surveyed","heightMethod":"No supplied height"},"geometry":{"type":"Polygon","coordinates":[[[-100.45203715873578,20.716479099135853],[-100.45196641553892,20.716468910723265],[-100.45195530999432,20.716536403390904],[-100.45202605393555,20.716546587275033],[-100.45203715873578,20.716479099135853]]]},"id":"microsoft-023310003-245684"},{"type":"Feature","properties":{"height":-1,"confidence":-1,"footprintSource":"Microsoft Global ML Building Footprints","footprintMethod":"AI detected from imagery; not surveyed","heightMethod":"No supplied height"},"geometry":{"type":"Polygon","coordinates":[[[-100.45477116852652,20.70234107677645],[-100.45472594022276,20.70234489952911],[-100.4547171583022,20.702253982355742],[-100.454641532273,20.70226037931687],[-100.45465657540507,20.702415996771094],[-100.45471356694041,20.702411179777684],[-100.4547163237393,20.702439720249302],[-100.45478017506176,20.702434319278908],[-100.45477116852652,20.70234107677645]]]},"id":"microsoft-023310003-245699"},{"type":"Feature","properties":{"height":-1,"confidence":-1,"footprintSource":"Microsoft Global ML Building Footprints","footprintMethod":"AI detected from imagery; not surveyed","heightMethod":"No supplied height"},"geometry":{"type":"Polygon","coordinates":[[[-100.45649188156395,20.69501839157566],[-100.45645677365957,20.69498840618813],[-100.45634592143851,20.6951019866826],[-100.45638102934288,20.695131972047662],[-100.45649188156395,20.69501839157566]]]},"id":"microsoft-023310003-245709"},{"type":"Feature","properties":{"height":-1,"confidence":-1,"footprintSource":"Microsoft Global ML Building Footprints","footprintMethod":"AI detected from imagery; not surveyed","heightMethod":"No supplied height"},"geometry":{"type":"Polygon","coordinates":[[[-100.43561171883073,20.697671627660938],[-100.4356364618485,20.69772224925937],[-100.4357007958813,20.697694731924855],[-100.43567605456634,20.697644113801033],[-100.43561171883073,20.697671627660938]]]},"id":"microsoft-023310003-246945"},{"type":"Feature","properties":{"height":-1,"confidence":-1,"footprintSource":"Microsoft Global ML Building Footprints","footprintMethod":"AI detected from imagery; not surveyed","heightMethod":"No supplied height"},"geometry":{"type":"Polygon","coordinates":[[[-100.44815414873244,20.700758172657032],[-100.44815017473735,20.700655436336007],[-100.44809927940317,20.700657159049285],[-100.44810325339827,20.700759895369146],[-100.44815414873244,20.700758172657032]]]},"id":"microsoft-023310003-246992"},{"type":"Feature","properties":{"height":-1,"confidence":-1,"footprintSource":"Microsoft Global ML Building Footprints","footprintMethod":"AI detected from imagery; not surveyed","heightMethod":"No supplied height"},"geometry":{"type":"Polygon","coordinates":[[[-100.45037748530125,20.70229948792378],[-100.4504070211928,20.702384382446922],[-100.45049433477035,20.702357806979975],[-100.45046479708046,20.70227290727304],[-100.45037748530125,20.70229948792378]]]},"id":"microsoft-023310003-247006"},{"type":"Feature","properties":{"height":-1,"confidence":-1,"footprintSource":"Microsoft Global ML Building Footprints","footprintMethod":"AI detected from imagery; not surveyed","heightMethod":"No supplied height"},"geometry":{"type":"Polygon","coordinates":[[[-100.45160989040744,20.699700496538767],[-100.45154222666777,20.69971727735833],[-100.45153824025732,20.699703211633363],[-100.45148811896868,20.69971564187003],[-100.45154090509516,20.699901893302297],[-100.45161358222369,20.699883873926666],[-100.45161859778864,20.699901570918314],[-100.45166370694844,20.69989038371908],[-100.45160989040744,20.699700496538767]]]},"id":"microsoft-023310003-247011"},{"type":"Feature","properties":{"height":-1,"confidence":-1,"footprintSource":"Microsoft Global ML Building Footprints","footprintMethod":"AI detected from imagery; not surveyed","heightMethod":"No supplied height"},"geometry":{"type":"Polygon","coordinates":[[[-100.4542249376584,20.703874362875766],[-100.45425473077725,20.7040024816949],[-100.45434948744688,20.703983194661205],[-100.45431969570545,20.703855081749097],[-100.4542249376584,20.703874362875766]]]},"id":"microsoft-023310003-247029"},{"type":"Feature","properties":{"height":-1,"confidence":-1,"footprintSource":"Microsoft Global ML Building Footprints","footprintMethod":"AI detected from imagery; not surveyed","heightMethod":"No supplied height"},"geometry":{"type":"Polygon","coordinates":[[[-100.45443346778964,20.697903405618888],[-100.45440899608575,20.697918900489043],[-100.45436128135933,20.697977874572246],[-100.45432026974434,20.697921188610408],[-100.45436341255333,20.697893874488003],[-100.4543159826808,20.6978283239969],[-100.4542012189437,20.69797016885036],[-100.45428371271386,20.697917935872],[-100.45424654556075,20.697963873448344],[-100.454273786739,20.698001526002457],[-100.45432748083827,20.698039541874948],[-100.45431005366989,20.698061081359],[-100.45434718701424,20.698112401449208],[-100.45448837425458,20.698023014559823],[-100.45450507206532,20.698002376535953],[-100.45443346778964,20.697903405618888]]]},"id":"microsoft-023310003-247032"},{"type":"Feature","properties":{"height":-1,"confidence":-1,"footprintSource":"Microsoft Global ML Building Footprints","footprintMethod":"AI detected from imagery; not surveyed","heightMethod":"No supplied height"},"geometry":{"type":"Polygon","coordinates":[[[-100.45452041804552,20.698348292491616],[-100.45452292962995,20.698394658865098],[-100.45458035926143,20.698391936630415],[-100.45457784401344,20.69834556666997],[-100.45452041804552,20.698348292491616]]]},"id":"microsoft-023310003-247033"},{"type":"Feature","properties":{"height":-1,"confidence":-1,"footprintSource":"Microsoft Global ML Building Footprints","footprintMethod":"AI detected from imagery; not surveyed","heightMethod":"No supplied height"},"geometry":{"type":"Polygon","coordinates":[[[-100.45720038154768,20.702215914259995],[-100.45716994586658,20.702144460539685],[-100.45710976302483,20.702166891820198],[-100.45714019870593,20.702238345529963],[-100.45720038154768,20.702215914259995]]]},"id":"microsoft-023310003-247045"},{"type":"Feature","properties":{"height":-1,"confidence":-1,"footprintSource":"Microsoft Global ML Building Footprints","footprintMethod":"AI detected from imagery; not surveyed","heightMethod":"No supplied height"},"geometry":{"type":"Polygon","coordinates":[[[-100.45227759395219,20.701477246186286],[-100.45233889076792,20.70153369043605],[-100.45243078548401,20.701446372209006],[-100.4523381624257,20.701361075539168],[-100.45229659328287,20.70140057450736],[-100.45232792167023,20.701429424849422],[-100.45227759395219,20.701477246186286]]]},"id":"microsoft-023310003-248408"},{"type":"Feature","properties":{"height":-1,"confidence":-1,"footprintSource":"Microsoft Global ML Building Footprints","footprintMethod":"AI detected from imagery; not surveyed","heightMethod":"No supplied height"},"geometry":{"type":"Polygon","coordinates":[[[-100.45484876381677,20.704074951929385],[-100.45480641549902,20.704082587381905],[-100.4548218681963,20.7041575798779],[-100.45486421110398,20.704149945404595],[-100.45484876381677,20.704074951929385]]]},"id":"microsoft-023310003-248429"},{"type":"Feature","properties":{"height":-1,"confidence":-1,"footprintSource":"Microsoft Global ML Building Footprints","footprintMethod":"AI detected from imagery; not surveyed","heightMethod":"No supplied height"},"geometry":{"type":"Polygon","coordinates":[[[-100.45547083735224,20.70405740927781],[-100.4554411626741,20.703970983019673],[-100.45517370904854,20.70405133589533],[-100.45525023848163,20.7042742244478],[-100.45553228048675,20.704189488811394],[-100.45550104398345,20.704098513880766],[-100.45540378811961,20.704127733088583],[-100.45538816986796,20.704082245611588],[-100.45547083735224,20.70405740927781]]]},"id":"microsoft-023310003-248432"},{"type":"Feature","properties":{"height":-1,"confidence":-1,"footprintSource":"Microsoft Global ML Building Footprints","footprintMethod":"AI detected from imagery; not surveyed","heightMethod":"No supplied height"},"geometry":{"type":"Polygon","coordinates":[[[-100.45731937098498,20.708519521252796],[-100.45725910378215,20.708531373560177],[-100.45727745971193,20.708613066729896],[-100.45732112763145,20.708604478886144],[-100.45731173354798,20.708562670467387],[-100.45732833592321,20.708559406488078],[-100.45731937098498,20.708519521252796]]]},"id":"microsoft-023310003-248447"},{"type":"Feature","properties":{"height":-1,"confidence":-1,"footprintSource":"Microsoft Global ML Building Footprints","footprintMethod":"AI detected from imagery; not surveyed","heightMethod":"No supplied height"},"geometry":{"type":"Polygon","coordinates":[[[-100.45082728598099,20.700856070937903],[-100.45092320946303,20.700831088566275],[-100.45086321338948,20.700629509602734],[-100.45081093810853,20.700643120805722],[-100.45080262139652,20.700615177721957],[-100.4507503461156,20.70062878892621],[-100.4507646031413,20.70067669069317],[-100.45073224283831,20.700685118639754],[-100.45078937033897,20.700877059509125],[-100.45083035585591,20.700866387900774],[-100.45082728598099,20.700856070937903]]]},"id":"microsoft-023310003-249765"},{"type":"Feature","properties":{"height":-1,"confidence":-1,"footprintSource":"Microsoft Global ML Building Footprints","footprintMethod":"AI detected from imagery; not surveyed","heightMethod":"No supplied height"},"geometry":{"type":"Polygon","coordinates":[[[-100.45115044670894,20.69882657946701],[-100.45104001470435,20.69886015607699],[-100.45108495886194,20.69898950814087],[-100.45119538211316,20.69895593422099],[-100.45115044670894,20.69882657946701]]]},"id":"microsoft-023310003-249767"},{"type":"Feature","properties":{"height":-1,"confidence":-1,"footprintSource":"Microsoft Global ML Building Footprints","footprintMethod":"AI detected from imagery; not surveyed","heightMethod":"No supplied height"},"geometry":{"type":"Polygon","coordinates":[[[-100.4522206555462,20.69919260476661],[-100.45225720231701,20.699324233114083],[-100.45238160266904,20.699294008489915],[-100.45234637003657,20.699167078970063],[-100.45226216406486,20.69918753788366],[-100.45226085882305,20.699182836868985],[-100.4522206555462,20.69919260476661]]]},"id":"microsoft-023310003-249774"},{"type":"Feature","properties":{"height":-1,"confidence":-1,"footprintSource":"Microsoft Global ML Building Footprints","footprintMethod":"AI detected from imagery; not surveyed","heightMethod":"No supplied height"},"geometry":{"type":"Polygon","coordinates":[[[-100.45243830504555,20.699459753209283],[-100.45232681811747,20.699484993643154],[-100.45233908275776,20.699532398242823],[-100.45245056968585,20.699507157816853],[-100.45243830504555,20.699459753209283]]]},"id":"microsoft-023310003-249776"},{"type":"Feature","properties":{"height":-1,"confidence":-1,"footprintSource":"Microsoft Global ML Building Footprints","footprintMethod":"AI detected from imagery; not surveyed","heightMethod":"No supplied height"},"geometry":{"type":"Polygon","coordinates":[[[-100.45488305835465,20.702432075380443],[-100.4547131741109,20.70243784782606],[-100.45472037436134,20.702623270246733],[-100.45489024475002,20.702617498278926],[-100.45488305835465,20.702432075380443]]]},"id":"microsoft-023310003-249784"},{"type":"Feature","properties":{"height":-1,"confidence":-1,"footprintSource":"Microsoft Global ML Building Footprints","footprintMethod":"AI detected from imagery; not surveyed","heightMethod":"No supplied height"},"geometry":{"type":"Polygon","coordinates":[[[-100.4578026940736,20.70234002005735],[-100.45775725854878,20.702227082544056],[-100.45770557025853,20.70224527838637],[-100.45775100697581,20.70235821885025],[-100.4578026940736,20.70234002005735]]]},"id":"microsoft-023310003-249797"},{"type":"Feature","properties":{"height":-1,"confidence":-1,"footprintSource":"Microsoft Global ML Building Footprints","footprintMethod":"AI detected from imagery; not surveyed","heightMethod":"No supplied height"},"geometry":{"type":"Polygon","coordinates":[[[-100.44829854459509,20.701126115580294],[-100.44827897577389,20.701046617817852],[-100.44822293834301,20.701058688101213],[-100.44827103266915,20.701254069800996],[-100.44819207083474,20.701271077903996],[-100.44820929222529,20.701341039196905],[-100.44828940640305,20.70132378813622],[-100.44827570683896,20.70126811721441],[-100.44839033061089,20.70124342765368],[-100.44837236871312,20.7011704358426],[-100.44843604956075,20.701156723370943],[-100.44842197702047,20.701099536722396],[-100.44829854459509,20.701126115580294]]]},"id":"microsoft-023310003-251145"},{"type":"Feature","properties":{"height":-1,"confidence":-1,"footprintSource":"Microsoft Global ML Building Footprints","footprintMethod":"AI detected from imagery; not surveyed","heightMethod":"No supplied height"},"geometry":{"type":"Polygon","coordinates":[[[-100.44920748662472,20.698243759352366],[-100.44914660042913,20.698261889054336],[-100.44922209852184,20.698483764597796],[-100.44933900238216,20.698448962568747],[-100.44931234110803,20.698370609817957],[-100.4492563258081,20.698387289129897],[-100.44920748662472,20.698243759352366]]]},"id":"microsoft-023310003-251159"},{"type":"Feature","properties":{"height":-1,"confidence":-1,"footprintSource":"Microsoft Global ML Building Footprints","footprintMethod":"AI detected from imagery; not surveyed","heightMethod":"No supplied height"},"geometry":{"type":"Polygon","coordinates":[[[-100.44815354588383,20.69703934179107],[-100.44819824214912,20.697171657381972],[-100.44828603505619,20.69714570533081],[-100.44829297068355,20.697166237053608],[-100.44845392434654,20.697118658288062],[-100.44845931872335,20.697134627408857],[-100.44853630678958,20.697111869320935],[-100.44851964173243,20.697062524355957],[-100.44857329511092,20.697046667633273],[-100.44853294430386,20.696927189466663],[-100.44815354588383,20.69703934179107]]]},"id":"microsoft-023310003-252499"},{"type":"Feature","properties":{"height":-1,"confidence":-1,"footprintSource":"Microsoft Global ML Building Footprints","footprintMethod":"AI detected from imagery; not surveyed","heightMethod":"No supplied height"},"geometry":{"type":"Polygon","coordinates":[[[-100.44871879178615,20.697980776842755],[-100.44873884791332,20.69808627315801],[-100.44887144678691,20.69806421362175],[-100.44885138905991,20.697958708875944],[-100.44871879178615,20.697980776842755]]]},"id":"microsoft-023310003-252505"},{"type":"Feature","properties":{"height":-1,"confidence":-1,"footprintSource":"Microsoft Global ML Building Footprints","footprintMethod":"AI detected from imagery; not surveyed","heightMethod":"No supplied height"},"geometry":{"type":"Polygon","coordinates":[[[-100.44887530072474,20.699654528379057],[-100.448861887312,20.69961317219257],[-100.44881030884646,20.69962781097557],[-100.4488237222592,20.699669167158063],[-100.44887530072474,20.699654528379057]]]},"id":"microsoft-023310003-252508"},{"type":"Feature","properties":{"height":-1,"confidence":-1,"footprintSource":"Microsoft Global ML Building Footprints","footprintMethod":"AI detected from imagery; not surveyed","heightMethod":"No supplied height"},"geometry":{"type":"Polygon","coordinates":[[[-100.44899738807412,20.696667099878013],[-100.44912585914943,20.696672659723475],[-100.44913019288276,20.696585028347897],[-100.44900172180745,20.696579468499195],[-100.44899738807412,20.696667099878013]]]},"id":"microsoft-023310003-252510"},{"type":"Feature","properties":{"height":-1,"confidence":-1,"footprintSource":"Microsoft Global ML Building Footprints","footprintMethod":"AI detected from imagery; not surveyed","heightMethod":"No supplied height"},"geometry":{"type":"Polygon","coordinates":[[[-100.45091421953484,20.699901808531806],[-100.4507999372874,20.699921134879943],[-100.45082951874775,20.70007420289845],[-100.45090743846191,20.700061025856456],[-100.45091542076072,20.700102329902037],[-100.45098554850348,20.700090470566494],[-100.45097334028173,20.700027299663745],[-100.45093957507225,20.700033009716677],[-100.45091421953484,20.699901808531806]]]},"id":"microsoft-023310003-252524"},{"type":"Feature","properties":{"height":-1,"confidence":-1,"footprintSource":"Microsoft Global ML Building Footprints","footprintMethod":"AI detected from imagery; not surveyed","heightMethod":"No supplied height"},"geometry":{"type":"Polygon","coordinates":[[[-100.45333211179705,20.699893113884883],[-100.45336632286741,20.69988867679919],[-100.45335793089247,20.699832056865816],[-100.45332371982208,20.69983649395317],[-100.45333211179705,20.699893113884883]]]},"id":"microsoft-023310003-252540"},{"type":"Feature","properties":{"height":-1,"confidence":-1,"footprintSource":"Microsoft Global ML Building Footprints","footprintMethod":"AI detected from imagery; not surveyed","heightMethod":"No supplied height"},"geometry":{"type":"Polygon","coordinates":[[[-100.44980554806688,20.701400034718063],[-100.44968642006621,20.70141283338603],[-100.44970040615596,20.701526746249527],[-100.44981953415663,20.701513947591167],[-100.44980554806688,20.701400034718063]]]},"id":"microsoft-023310003-253968"},{"type":"Feature","properties":{"height":-1,"confidence":-1,"footprintSource":"Microsoft Global ML Building Footprints","footprintMethod":"AI detected from imagery; not surveyed","heightMethod":"No supplied height"},"geometry":{"type":"Polygon","coordinates":[[[-100.44993541408492,20.696586908540453],[-100.44979337973666,20.696583002841024],[-100.44979144211315,20.696644665046023],[-100.449763082177,20.696643887053824],[-100.44976135321853,20.696699040076382],[-100.44993174367208,20.696703714360368],[-100.44993541408492,20.696586908540453]]]},"id":"microsoft-023310003-253972"},{"type":"Feature","properties":{"height":-1,"confidence":-1,"footprintSource":"Microsoft Global ML Building Footprints","footprintMethod":"AI detected from imagery; not surveyed","heightMethod":"No supplied height"},"geometry":{"type":"Polygon","coordinates":[[[-100.45002947449296,20.698435591567772],[-100.45006338568034,20.698517111126122],[-100.45010065708381,20.698503543584224],[-100.45012113263955,20.698552765030684],[-100.45016073256909,20.69853834726908],[-100.4501063449444,20.69840760412532],[-100.45002947449296,20.698435591567772]]]},"id":"microsoft-023310003-253973"},{"type":"Feature","properties":{"height":-1,"confidence":-1,"footprintSource":"Microsoft Global ML Building Footprints","footprintMethod":"AI detected from imagery; not surveyed","heightMethod":"No supplied height"},"geometry":{"type":"Polygon","coordinates":[[[-100.45165922839965,20.702633290074758],[-100.4517640868854,20.702723283719294],[-100.45183283776112,20.702653182858512],[-100.45180807864432,20.70263193523421],[-100.45184682663762,20.70259242636952],[-100.45176672361276,20.70252368401735],[-100.45165922839965,20.702633290074758]]]},"id":"microsoft-023310003-253981"},{"type":"Feature","properties":{"height":-1,"confidence":-1,"footprintSource":"Microsoft Global ML Building Footprints","footprintMethod":"AI detected from imagery; not surveyed","heightMethod":"No supplied height"},"geometry":{"type":"Polygon","coordinates":[[[-100.45170958550911,20.69609447643529],[-100.45181439347216,20.69612130005997],[-100.45184989463371,20.695999911593816],[-100.45174508667064,20.69597308794765],[-100.45170958550911,20.69609447643529]]]},"id":"microsoft-023310003-253982"},{"type":"Feature","properties":{"height":-1,"confidence":-1,"footprintSource":"Microsoft Global ML Building Footprints","footprintMethod":"AI detected from imagery; not surveyed","heightMethod":"No supplied height"},"geometry":{"type":"Polygon","coordinates":[[[-100.45320882468647,20.699641881333008],[-100.45311432878893,20.699661691203943],[-100.45313665040958,20.699754865148293],[-100.45323114630715,20.69973505528955],[-100.45320882468647,20.699641881333008]]]},"id":"microsoft-023310003-253992"},{"type":"Feature","properties":{"height":-1,"confidence":-1,"footprintSource":"Microsoft Global ML Building Footprints","footprintMethod":"AI detected from imagery; not surveyed","heightMethod":"No supplied height"},"geometry":{"type":"Polygon","coordinates":[[[-100.45494446213638,20.70474648187212],[-100.45500473001451,20.704731768538736],[-100.45498738793455,20.70466961232016],[-100.45492711902573,20.704684321965487],[-100.45494446213638,20.70474648187212]]]},"id":"microsoft-023310003-254000"},{"type":"Feature","properties":{"height":-1,"confidence":-1,"footprintSource":"Microsoft Global ML Building Footprints","footprintMethod":"AI detected from imagery; not surveyed","heightMethod":"No supplied height"},"geometry":{"type":"Polygon","coordinates":[[[-100.45590974707368,20.697403574424712],[-100.45588949201868,20.69747642857591],[-100.45594978665927,20.697491097828575],[-100.45597004171427,20.697418243684425],[-100.45590974707368,20.697403574424712]]]},"id":"microsoft-023310003-254007"},{"type":"Feature","properties":{"height":-1,"confidence":-1,"footprintSource":"Microsoft Global ML Building Footprints","footprintMethod":"AI detected from imagery; not surveyed","heightMethod":"No supplied height"},"geometry":{"type":"Polygon","coordinates":[[[-100.45720472280577,20.703644975187387],[-100.45722810307261,20.70369577738184],[-100.45728102387129,20.703674469645392],[-100.45725764681134,20.70362366615261],[-100.45720472280577,20.703644975187387]]]},"id":"microsoft-023310003-254014"},{"type":"Feature","properties":{"height":-1,"confidence":-1,"footprintSource":"Microsoft Global ML Building Footprints","footprintMethod":"AI detected from imagery; not surveyed","heightMethod":"No supplied height"},"geometry":{"type":"Polygon","coordinates":[[[-100.44901781098248,20.699181594429035],[-100.4490566046373,20.699167937612856],[-100.44906864303053,20.69919786164266],[-100.44915436827606,20.69916767754185],[-100.44911015335988,20.699057792191084],[-100.4489856373157,20.699101634671322],[-100.44901781098248,20.699181594429035]]]},"id":"microsoft-023310003-255237"},{"type":"Feature","properties":{"height":-1,"confidence":-1,"footprintSource":"Microsoft Global ML Building Footprints","footprintMethod":"AI detected from imagery; not surveyed","heightMethod":"No supplied height"},"geometry":{"type":"Polygon","coordinates":[[[-100.44908617352431,20.70417974451358],[-100.44902396238342,20.704190594689138],[-100.44904298961889,20.704286089909573],[-100.44910520154406,20.704275243677017],[-100.44908617352431,20.70417974451358]]]},"id":"microsoft-023310003-255238"},{"type":"Feature","properties":{"height":-1,"confidence":-1,"footprintSource":"Microsoft Global ML Building Footprints","footprintMethod":"AI detected from imagery; not surveyed","heightMethod":"No supplied height"},"geometry":{"type":"Polygon","coordinates":[[[-100.44930709484247,20.700861330122706],[-100.4493743314157,20.700843867410555],[-100.44938885092235,20.70089278628123],[-100.44943616554795,20.700880497708752],[-100.44939537264825,20.700743058925553],[-100.44928082144942,20.700772810231555],[-100.44930709484247,20.700861330122706]]]},"id":"microsoft-023310003-255240"},{"type":"Feature","properties":{"height":-1,"confidence":-1,"footprintSource":"Microsoft Global ML Building Footprints","footprintMethod":"AI detected from imagery; not surveyed","heightMethod":"No supplied height"},"geometry":{"type":"Polygon","coordinates":[[[-100.45079617962018,20.702511549833105],[-100.4507627783235,20.70254564604774],[-100.4507957041155,20.702573867623656],[-100.45082910402547,20.70253977022675],[-100.45079617962018,20.702511549833105]]]},"id":"microsoft-023310003-255253"},{"type":"Feature","properties":{"height":-1,"confidence":-1,"footprintSource":"Microsoft Global ML Building Footprints","footprintMethod":"AI detected from imagery; not surveyed","heightMethod":"No supplied height"},"geometry":{"type":"Polygon","coordinates":[[[-100.45343330320205,20.694958924412177],[-100.45340650979644,20.694959743641732],[-100.45341063457072,20.695077547048598],[-100.45343742797634,20.69507672781971],[-100.45343330320205,20.694958924412177]]]},"id":"microsoft-023310003-255271"},{"type":"Feature","properties":{"height":-1,"confidence":-1,"footprintSource":"Microsoft Global ML Building Footprints","footprintMethod":"AI detected from imagery; not surveyed","heightMethod":"No supplied height"},"geometry":{"type":"Polygon","coordinates":[[[-100.4544369670733,20.71055430827812],[-100.45444430451714,20.710608636628336],[-100.45448918580033,20.710603333178668],[-100.45448184835652,20.710549004826532],[-100.4544369670733,20.71055430827812]]]},"id":"microsoft-023310003-255275"},{"type":"Feature","properties":{"height":-1,"confidence":-1,"footprintSource":"Microsoft Global ML Building Footprints","footprintMethod":"AI detected from imagery; not surveyed","heightMethod":"No supplied height"},"geometry":{"type":"Polygon","coordinates":[[[-100.45592441903607,20.7038711766358],[-100.45595061151205,20.70394026480936],[-100.4560197044079,20.703917340032646],[-100.45603623643058,20.703960946715696],[-100.45610771341595,20.70393723558928],[-100.45606546655553,20.703825800576695],[-100.4559987547025,20.70384793097773],[-100.45598354583277,20.703807814358996],[-100.45601451919308,20.703797539527628],[-100.45598325651639,20.703715077550186],[-100.45573308706756,20.70379806659804],[-100.45577908570338,20.703919397728484],[-100.45592441903607,20.7038711766358]]]},"id":"microsoft-023310003-255287"},{"type":"Feature","properties":{"height":-1,"confidence":-1,"footprintSource":"Microsoft Global ML Building Footprints","footprintMethod":"AI detected from imagery; not surveyed","heightMethod":"No supplied height"},"geometry":{"type":"Polygon","coordinates":[[[-100.44324756025716,20.717039258849937],[-100.44319142996645,20.717051145763392],[-100.4432055766143,20.71710956896274],[-100.44326170605869,20.717097678558716],[-100.44324756025716,20.717039258849937]]]},"id":"microsoft-023310003-256600"},{"type":"Feature","properties":{"height":-1,"confidence":-1,"footprintSource":"Microsoft Global ML Building Footprints","footprintMethod":"AI detected from imagery; not surveyed","heightMethod":"No supplied height"},"geometry":{"type":"Polygon","coordinates":[[[-100.44843898382994,20.69611634783456],[-100.44846255447463,20.696208953464648],[-100.44871638508032,20.696152416094932],[-100.44869281443565,20.696059810430327],[-100.44843898382994,20.69611634783456]]]},"id":"microsoft-023310003-256632"},{"type":"Feature","properties":{"height":-1,"confidence":-1,"footprintSource":"Microsoft Global ML Building Footprints","footprintMethod":"AI detected from imagery; not surveyed","heightMethod":"No supplied height"},"geometry":{"type":"Polygon","coordinates":[[[-100.44854748553395,20.700977121963234],[-100.44857781404048,20.70111950223071],[-100.44864230858738,20.701107480869666],[-100.4486515613521,20.701150918894214],[-100.44874443349967,20.701133608137596],[-100.44873415264998,20.701085343659628],[-100.44874189199562,20.701083901096027],[-100.44871259157405,20.700946347248163],[-100.44854748553395,20.700977121963234]]]},"id":"microsoft-023310003-256634"},{"type":"Feature","properties":{"height":-1,"confidence":-1,"footprintSource":"Microsoft Global ML Building Footprints","footprintMethod":"AI detected from imagery; not surveyed","heightMethod":"No supplied height"},"geometry":{"type":"Polygon","coordinates":[[[-100.44912911835415,20.694953642229507],[-100.44935676016547,20.6949619439486],[-100.44936166715036,20.694844193283345],[-100.44930542623226,20.694842142268826],[-100.44930594825192,20.69482961559676],[-100.44923363850009,20.69482697857785],[-100.44923378350754,20.69482349889887],[-100.44913469209618,20.694819891684077],[-100.44912911835415,20.694953642229507]]]},"id":"microsoft-023310003-256639"},{"type":"Feature","properties":{"height":-1,"confidence":-1,"footprintSource":"Microsoft Global ML Building Footprints","footprintMethod":"AI detected from imagery; not surveyed","heightMethod":"No supplied height"},"geometry":{"type":"Polygon","coordinates":[[[-100.44931936291918,20.703387364769128],[-100.44925938558976,20.703396847663413],[-100.4492712861867,20.70346270907524],[-100.44923999366699,20.703467656669872],[-100.44924792739828,20.70351156426041],[-100.44916969609902,20.70352393324272],[-100.44919702339567,20.703675170389374],[-100.44935870141413,20.703649607850352],[-100.44934503776581,20.703573989283115],[-100.44936589944561,20.70357069088901],[-100.44935294453634,20.703498994651596],[-100.44941813653594,20.70348868301521],[-100.44940993557823,20.703443296508325],[-100.44933170427898,20.703455665496207],[-100.44931936291918,20.703387364769128]]]},"id":"microsoft-023310003-256641"},{"type":"Feature","properties":{"height":-1,"confidence":-1,"footprintSource":"Microsoft Global ML Building Footprints","footprintMethod":"AI detected from imagery; not surveyed","heightMethod":"No supplied height"},"geometry":{"type":"Polygon","coordinates":[[[-100.44982466514053,20.695702832162624],[-100.44982978768168,20.695600181601932],[-100.44931057064103,20.695577507308073],[-100.44930544809988,20.695680157884112],[-100.44982466514053,20.695702832162624]]]},"id":"microsoft-023310003-256643"},{"type":"Feature","properties":{"height":-1,"confidence":-1,"footprintSource":"Microsoft Global ML Building Footprints","footprintMethod":"AI detected from imagery; not surveyed","heightMethod":"No supplied height"},"geometry":{"type":"Polygon","coordinates":[[[-100.45323352814566,20.700574402652748],[-100.45315122843662,20.700582220918378],[-100.45316255196747,20.700686525140227],[-100.45324485167649,20.700678706879955],[-100.45323352814566,20.700574402652748]]]},"id":"microsoft-023310003-256662"},{"type":"Feature","properties":{"height":-1,"confidence":-1,"footprintSource":"Microsoft Global ML Building Footprints","footprintMethod":"AI detected from imagery; not surveyed","heightMethod":"No supplied height"},"geometry":{"type":"Polygon","coordinates":[[[-100.45488595364593,20.702619437502037],[-100.45478653216894,20.702637174722156],[-100.45481786948949,20.702790819386905],[-100.45495244570031,20.70276680162395],[-100.45492973255948,20.702655440699786],[-100.45489457349254,20.702661715529473],[-100.45488595364593,20.702619437502037]]]},"id":"microsoft-023310003-256667"},{"type":"Feature","properties":{"height":-1,"confidence":-1,"footprintSource":"Microsoft Global ML Building Footprints","footprintMethod":"AI detected from imagery; not surveyed","heightMethod":"No supplied height"},"geometry":{"type":"Polygon","coordinates":[[[-100.45773382689761,20.695435626909813],[-100.4576152618998,20.695380814079783],[-100.45758223633362,20.695443329398415],[-100.45770080133141,20.69549814220585],[-100.45773382689761,20.695435626909813]]]},"id":"microsoft-023310003-256683"},{"type":"Feature","properties":{"height":-1,"confidence":-1,"footprintSource":"Microsoft Global ML Building Footprints","footprintMethod":"AI detected from imagery; not surveyed","heightMethod":"No supplied height"},"geometry":{"type":"Polygon","coordinates":[[[-100.44317365458716,20.694846593552583],[-100.44310035712053,20.694849223400553],[-100.44310343316447,20.69492438726523],[-100.44317673624633,20.694921757217102],[-100.44317365458716,20.694846593552583]]]},"id":"microsoft-023310003-257948"},{"type":"Feature","properties":{"height":-1,"confidence":-1,"footprintSource":"Microsoft Global ML Building Footprints","footprintMethod":"AI detected from imagery; not surveyed","heightMethod":"No supplied height"},"geometry":{"type":"Polygon","coordinates":[[[-100.44817326663218,20.700476700004444],[-100.44816129604715,20.700203672728833],[-100.4481987839149,20.700202234479633],[-100.44819570890225,20.70013209895265],[-100.44814880920738,20.700133898294254],[-100.4481455201638,20.700058752836313],[-100.44810137228119,20.700060446603402],[-100.4480957009926,20.69993109453064],[-100.44813318896782,20.69992965872909],[-100.44812868625779,20.699826959788922],[-100.44805371030736,20.69982983139394],[-100.44805312186905,20.69981641014037],[-100.44799421236253,20.699818670252014],[-100.44801237218334,20.700232863599368],[-100.44804986015859,20.700231427800674],[-100.4480608030288,20.700481014744184],[-100.44817326663218,20.700476700004444]]]},"id":"microsoft-023310003-257968"},{"type":"Feature","properties":{"height":-1,"confidence":-1,"footprintSource":"Microsoft Global ML Building Footprints","footprintMethod":"AI detected from imagery; not surveyed","heightMethod":"No supplied height"},"geometry":{"type":"Polygon","coordinates":[[[-100.44924143194277,20.695282011234653],[-100.4492387248922,20.695379801869663],[-100.4493566630001,20.69538265890408],[-100.44935937005067,20.69528486827093],[-100.44924143194277,20.695282011234653]]]},"id":"microsoft-023310003-257974"},{"type":"Feature","properties":{"height":-1,"confidence":-1,"footprintSource":"Microsoft Global ML Building Footprints","footprintMethod":"AI detected from imagery; not surveyed","heightMethod":"No supplied height"},"geometry":{"type":"Polygon","coordinates":[[[-100.44924249810205,20.699374774691933],[-100.44928793572883,20.69949986315801],[-100.44942139918048,20.699457440346592],[-100.44939557911837,20.699386343814723],[-100.44935107919794,20.699400485693488],[-100.44933146924764,20.69934650004747],[-100.44924249810205,20.699374774691933]]]},"id":"microsoft-023310003-257975"},{"type":"Feature","properties":{"height":-1,"confidence":-1,"footprintSource":"Microsoft Global ML Building Footprints","footprintMethod":"AI detected from imagery; not surveyed","heightMethod":"No supplied height"},"geometry":{"type":"Polygon","coordinates":[[[-100.45265217605295,20.70012593155643],[-100.45251611884787,20.700170692945278],[-100.45255345524876,20.700270001120842],[-100.45268951543427,20.70022524768872],[-100.45265217605295,20.70012593155643]]]},"id":"microsoft-023310003-257986"},{"type":"Feature","properties":{"height":-1,"confidence":-1,"footprintSource":"Microsoft Global ML Building Footprints","footprintMethod":"AI detected from imagery; not surveyed","heightMethod":"No supplied height"},"geometry":{"type":"Polygon","coordinates":[[[-100.45307551979711,20.696662269145634],[-100.453129561976,20.696778230468908],[-100.45317013111375,20.696761685356392],[-100.45311608893483,20.696645724020456],[-100.45307551979711,20.696662269145634]]]},"id":"microsoft-023310003-257990"},{"type":"Feature","properties":{"height":-1,"confidence":-1,"footprintSource":"Microsoft Global ML Building Footprints","footprintMethod":"AI detected from imagery; not surveyed","heightMethod":"No supplied height"},"geometry":{"type":"Polygon","coordinates":[[[-100.4537934861607,20.69553483575102],[-100.45379542930544,20.69560883033938],[-100.45384368003172,20.695607724655844],[-100.45384173680411,20.695533726909744],[-100.4537934861607,20.69553483575102]]]},"id":"microsoft-023310003-257993"},{"type":"Feature","properties":{"height":-1,"confidence":-1,"footprintSource":"Microsoft Global ML Building Footprints","footprintMethod":"AI detected from imagery; not surveyed","heightMethod":"No supplied height"},"geometry":{"type":"Polygon","coordinates":[[[-100.45612568961796,20.704260567058242],[-100.45619319895647,20.704240824019607],[-100.4561481197025,20.70410597715565],[-100.45600151961273,20.704148850240387],[-100.45604201453581,20.704269983835147],[-100.45595495614155,20.70429544397024],[-100.45599773450643,20.704423436608124],[-100.45607502828501,20.704400832143847],[-100.45609794993959,20.70446939822746],[-100.45618680156778,20.704443413692772],[-100.45612568961796,20.704260567058242]]]},"id":"microsoft-023310003-258005"},{"type":"Feature","properties":{"height":-1,"confidence":-1,"footprintSource":"Microsoft Global ML Building Footprints","footprintMethod":"AI detected from imagery; not surveyed","heightMethod":"No supplied height"},"geometry":{"type":"Polygon","coordinates":[[[-100.4566200573997,20.709039230466573],[-100.45660348639305,20.70914591089293],[-100.45665339474186,20.709152693875595],[-100.45666996525149,20.70904601665373],[-100.4566200573997,20.709039230466573]]]},"id":"microsoft-023310003-258011"},{"type":"Feature","properties":{"height":-1,"confidence":-1,"footprintSource":"Microsoft Global ML Building Footprints","footprintMethod":"AI detected from imagery; not surveyed","heightMethod":"No supplied height"},"geometry":{"type":"Polygon","coordinates":[[[-100.4578058178097,20.70286174424149],[-100.45762704282676,20.702917269362715],[-100.45772490347653,20.703192973899817],[-100.45790367845946,20.70313744887956],[-100.4578058178097,20.70286174424149]]]},"id":"microsoft-023310003-258014"},{"type":"Feature","properties":{"height":-1,"confidence":-1,"footprintSource":"Microsoft Global ML Building Footprints","footprintMethod":"AI detected from imagery; not surveyed","heightMethod":"No supplied height"},"geometry":{"type":"Polygon","coordinates":[[[-100.45087952224735,20.696429816748633],[-100.45084632057318,20.69632898246131],[-100.45075668176746,20.696354811263888],[-100.45084164220928,20.696612779386882],[-100.45089308559815,20.696597952987418],[-100.45091346317953,20.69665982603422],[-100.4509477587721,20.696649941771142],[-100.45092770806876,20.696589061229957],[-100.4510173308673,20.6965632370796],[-100.45104223212292,20.696638862684594],[-100.45110347666451,20.696621215526562],[-100.45111220121724,20.696647712159617],[-100.45120529108753,20.696620882913535],[-100.45112228853642,20.69636880235049],[-100.4510571510688,20.69638757552198],[-100.45105446154211,20.696379409220228],[-100.45087952224735,20.696429816748633]]]},"id":"microsoft-023310003-259311"},{"type":"Feature","properties":{"height":-1,"confidence":-1,"footprintSource":"Microsoft Global ML Building Footprints","footprintMethod":"AI detected from imagery; not surveyed","heightMethod":"No supplied height"},"geometry":{"type":"Polygon","coordinates":[[[-100.45205000776397,20.702311096719782],[-100.45200932888731,20.702293458145505],[-100.45198217171944,20.702348270429866],[-100.45207362961233,20.702387921047006],[-100.45212023241795,20.702293875150133],[-100.45206945246832,20.702271856694807],[-100.45205000776397,20.702311096719782]]]},"id":"microsoft-023310003-259317"},{"type":"Feature","properties":{"height":-1,"confidence":-1,"footprintSource":"Microsoft Global ML Building Footprints","footprintMethod":"AI detected from imagery; not surveyed","heightMethod":"No supplied height"},"geometry":{"type":"Polygon","coordinates":[[[-100.45219588570366,20.697779282870243],[-100.45238516924883,20.697935567004052],[-100.45249366237171,20.697820589315143],[-100.45235714744666,20.69770786519169],[-100.45244896391237,20.697610553057018],[-100.45236839243505,20.697544022893],[-100.45222263315205,20.697698494378713],[-100.45225044520814,20.697721457744706],[-100.45219588570366,20.697779282870243]]]},"id":"microsoft-023310003-259319"},{"type":"Feature","properties":{"height":-1,"confidence":-1,"footprintSource":"Microsoft Global ML Building Footprints","footprintMethod":"AI detected from imagery; not surveyed","heightMethod":"No supplied height"},"geometry":{"type":"Polygon","coordinates":[[[-100.4528568499702,20.695997021182578],[-100.45280664629988,20.695991249295574],[-100.45282206574964,20.695873882495775],[-100.45276921933308,20.69586781022882],[-100.45277409046486,20.695830733065293],[-100.45267632459422,20.695819499368028],[-100.45266902486355,20.6958750620841],[-100.45271658623544,20.695880530191744],[-100.45270814301193,20.695944796703756],[-100.45267379313226,20.695940847516567],[-100.45264878820109,20.69613117510886],[-100.45283639139015,20.696152743718173],[-100.4528568499702,20.695997021182578]]]},"id":"microsoft-023310003-259323"},{"type":"Feature","properties":{"height":-1,"confidence":-1,"footprintSource":"Microsoft Global ML Building Footprints","footprintMethod":"AI detected from imagery; not surveyed","heightMethod":"No supplied height"},"geometry":{"type":"Polygon","coordinates":[[[-100.45286503497921,20.696359662954066],[-100.45281894800752,20.696366304283103],[-100.4528288476805,20.696426394407638],[-100.45287492977532,20.696419750766935],[-100.45286503497921,20.696359662954066]]]},"id":"microsoft-023310003-259324"},{"type":"Feature","properties":{"height":-1,"confidence":-1,"footprintSource":"Microsoft Global ML Building Footprints","footprintMethod":"AI detected from imagery; not surveyed","heightMethod":"No supplied height"},"geometry":{"type":"Polygon","coordinates":[[[-100.45423927895831,20.698806078804594],[-100.45418712399923,20.698688287431068],[-100.4540989244746,20.69872246107417],[-100.45415108695593,20.698840249506617],[-100.45423927895831,20.698806078804594]]]},"id":"microsoft-023310003-259330"},{"type":"Feature","properties":{"height":-1,"confidence":-1,"footprintSource":"Microsoft Global ML Building Footprints","footprintMethod":"AI detected from imagery; not surveyed","heightMethod":"No supplied height"},"geometry":{"type":"Polygon","coordinates":[[[-100.45447008420591,20.699033352815064],[-100.45447607512654,20.69913843533142],[-100.45454828964368,20.699134837357533],[-100.45454229872303,20.699029754838662],[-100.45447008420591,20.699033352815064]]]},"id":"microsoft-023310003-259333"},{"type":"Feature","properties":{"height":-1,"confidence":-1,"footprintSource":"Microsoft Global ML Building Footprints","footprintMethod":"AI detected from imagery; not surveyed","heightMethod":"No supplied height"},"geometry":{"type":"Polygon","coordinates":[[[-100.45475229396592,20.701913296411107],[-100.45481912691041,20.701909690967568],[-100.45481666015357,20.7018696796397],[-100.4547498272091,20.70187328508419],[-100.45475229396592,20.701913296411107]]]},"id":"microsoft-023310003-259334"},{"type":"Feature","properties":{"height":-1,"confidence":-1,"footprintSource":"Microsoft Global ML Building Footprints","footprintMethod":"AI detected from imagery; not surveyed","heightMethod":"No supplied height"},"geometry":{"type":"Polygon","coordinates":[[[-100.44165363346475,20.717517428582426],[-100.44161342950325,20.717527192832975],[-100.44162387161559,20.717564797035052],[-100.44166407557708,20.717555032786947],[-100.44165363346475,20.717517428582426]]]},"id":"microsoft-023310003-260644"},{"type":"Feature","properties":{"height":-1,"confidence":-1,"footprintSource":"Microsoft Global ML Building Footprints","footprintMethod":"AI detected from imagery; not surveyed","heightMethod":"No supplied height"},"geometry":{"type":"Polygon","coordinates":[[[-100.4497132842768,20.698542736208836],[-100.44974824445798,20.698645207476446],[-100.44987367646996,20.698607759915916],[-100.44983872324693,20.69850528654564],[-100.4497132842768,20.698542736208836]]]},"id":"microsoft-023310003-260682"},{"type":"Feature","properties":{"height":-1,"confidence":-1,"footprintSource":"Microsoft Global ML Building Footprints","footprintMethod":"AI detected from imagery; not surveyed","heightMethod":"No supplied height"},"geometry":{"type":"Polygon","coordinates":[[[-100.4528134117648,20.701095082416813],[-100.45274845996063,20.700889757031106],[-100.45265967484268,20.700914333469058],[-100.45268156870925,20.700983544293067],[-100.45269997079531,20.700978450449625],[-100.45272331917408,20.701052276702114],[-100.45270358877215,20.70105773823127],[-100.45272328896675,20.701120029101602],[-100.4528134117648,20.701095082416813]]]},"id":"microsoft-023310003-260703"},{"type":"Feature","properties":{"height":-1,"confidence":-1,"footprintSource":"Microsoft Global ML Building Footprints","footprintMethod":"AI detected from imagery; not surveyed","heightMethod":"No supplied height"},"geometry":{"type":"Polygon","coordinates":[[[-100.45441888958436,20.700072665183598],[-100.45452209040971,20.70007428001516],[-100.45452307718952,20.7000190962317],[-100.45441987223656,20.700017481334967],[-100.45441888958436,20.700072665183598]]]},"id":"microsoft-023310003-260712"},{"type":"Feature","properties":{"height":-1,"confidence":-1,"footprintSource":"Microsoft Global ML Building Footprints","footprintMethod":"AI detected from imagery; not surveyed","heightMethod":"No supplied height"},"geometry":{"type":"Polygon","coordinates":[[[-100.45019025505778,20.697653586160342],[-100.45013163650621,20.697649115063257],[-100.4501278503887,20.697692515236326],[-100.45018646860767,20.697696990144607],[-100.45019025505778,20.697653586160342]]]},"id":"microsoft-023310003-261966"},{"type":"Feature","properties":{"height":-1,"confidence":-1,"footprintSource":"Microsoft Global ML Building Footprints","footprintMethod":"AI detected from imagery; not surveyed","heightMethod":"No supplied height"},"geometry":{"type":"Polygon","coordinates":[[[-100.45268227888646,20.700979332940733],[-100.45264650184495,20.700986783890656],[-100.45263086377558,20.70092109839564],[-100.452533756105,20.700941328466826],[-100.45255936619986,20.70104890001309],[-100.45269225038066,20.701021216776752],[-100.45268227888646,20.700979332940733]]]},"id":"microsoft-023310003-261979"},{"type":"Feature","properties":{"height":-1,"confidence":-1,"footprintSource":"Microsoft Global ML Building Footprints","footprintMethod":"AI detected from imagery; not surveyed","heightMethod":"No supplied height"},"geometry":{"type":"Polygon","coordinates":[[[-100.45526487781078,20.70342499356346],[-100.4552206449664,20.703312214768147],[-100.45518045681428,20.7033260069163],[-100.45515751079208,20.703267502291368],[-100.45504024521051,20.703307738927975],[-100.45505798703898,20.703352983233472],[-100.45501070578996,20.70336920965282],[-100.45505926702128,20.703493047944292],[-100.45510325789162,20.703477950760103],[-100.4551466234253,20.703588518086377],[-100.45519390360428,20.70357229205773],[-100.45515140538126,20.703463936067166],[-100.45526487781078,20.70342499356346]]]},"id":"microsoft-023310003-261994"},{"type":"Feature","properties":{"height":-1,"confidence":-1,"footprintSource":"Microsoft Global ML Building Footprints","footprintMethod":"AI detected from imagery; not surveyed","heightMethod":"No supplied height"},"geometry":{"type":"Polygon","coordinates":[[[-100.4369634049387,20.71923400409058],[-100.43695950254946,20.719198357299405],[-100.43691437778132,20.719202676006006],[-100.43691828049059,20.719238325719488],[-100.4369634049387,20.71923400409058]]]},"id":"microsoft-023310003-263264"},{"type":"Feature","properties":{"height":-1,"confidence":-1,"footprintSource":"Microsoft Global ML Building Footprints","footprintMethod":"AI detected from imagery; not surveyed","heightMethod":"No supplied height"},"geometry":{"type":"Polygon","coordinates":[[[-100.45013013396948,20.70291318225948],[-100.45015492787216,20.702935755042517],[-100.45011013563837,20.702978805847366],[-100.45021399520394,20.703073368066384],[-100.45030437522358,20.70298650812191],[-100.45017571478466,20.70286937351257],[-100.45013013396948,20.70291318225948]]]},"id":"microsoft-023310003-263325"},{"type":"Feature","properties":{"height":-1,"confidence":-1,"footprintSource":"Microsoft Global ML Building Footprints","footprintMethod":"AI detected from imagery; not surveyed","heightMethod":"No supplied height"},"geometry":{"type":"Polygon","coordinates":[[[-100.4505572667267,20.699237300530328],[-100.45059943819132,20.69923788310244],[-100.45061090123755,20.69927297506804],[-100.45064375533923,20.699263586003866],[-100.4506979579582,20.699264334778633],[-100.4506643830271,20.69916152784971],[-100.45066536478183,20.69909933903405],[-100.45077345955006,20.69906844761114],[-100.45075268725624,20.69900484247043],[-100.4507536766725,20.698942168273405],[-100.45073485622586,20.698884539677337],[-100.45071554829883,20.698884271685813],[-100.45062004936888,20.698911563491862],[-100.45061927049377,20.69896090105202],[-100.45056138840025,20.69897744645239],[-100.4505572667267,20.699237300530328]]]},"id":"microsoft-023310003-263330"},{"type":"Feature","properties":{"height":-1,"confidence":-1,"footprintSource":"Microsoft Global ML Building Footprints","footprintMethod":"AI detected from imagery; not surveyed","heightMethod":"No supplied height"},"geometry":{"type":"Polygon","coordinates":[[[-100.45201951102975,20.697177471634575],[-100.45193567564185,20.697204614024514],[-100.45196099322308,20.697273045054004],[-100.45204482679752,20.69724589777472],[-100.45201951102975,20.697177471634575]]]},"id":"microsoft-023310003-263338"},{"type":"Feature","properties":{"height":-1,"confidence":-1,"footprintSource":"Microsoft Global ML Building Footprints","footprintMethod":"AI detected from imagery; not surveyed","heightMethod":"No supplied height"},"geometry":{"type":"Polygon","coordinates":[[[-100.45221165637659,20.69689704542182],[-100.45216272711002,20.696799406755474],[-100.45210648471206,20.696824074492184],[-100.45215541845435,20.69692170749761],[-100.45221165637659,20.69689704542182]]]},"id":"microsoft-023310003-263339"},{"type":"Feature","properties":{"height":-1,"confidence":-1,"footprintSource":"Microsoft Global ML Building Footprints","footprintMethod":"AI detected from imagery; not surveyed","heightMethod":"No supplied height"},"geometry":{"type":"Polygon","coordinates":[[[-100.45391664621135,20.702664012040245],[-100.45390780588352,20.702617821875137],[-100.45383655639915,20.702629758756103],[-100.45384540007552,20.702675948356557],[-100.45391664621135,20.702664012040245]]]},"id":"microsoft-023310003-263348"},{"type":"Feature","properties":{"height":-1,"confidence":-1,"footprintSource":"Microsoft Global ML Building Footprints","footprintMethod":"AI detected from imagery; not surveyed","heightMethod":"No supplied height"},"geometry":{"type":"Polygon","coordinates":[[[-100.45513367825322,20.699870726263768],[-100.45511749233275,20.7000171954663],[-100.45518914627692,20.70002412440796],[-100.45519490736727,20.699971991320567],[-100.45517898426856,20.69997045155526],[-100.4551894090987,20.699876115445818],[-100.45513367825322,20.699870726263768]]]},"id":"microsoft-023310003-263358"},{"type":"Feature","properties":{"height":-1,"confidence":-1,"footprintSource":"Microsoft Global ML Building Footprints","footprintMethod":"AI detected from imagery; not surveyed","heightMethod":"No supplied height"},"geometry":{"type":"Polygon","coordinates":[[[-100.45767258927867,20.701373387170193],[-100.45759540659405,20.70116507010019],[-100.45760498487846,20.70116196474416],[-100.4574273817117,20.70068261038945],[-100.4572908911588,20.70072686184669],[-100.45732193025202,20.700810637039652],[-100.45722854400132,20.7008409197867],[-100.45724231863812,20.700878097811085],[-100.45717416019231,20.70090019536157],[-100.45719989239198,20.700969633034276],[-100.4573039647662,20.700935891895526],[-100.45736703878805,20.701106129779816],[-100.45722575909294,20.701151933791593],[-100.45730128193486,20.701355770945284],[-100.4573348059303,20.701344902212597],[-100.45737215239062,20.701445700711034],[-100.45751343208573,20.70139989678802],[-100.45752173129912,20.701422296451994],[-100.45767258927867,20.701373387170193]]]},"id":"microsoft-023310003-263368"},{"type":"Feature","properties":{"height":-1,"confidence":-1,"footprintSource":"Microsoft Global ML Building Footprints","footprintMethod":"AI detected from imagery; not surveyed","heightMethod":"No supplied height"},"geometry":{"type":"Polygon","coordinates":[[[-100.43693676560139,20.711149950745607],[-100.43696341747737,20.71119196451197],[-100.43702583704413,20.711157324559764],[-100.43699918557624,20.71111530647096],[-100.43693676560139,20.711149950745607]]]},"id":"microsoft-023310003-264686"},{"type":"Feature","properties":{"height":-1,"confidence":-1,"footprintSource":"Microsoft Global ML Building Footprints","footprintMethod":"AI detected from imagery; not surveyed","heightMethod":"No supplied height"},"geometry":{"type":"Polygon","coordinates":[[[-100.44833328414882,20.696228443077004],[-100.44827345446377,20.696238314378377],[-100.44829151458829,20.69633410435887],[-100.4483513449896,20.696324236862765],[-100.44833328414882,20.696228443077004]]]},"id":"microsoft-023310003-264727"},{"type":"Feature","properties":{"height":-1,"confidence":-1,"footprintSource":"Microsoft Global ML Building Footprints","footprintMethod":"AI detected from imagery; not surveyed","heightMethod":"No supplied height"},"geometry":{"type":"Polygon","coordinates":[[[-100.44943931453466,20.700015381562864],[-100.44932452361562,20.70004903565632],[-100.449365849208,20.700172408883702],[-100.44948064012705,20.700138754817615],[-100.44943931453466,20.700015381562864]]]},"id":"microsoft-023310003-264736"},{"type":"Feature","properties":{"height":-1,"confidence":-1,"footprintSource":"Microsoft Global ML Building Footprints","footprintMethod":"AI detected from imagery; not surveyed","heightMethod":"No supplied height"},"geometry":{"type":"Polygon","coordinates":[[[-100.44968547234485,20.702946253380617],[-100.4496933831422,20.70300656751057],[-100.44979115397808,20.702995352977396],[-100.44978324235362,20.7029350325369],[-100.44968547234485,20.702946253380617]]]},"id":"microsoft-023310003-264739"},{"type":"Feature","properties":{"height":-1,"confidence":-1,"footprintSource":"Microsoft Global ML Building Footprints","footprintMethod":"AI detected from imagery; not surveyed","heightMethod":"No supplied height"},"geometry":{"type":"Polygon","coordinates":[[[-100.45017341590084,20.699171531577107],[-100.45021270553538,20.699156804985606],[-100.45018639304818,20.69909537531828],[-100.45011587368177,20.699121812104835],[-100.45014867173076,20.699198369706878],[-100.45010594127201,20.699214385988114],[-100.45014260105178,20.699299972580988],[-100.45021655622386,20.699272247788343],[-100.45017341590084,20.699171531577107]]]},"id":"microsoft-023310003-264744"},{"type":"Feature","properties":{"height":-1,"confidence":-1,"footprintSource":"Microsoft Global ML Building Footprints","footprintMethod":"AI detected from imagery; not surveyed","heightMethod":"No supplied height"},"geometry":{"type":"Polygon","coordinates":[[[-100.4512045539298,20.700536438948816],[-100.4512690407327,20.700742045520116],[-100.45134181738781,20.70072207186095],[-100.45127734474924,20.70051646137513],[-100.4512045539298,20.700536438948816]]]},"id":"microsoft-023310003-264750"},{"type":"Feature","properties":{"height":-1,"confidence":-1,"footprintSource":"Microsoft Global ML Building Footprints","footprintMethod":"AI detected from imagery; not surveyed","heightMethod":"No supplied height"},"geometry":{"type":"Polygon","coordinates":[[[-100.45191082067231,20.697325044788627],[-100.45198262004236,20.697472616658146],[-100.45196138090824,20.69748166087426],[-100.45197600604016,20.697511715801255],[-100.45206265923503,20.697474822129507],[-100.45197622330042,20.6972971944936],[-100.45191082067231,20.697325044788627]]]},"id":"microsoft-023310003-264753"},{"type":"Feature","properties":{"height":-1,"confidence":-1,"footprintSource":"Microsoft Global ML Building Footprints","footprintMethod":"AI detected from imagery; not surveyed","heightMethod":"No supplied height"},"geometry":{"type":"Polygon","coordinates":[[[-100.45246155015938,20.699617737675155],[-100.4524310038399,20.699523535601628],[-100.4523376695636,20.699550025357723],[-100.45235629536816,20.699607465643382],[-100.45240787483664,20.699592826573763],[-100.45243395096306,20.69967324294491],[-100.45250026742254,20.699654421291868],[-100.45248611181106,20.69961076669027],[-100.45246155015938,20.699617737675155]]]},"id":"microsoft-023310003-264754"},{"type":"Feature","properties":{"height":-1,"confidence":-1,"footprintSource":"Microsoft Global ML Building Footprints","footprintMethod":"AI detected from imagery; not surveyed","heightMethod":"No supplied height"},"geometry":{"type":"Polygon","coordinates":[[[-100.45401715131469,20.70218367600664],[-100.45409695253346,20.70256029197556],[-100.45419244406143,20.70254259317764],[-100.45421622128563,20.70265480786658],[-100.45425493355049,20.702647630244286],[-100.45427641820723,20.7027490252796],[-100.45436265006572,20.702733037081885],[-100.4542838997566,20.70236124995239],[-100.454352490192,20.702348532608042],[-100.4543258901408,20.702222995556056],[-100.45430892578527,20.702226140917844],[-100.45431584022484,20.702258784660273],[-100.45428893267109,20.702263771828015],[-100.45426233226483,20.702138233030126],[-100.45401715131469,20.70218367600664]]]},"id":"microsoft-023310003-264762"},{"type":"Feature","properties":{"height":-1,"confidence":-1,"footprintSource":"Microsoft Global ML Building Footprints","footprintMethod":"AI detected from imagery; not surveyed","heightMethod":"No supplied height"},"geometry":{"type":"Polygon","coordinates":[[[-100.45736221668389,20.703829040743457],[-100.45743929763071,20.703798186996195],[-100.4574169850424,20.703749411358302],[-100.45726962440877,20.703808396476845],[-100.45733617444824,20.703953875714078],[-100.45740645591417,20.703925748268816],[-100.45736221668389,20.703829040743457]]]},"id":"microsoft-023310003-264778"},{"type":"Feature","properties":{"height":-1,"confidence":-1,"footprintSource":"Microsoft Global ML Building Footprints","footprintMethod":"AI detected from imagery; not surveyed","heightMethod":"No supplied height"},"geometry":{"type":"Polygon","coordinates":[[[-100.45153923464908,20.699396789609565],[-100.45156722302453,20.699536009344527],[-100.4516980414578,20.699512995756308],[-100.45170730131736,20.69955903897896],[-100.45178631725581,20.6995451384919],[-100.451772454307,20.69947618145295],[-100.45182296054044,20.699467293082932],[-100.45179713073442,20.699338858245653],[-100.45159766046343,20.69937396216855],[-100.45160009723759,20.699386078664475],[-100.45153923464908,20.699396789609565]]]},"id":"microsoft-023310003-266133"},{"type":"Feature","properties":{"height":-1,"confidence":-1,"footprintSource":"Microsoft Global ML Building Footprints","footprintMethod":"AI detected from imagery; not surveyed","heightMethod":"No supplied height"},"geometry":{"type":"Polygon","coordinates":[[[-100.45313360284273,20.699179021885556],[-100.45313668177603,20.699135749441353],[-100.45318838241192,20.699125367979377],[-100.45318887498082,20.69911844523591],[-100.45316844409537,20.699029409302682],[-100.45311765104672,20.699026246777834],[-100.45312227225244,20.698961298608126],[-100.45310015581092,20.698959921572722],[-100.45304105963385,20.69897178806856],[-100.45303931706822,20.69899627874524],[-100.45297616272201,20.698992346568716],[-100.45292623067648,20.69900237290743],[-100.45292893854362,20.698964315518083],[-100.45285149755715,20.698959493812026],[-100.45284261062307,20.699084394115104],[-100.45289868857878,20.699087885692506],[-100.45289587935979,20.699127367487137],[-100.45291768141304,20.699222378781172],[-100.45313360284273,20.699179021885556]]]},"id":"microsoft-023310003-266145"},{"type":"Feature","properties":{"height":-1,"confidence":-1,"footprintSource":"Microsoft Global ML Building Footprints","footprintMethod":"AI detected from imagery; not surveyed","heightMethod":"No supplied height"},"geometry":{"type":"Polygon","coordinates":[[[-100.45742266841228,20.695384831696217],[-100.45726479205048,20.695319494186563],[-100.45719829371161,20.695460085587257],[-100.45735617887028,20.69552542667691],[-100.45742266841228,20.695384831696217]]]},"id":"microsoft-023310003-266159"},{"type":"Feature","properties":{"height":-1,"confidence":-1,"footprintSource":"Microsoft Global ML Building Footprints","footprintMethod":"AI detected from imagery; not surveyed","heightMethod":"No supplied height"},"geometry":{"type":"Polygon","coordinates":[[[-100.44811609107465,20.697166815874937],[-100.44798649195968,20.6971982531347],[-100.4480129856184,20.697293803787773],[-100.44809089272539,20.697274900530886],[-100.44810653718618,20.697331323009053],[-100.44803004439991,20.69734988309054],[-100.44805048004389,20.69742360504658],[-100.44817865416024,20.69739251349938],[-100.44811609107465,20.697166815874937]]]},"id":"microsoft-023310003-267426"},{"type":"Feature","properties":{"height":-1,"confidence":-1,"footprintSource":"Microsoft Global ML Building Footprints","footprintMethod":"AI detected from imagery; not surveyed","heightMethod":"No supplied height"},"geometry":{"type":"Polygon","coordinates":[[[-100.44843256555636,20.6983767531229],[-100.4483478331242,20.698393495607164],[-100.44838382744165,20.69855290295247],[-100.44835301521208,20.69855898919056],[-100.44838772641357,20.698712713860033],[-100.44850327227445,20.698689890489092],[-100.44843256555636,20.6983767531229]]]},"id":"microsoft-023310003-267429"},{"type":"Feature","properties":{"height":-1,"confidence":-1,"footprintSource":"Microsoft Global ML Building Footprints","footprintMethod":"AI detected from imagery; not surveyed","heightMethod":"No supplied height"},"geometry":{"type":"Polygon","coordinates":[[[-100.4491970841969,20.704415007150743],[-100.44918189412971,20.704286106258323],[-100.44905999374775,20.70429867580731],[-100.44907518381494,20.70442757668907],[-100.4491970841969,20.704415007150743]]]},"id":"microsoft-023310003-267437"},{"type":"Feature","properties":{"height":-1,"confidence":-1,"footprintSource":"Microsoft Global ML Building Footprints","footprintMethod":"AI detected from imagery; not surveyed","heightMethod":"No supplied height"},"geometry":{"type":"Polygon","coordinates":[[[-100.45124316718415,20.700385532139478],[-100.45126194248556,20.700436023677767],[-100.45133133085363,20.700413445535148],[-100.4513125570592,20.700362958041964],[-100.45124316718415,20.700385532139478]]]},"id":"microsoft-023310003-267450"},{"type":"Feature","properties":{"height":-1,"confidence":-1,"footprintSource":"Microsoft Global ML Building Footprints","footprintMethod":"AI detected from imagery; not surveyed","heightMethod":"No supplied height"},"geometry":{"type":"Polygon","coordinates":[[[-100.45364979458923,20.69733971736001],[-100.45354775263388,20.697297641260448],[-100.45348686289162,20.697426843288767],[-100.45358891030487,20.697468928284252],[-100.45364979458923,20.69733971736001]]]},"id":"microsoft-023310003-267467"},{"type":"Feature","properties":{"height":-1,"confidence":-1,"footprintSource":"Microsoft Global ML Building Footprints","footprintMethod":"AI detected from imagery; not surveyed","heightMethod":"No supplied height"},"geometry":{"type":"Polygon","coordinates":[[[-100.45548804733988,20.718211127104468],[-100.4554456150174,20.718219021430272],[-100.45545587918703,20.718267286920323],[-100.45549831498363,20.71825939195068],[-100.45548804733988,20.718211127104468]]]},"id":"microsoft-023310003-267476"},{"type":"Feature","properties":{"height":-1,"confidence":-1,"footprintSource":"Microsoft Global ML Building Footprints","footprintMethod":"AI detected from imagery; not surveyed","heightMethod":"No supplied height"},"geometry":{"type":"Polygon","coordinates":[[[-100.44205663351944,20.694961569716057],[-100.44203676848153,20.69490214323727],[-100.44205965905375,20.694895447000704],[-100.44207188618475,20.6949320164168],[-100.44210518870094,20.694922274349906],[-100.44207883781762,20.694843445367994],[-100.44127745594801,20.69507792799203],[-100.44130149873472,20.695149852165827],[-100.44137724060435,20.695127695241524],[-100.4413871731233,20.69515740843964],[-100.44205663351944,20.694961569716057]]]},"id":"microsoft-023310003-268728"},{"type":"Feature","properties":{"height":-1,"confidence":-1,"footprintSource":"Microsoft Global ML Building Footprints","footprintMethod":"AI detected from imagery; not surveyed","heightMethod":"No supplied height"},"geometry":{"type":"Polygon","coordinates":[[[-100.4488235342034,20.699815596431833],[-100.448858022268,20.699932116881314],[-100.44902991719833,20.69988759577211],[-100.44904854075321,20.699950516796065],[-100.44915068121905,20.699924062228718],[-100.44912584981256,20.69984016750965],[-100.4490635690407,20.699856298352884],[-100.44903528882773,20.69976075154314],[-100.4488235342034,20.699815596431833]]]},"id":"microsoft-023310003-268763"},{"type":"Feature","properties":{"height":-1,"confidence":-1,"footprintSource":"Microsoft Global ML Building Footprints","footprintMethod":"AI detected from imagery; not surveyed","heightMethod":"No supplied height"},"geometry":{"type":"Polygon","coordinates":[[[-100.44886993862674,20.700894530298527],[-100.44886205348377,20.701019547135445],[-100.44899714153702,20.70102700282736],[-100.44900501735876,20.700901985482147],[-100.44886993862674,20.700894530298527]]]},"id":"microsoft-023310003-268764"},{"type":"Feature","properties":{"height":-1,"confidence":-1,"footprintSource":"Microsoft Global ML Building Footprints","footprintMethod":"AI detected from imagery; not surveyed","heightMethod":"No supplied height"},"geometry":{"type":"Polygon","coordinates":[[[-100.44953228254225,20.70071672353035],[-100.44941104616571,20.70075367997468],[-100.44945876654279,20.700890666481058],[-100.449580005419,20.700853717245664],[-100.44953228254225,20.70071672353035]]]},"id":"microsoft-023310003-268770"},{"type":"Feature","properties":{"height":-1,"confidence":-1,"footprintSource":"Microsoft Global ML Building Footprints","footprintMethod":"AI detected from imagery; not surveyed","heightMethod":"No supplied height"},"geometry":{"type":"Polygon","coordinates":[[[-100.45278723789586,20.697248728860913],[-100.45276370025147,20.69721576217809],[-100.4527228947617,20.697241257342853],[-100.45266590888582,20.697161443252384],[-100.45256655438688,20.69722351970178],[-100.45259133264997,20.697258220349482],[-100.45251077023966,20.697308555517424],[-100.45256651729217,20.697386634443674],[-100.45278723789586,20.697248728860913]]]},"id":"microsoft-023310003-268787"},{"type":"Feature","properties":{"height":-1,"confidence":-1,"footprintSource":"Microsoft Global ML Building Footprints","footprintMethod":"AI detected from imagery; not surveyed","heightMethod":"No supplied height"},"geometry":{"type":"Polygon","coordinates":[[[-100.43627199727158,20.697655474716072],[-100.43633636201355,20.69765479203771],[-100.43633566264161,20.697597090254575],[-100.43627129789961,20.697597772933165],[-100.43627199727158,20.697655474716072]]]},"id":"microsoft-023310003-270112"},{"type":"Feature","properties":{"height":-1,"confidence":-1,"footprintSource":"Microsoft Global ML Building Footprints","footprintMethod":"AI detected from imagery; not surveyed","heightMethod":"No supplied height"},"geometry":{"type":"Polygon","coordinates":[[[-100.44062755050354,20.71590379078752],[-100.44050015969171,20.715909870267325],[-100.44050439685387,20.71598744062166],[-100.44063178187642,20.71598136142123],[-100.44062755050354,20.71590379078752]]]},"id":"microsoft-023310003-270129"},{"type":"Feature","properties":{"height":-1,"confidence":-1,"footprintSource":"Microsoft Global ML Building Footprints","footprintMethod":"AI detected from imagery; not surveyed","heightMethod":"No supplied height"},"geometry":{"type":"Polygon","coordinates":[[[-100.44871681373263,20.69779034467784],[-100.44875441607917,20.697885190121056],[-100.44888645806313,20.697839380315386],[-100.44884885571658,20.697744534843523],[-100.44871681373263,20.69779034467784]]]},"id":"microsoft-023310003-270172"},{"type":"Feature","properties":{"height":-1,"confidence":-1,"footprintSource":"Microsoft Global ML Building Footprints","footprintMethod":"AI detected from imagery; not surveyed","heightMethod":"No supplied height"},"geometry":{"type":"Polygon","coordinates":[[[-100.44899423715499,20.700490184625693],[-100.44894322265604,20.70050907532179],[-100.44900105215817,20.700645730989407],[-100.44907989274742,20.70061653630256],[-100.44903675010299,20.70051458682829],[-100.44900892401267,20.700524890842985],[-100.44899423715499,20.700490184625693]]]},"id":"microsoft-023310003-270175"},{"type":"Feature","properties":{"height":-1,"confidence":-1,"footprintSource":"Microsoft Global ML Building Footprints","footprintMethod":"AI detected from imagery; not surveyed","heightMethod":"No supplied height"},"geometry":{"type":"Polygon","coordinates":[[[-100.45001869032032,20.703882434927493],[-100.44988877634277,20.704048274087327],[-100.44998999371568,20.704117654425673],[-100.45011990431586,20.703951819653042],[-100.45001869032032,20.703882434927493]]]},"id":"microsoft-023310003-270185"},{"type":"Feature","properties":{"height":-1,"confidence":-1,"footprintSource":"Microsoft Global ML Building Footprints","footprintMethod":"AI detected from imagery; not surveyed","heightMethod":"No supplied height"},"geometry":{"type":"Polygon","coordinates":[[[-100.45113419884063,20.694572580870258],[-100.45105926250474,20.694569288740936],[-100.45106210262348,20.694512798671653],[-100.45102826911165,20.694511310070197],[-100.45103053145233,20.69446624495157],[-100.45092520130449,20.694461610651118],[-100.45092381670709,20.69448915035781],[-100.45085786585734,20.694486248662415],[-100.45084761381149,20.694690466073737],[-100.45089043471532,20.694692347295188],[-100.45088226512492,20.69485508267377],[-100.45107397464973,20.694863504907687],[-100.45108134612984,20.694716886130223],[-100.45112684304146,20.694718887893345],[-100.45113419884063,20.694572580870258]]]},"id":"microsoft-023310003-270192"},{"type":"Feature","properties":{"height":-1,"confidence":-1,"footprintSource":"Microsoft Global ML Building Footprints","footprintMethod":"AI detected from imagery; not surveyed","heightMethod":"No supplied height"},"geometry":{"type":"Polygon","coordinates":[[[-100.451466010575,20.701277673305256],[-100.45150194817963,20.701412293333604],[-100.45161051305095,20.70138693290872],[-100.45157457544634,20.70125231285786],[-100.451466010575,20.701277673305256]]]},"id":"microsoft-023310003-270194"},{"type":"Feature","properties":{"height":-1,"confidence":-1,"footprintSource":"Microsoft Global ML Building Footprints","footprintMethod":"AI detected from imagery; not surveyed","heightMethod":"No supplied height"},"geometry":{"type":"Polygon","coordinates":[[[-100.45298662305616,20.701570323196407],[-100.45295041333127,20.701536372959907],[-100.45290202193179,20.701581535390233],[-100.45280610924121,20.701491607645693],[-100.4528370270506,20.701462754869652],[-100.45280687517257,20.701434484450573],[-100.45273294386784,20.70150348264896],[-100.45289521707943,20.701655629978845],[-100.45298662305616,20.701570323196407]]]},"id":"microsoft-023310003-270205"},{"type":"Feature","properties":{"height":-1,"confidence":-1,"footprintSource":"Microsoft Global ML Building Footprints","footprintMethod":"AI detected from imagery; not surveyed","heightMethod":"No supplied height"},"geometry":{"type":"Polygon","coordinates":[[[-100.44163144373866,20.699396166632965],[-100.44166200810649,20.699483455813933],[-100.4417165002507,20.69946675566254],[-100.44168593111333,20.69937947150099],[-100.44163144373866,20.699396166632965]]]},"id":"microsoft-023310003-271490"},{"type":"Feature","properties":{"height":-1,"confidence":-1,"footprintSource":"Microsoft Global ML Building Footprints","footprintMethod":"AI detected from imagery; not surveyed","heightMethod":"No supplied height"},"geometry":{"type":"Polygon","coordinates":[[[-100.44809563779638,20.6952397721994],[-100.44801725222241,20.695221696899182],[-100.44799107390979,20.695321043975213],[-100.44806945948379,20.695339119263593],[-100.44809563779638,20.6952397721994]]]},"id":"microsoft-023310003-271524"},{"type":"Feature","properties":{"height":-1,"confidence":-1,"footprintSource":"Microsoft Global ML Building Footprints","footprintMethod":"AI detected from imagery; not surveyed","heightMethod":"No supplied height"},"geometry":{"type":"Polygon","coordinates":[[[-100.44987742596008,20.703561161631015],[-100.44992942439062,20.703591643630233],[-100.44995718314381,20.703550209150805],[-100.44990518471329,20.703519727143274],[-100.44987742596008,20.703561161631015]]]},"id":"microsoft-023310003-271534"},{"type":"Feature","properties":{"height":-1,"confidence":-1,"footprintSource":"Microsoft Global ML Building Footprints","footprintMethod":"AI detected from imagery; not surveyed","heightMethod":"No supplied height"},"geometry":{"type":"Polygon","coordinates":[[[-100.45442280300819,20.701547814681575],[-100.45440801275464,20.7013808560134],[-100.45437870967667,20.701383127485215],[-100.45438091717722,20.70140804670072],[-100.45425837703307,20.701417545580867],[-100.45426092009234,20.701446252721027],[-100.45421416384627,20.701449874038474],[-100.45422419538744,20.70156321002999],[-100.45442280300819,20.701547814681575]]]},"id":"microsoft-023310003-271569"},{"type":"Feature","properties":{"height":-1,"confidence":-1,"footprintSource":"Microsoft Global ML Building Footprints","footprintMethod":"AI detected from imagery; not surveyed","heightMethod":"No supplied height"},"geometry":{"type":"Polygon","coordinates":[[[-100.45450549797853,20.70528763867142],[-100.45449779985132,20.70525143645456],[-100.45444361717063,20.705261517739046],[-100.45445131529783,20.705297719953492],[-100.45450549797853,20.70528763867142]]]},"id":"microsoft-023310003-271570"},{"type":"Feature","properties":{"height":-1,"confidence":-1,"footprintSource":"Microsoft Global ML Building Footprints","footprintMethod":"AI detected from imagery; not surveyed","heightMethod":"No supplied height"},"geometry":{"type":"Polygon","coordinates":[[[-100.45675545930862,20.699480516915145],[-100.45681983232498,20.699462866358274],[-100.45681983232498,20.699494011743667],[-100.45663604205153,20.69954441755712],[-100.45670778251775,20.69977337130038],[-100.45673058162787,20.69977337130038],[-100.45681293850983,20.699750789757232],[-100.45684554608911,20.699750789757232],[-100.4568523781029,20.699772593547294],[-100.45697093802542,20.69974008544301],[-100.45695394277573,20.69968584653364],[-100.45695394277573,20.699698663102225],[-100.45691208807546,20.69956511916388],[-100.45683324337006,20.69956511916388],[-100.45683324337006,20.69951242881895],[-100.45689761638641,20.69951242881895],[-100.45689761638641,20.699488965349772],[-100.4568774517613,20.699424611536713],[-100.45685331188017,20.699424611536713],[-100.45685802902379,20.699439665931564],[-100.45678548621585,20.699439665931564],[-100.45675545930862,20.699447899066527],[-100.45675545930862,20.699480516915145]]]},"id":"microsoft-023310003-271580"}]}